soil_moisture_pct,delta_t_celsius,wind_speed_kmh,rain_prob_next_48h,crop_stage_sensitivity,target_readiness
51.27,6.2,10.52,27.82,0.2,1
40.06,4.39,4.18,45.35,1.0,0
57.56,4.15,10.73,15.19,0.2,1
48.98,4.15,1.0,16.36,0.2,1
43.44,10.34,1.78,50.92,1.0,0
48.04,7.11,5.06,23.03,0.2,1
58.33,3.6,7.27,47.08,0.85,0
59.75,6.35,3.94,26.78,0.2,1
51.56,5.43,14.03,59.95,0.2,0
46.66,1.25,3.37,44.79,0.5,0
52.92,2.53,1.98,1.63,0.2,1
61.81,5.64,1.0,44.06,0.85,0
42.97,9.83,9.92,43.39,0.5,0
60.07,4.17,10.09,36.17,0.2,1
35.91,3.44,4.57,52.68,0.5,0
60.14,5.05,5.7,41.0,0.5,1
41.13,3.32,13.84,40.11,0.85,1
28.91,4.01,17.21,41.46,0.2,0
39.91,4.71,6.58,40.15,0.85,1
32.36,2.45,8.08,52.6,0.2,0
38.8,7.3,2.53,45.49,0.2,0
42.87,2.18,15.56,24.13,0.2,1
36.33,2.01,11.42,22.8,0.85,0
60.21,5.3,2.75,8.84,1.0,1
38.69,7.01,10.32,16.28,0.2,1
58.58,5.22,3.19,4.53,0.85,1
56.76,4.45,13.05,7.39,0.3,1
25.43,3.99,3.71,18.67,0.2,0
43.1,3.62,8.5,2.14,0.2,1
47.13,8.17,12.36,34.95,0.2,1
60.55,5.67,4.51,4.36,0.85,1
52.92,3.79,3.13,44.71,0.2,0
54.1,3.16,13.33,47.14,0.5,0
45.26,6.58,12.91,13.33,0.85,1
17.87,8.07,6.72,43.64,0.5,0
60.62,7.69,4.97,32.26,0.2,0
49.25,2.84,18.44,1.04,0.3,0
46.07,3.97,11.22,16.58,0.85,1
62.15,3.58,9.47,7.28,0.3,1
56.34,4.27,5.82,19.78,0.5,1
55.71,7.27,7.1,1.56,0.85,1
37.68,9.37,6.73,20.51,0.85,0
33.96,5.78,20.47,48.76,0.3,0
42.65,3.23,3.81,29.68,0.2,1
65.62,4.66,8.05,4.25,0.5,1
48.02,10.27,1.95,13.33,0.2,0
45.67,4.99,9.26,55.73,0.3,0
24.44,4.0,15.49,51.83,0.2,0
28.25,4.19,21.86,38.23,0.2,0
51.69,5.77,6.34,21.06,0.5,1
61.27,2.9,4.66,55.85,0.2,0
48.05,3.53,10.8,20.97,0.2,1
50.23,7.64,6.32,14.54,1.0,1
52.0,5.68,3.14,11.75,1.0,1
57.11,5.01,4.87,29.96,0.85,1
46.46,7.83,1.31,49.36,1.0,0
18.53,3.11,16.88,37.69,0.85,0
63.06,3.93,7.24,24.7,0.3,1
53.4,5.59,13.83,4.95,0.2,1
49.17,5.48,11.39,8.86,1.0,1
54.97,1.89,4.68,10.51,0.85,1
56.78,3.71,7.51,17.05,1.0,1
57.81,4.33,8.2,10.3,0.85,1
58.35,5.91,11.32,2.79,1.0,1
38.48,5.47,18.77,6.69,1.0,0
40.99,4.55,4.64,61.85,0.5,0
47.57,1.25,7.62,44.16,0.2,0
39.9,4.68,4.82,13.48,0.85,1
61.9,4.91,14.96,4.1,0.2,1
30.76,12.5,12.9,41.54,0.3,0
37.96,4.25,14.99,5.13,0.5,1
42.92,5.6,13.7,11.5,0.2,1
20.5,8.5,1.49,5.95,0.5,0
24.69,7.05,5.73,4.91,0.2,0
39.15,9.56,6.94,73.02,0.5,0
50.35,1.9,14.38,60.16,0.2,0
62.86,2.57,15.76,2.79,1.0,1
39.14,3.39,8.55,44.96,0.5,0
33.58,1.7,24.69,25.36,0.3,0
25.78,4.94,9.41,15.99,0.85,0
30.86,2.69,9.11,62.8,0.3,0
58.55,10.2,9.51,9.95,0.2,0
58.56,2.95,12.94,52.22,0.3,0
52.13,3.94,7.25,15.52,1.0,1
27.41,7.27,17.76,24.18,0.2,0
46.4,2.16,9.7,1.4,0.2,1
47.06,1.62,7.99,2.55,1.0,0
31.86,5.26,5.45,18.42,0.2,1
29.44,5.48,7.12,8.24,0.3,1
58.77,7.16,11.47,4.45,0.2,1
48.91,6.28,22.55,3.04,0.5,0
39.36,5.59,10.2,34.36,0.2,1
44.87,3.16,9.51,43.2,1.0,0
46.66,5.4,6.24,33.82,0.3,1
21.15,5.58,18.44,18.92,0.85,0
54.09,3.09,10.71,43.51,0.3,0
55.9,11.67,15.66,28.58,0.5,0
31.8,6.13,2.48,21.11,0.2,1
34.91,2.59,13.53,38.79,0.5,0
40.72,7.18,5.68,5.44,0.85,1
34.87,7.81,20.77,29.26,0.3,0
25.54,5.94,3.93,32.83,1.0,0
25.78,4.12,3.29,4.73,0.2,0
47.04,3.01,6.81,36.63,0.85,1
40.16,4.55,6.22,31.2,0.85,0
37.97,5.72,24.66,26.49,0.85,0
36.98,4.78,10.88,22.53,0.85,1
38.31,9.78,13.84,54.43,1.0,0
39.55,6.62,3.87,11.22,0.85,1
34.3,2.81,28.05,8.61,0.5,0
58.31,2.43,16.18,8.28,0.5,0
60.9,6.16,20.14,19.44,0.2,0
59.97,4.18,5.04,68.32,1.0,0
32.48,6.92,6.53,25.67,0.85,1
34.37,6.13,16.38,28.28,1.0,0
43.07,4.56,7.2,2.21,1.0,1
36.76,2.83,1.01,50.43,1.0,0
39.81,1.75,19.46,14.94,1.0,0
50.45,5.34,4.59,65.52,0.85,0
38.59,2.14,1.04,49.57,0.5,0
52.63,2.76,6.24,16.97,0.2,1
43.45,5.17,11.91,0.91,0.5,1
66.14,4.91,11.03,17.35,0.5,1
45.41,2.31,4.77,50.97,1.0,0
41.98,8.27,8.5,21.11,0.2,0
45.28,8.15,11.83,10.88,0.85,1
24.41,6.26,10.05,19.07,0.5,0
26.27,6.26,12.72,6.22,1.0,0
40.33,6.26,8.11,8.71,0.85,1
33.75,12.5,7.45,69.53,0.85,0
45.67,7.78,2.29,6.0,0.2,1
27.91,6.71,17.19,40.31,0.5,0
42.38,2.97,16.69,35.79,0.3,0
16.95,4.15,8.01,1.43,1.0,0
31.93,12.5,15.03,41.54,0.85,0
51.75,1.31,10.88,10.79,0.2,0
30.37,3.6,5.54,23.74,0.5,1
50.25,8.29,4.44,46.99,0.2,0
32.24,3.09,2.15,34.9,0.5,1
51.35,6.8,11.48,11.36,1.0,1
49.72,4.87,5.96,6.8,1.0,1
47.39,3.21,17.38,7.88,0.2,0
43.47,1.14,15.82,16.15,0.5,0
26.87,5.27,12.57,19.18,0.5,0
31.28,2.93,10.73,52.96,1.0,0
25.7,4.45,18.76,6.68,1.0,0
60.68,6.23,15.54,48.62,0.5,0
36.71,7.46,5.67,7.1,0.3,1
21.76,3.59,5.61,19.17,0.5,0
25.32,3.21,1.32,27.37,0.5,0
52.45,2.12,8.84,11.02,1.0,0
29.0,7.65,8.34,42.43,1.0,0
63.36,12.5,5.5,34.02,0.2,0
46.57,8.07,21.68,12.62,0.85,0
21.66,9.0,9.59,9.61,0.2,0
45.04,3.1,4.04,52.05,0.5,0
52.45,6.04,15.52,8.98,0.2,1
42.81,7.13,8.18,11.26,0.5,1
40.6,0.8,13.3,5.23,1.0,0
31.59,2.51,7.05,14.67,0.5,1
41.02,10.58,2.63,46.91,0.5,0
51.38,1.86,26.13,64.54,1.0,0
42.26,9.73,15.15,15.56,0.2,0
27.62,1.86,5.1,4.84,0.85,0
55.85,2.58,15.27,22.07,0.2,1
25.61,6.09,14.57,41.37,0.3,0
44.67,4.94,14.39,30.98,0.85,1
41.18,3.79,5.48,30.88,0.85,1
52.22,10.37,4.13,2.2,1.0,0
39.53,2.15,9.17,23.61,0.2,1
43.1,4.36,12.3,50.78,0.5,0
34.61,6.5,8.66,6.66,1.0,1
46.99,5.54,7.88,60.63,0.85,0
44.17,3.27,8.45,10.53,0.5,1
34.64,3.34,20.62,1.12,0.85,0
47.11,7.4,18.63,12.25,1.0,0
52.72,7.58,19.49,78.69,0.5,0
41.29,5.62,6.21,15.13,0.85,1
31.95,2.86,1.46,33.16,0.2,1
51.77,3.41,22.88,45.96,0.85,0
54.39,4.69,2.44,4.96,0.3,1
63.67,5.07,19.59,7.92,1.0,0
47.31,6.37,8.97,8.38,0.5,1
48.71,4.23,10.14,20.21,0.3,1
43.73,7.31,2.84,25.13,0.85,1
38.11,7.27,18.42,51.65,1.0,0
44.55,9.16,4.03,14.82,0.3,0
24.66,4.81,16.75,14.65,0.2,0
27.01,5.67,4.68,23.61,0.85,0
43.66,4.41,4.57,44.66,0.85,0
62.89,2.88,3.99,34.12,0.85,1
43.94,12.5,4.13,1.3,0.5,0
60.24,8.56,11.65,67.57,0.5,0
48.13,7.19,1.0,12.7,0.85,1
19.11,4.72,14.31,5.99,0.2,0
28.89,2.73,12.74,0.53,0.2,1
49.2,7.86,7.79,14.83,0.85,1
30.79,4.37,15.15,49.41,0.5,0
39.35,5.94,12.15,11.91,0.5,1
40.04,3.4,22.22,28.53,0.5,0
53.76,5.43,11.44,30.74,1.0,1
32.37,3.52,10.94,18.02,0.85,0
47.71,3.6,3.24,12.6,0.2,1
30.94,5.4,17.15,45.23,0.85,0
48.81,1.84,10.88,59.66,1.0,0
30.02,1.9,8.59,34.19,0.85,1
38.34,3.08,1.0,7.72,0.2,1
46.44,4.2,8.99,53.38,0.2,0
44.82,7.43,10.24,17.11,0.2,0
42.96,4.34,12.41,37.46,0.85,1
45.38,4.7,4.32,16.62,1.0,1
52.53,4.02,3.08,10.07,0.85,1
58.79,5.66,10.03,11.49,0.2,1
45.85,2.87,15.46,42.79,1.0,0
42.43,4.47,11.15,24.9,0.5,1
40.24,5.9,13.53,38.99,0.5,1
38.39,5.37,7.02,66.87,0.2,0
54.64,4.78,4.78,38.05,0.5,1
44.71,4.82,5.71,6.35,0.2,1
56.46,6.21,4.89,59.96,1.0,0
48.03,12.5,17.99,18.82,0.2,0
24.03,2.98,18.85,16.75,0.85,0
47.04,12.5,10.13,26.47,0.2,0
39.43,2.9,11.18,60.85,0.2,0
50.7,1.04,16.79,53.21,0.5,0
25.94,3.48,6.43,15.21,0.5,0
57.36,5.72,5.72,38.89,0.2,1
28.87,11.72,17.29,36.8,0.2,0
59.98,2.73,4.6,44.29,0.2,0
24.45,6.19,31.5,39.39,0.85,0
63.0,2.03,14.26,28.61,0.2,0
53.99,11.51,16.87,65.02,1.0,0
30.79,8.65,5.7,31.8,0.2,0
45.57,3.6,15.72,60.98,0.85,0
32.55,9.36,7.03,38.7,0.5,0
35.19,4.45,7.96,5.07,0.2,1
21.76,8.88,11.24,32.57,0.85,0
28.81,4.76,20.81,27.51,0.3,0
23.35,4.88,9.55,44.56,0.3,0
47.6,3.65,10.58,9.2,0.85,1
64.13,6.61,17.54,26.99,0.2,0
58.95,5.08,5.23,25.43,0.3,1
56.41,6.26,8.69,1.68,0.85,1
45.58,1.72,16.63,18.32,1.0,0
51.56,9.04,15.1,42.06,0.85,0
63.1,10.21,2.33,21.12,0.85,0
55.99,5.07,2.27,12.04,0.85,1
43.92,12.5,16.18,31.65,0.2,0
42.75,11.14,5.62,46.25,0.2,0
51.67,6.69,6.92,35.94,0.2,1
45.43,9.42,11.79,5.29,0.3,0
61.96,8.17,11.52,25.57,0.5,0
32.25,1.43,12.28,78.09,0.5,0
33.86,4.07,2.91,42.56,0.85,0
30.97,6.93,10.48,35.77,0.5,0
40.13,10.56,8.69,36.59,0.85,0
37.28,1.94,14.46,39.34,0.2,1
31.21,1.5,4.07,51.04,0.5,0
55.54,4.6,12.26,18.54,0.2,0
60.51,1.09,13.48,3.01,0.85,0
29.39,4.52,24.98,15.1,0.5,0
58.38,5.8,10.69,11.12,0.85,1
61.89,2.66,5.63,50.76,0.2,0
57.5,4.58,15.6,13.47,0.2,1
48.97,7.78,14.24,56.13,0.3,0
65.77,3.47,1.76,52.12,0.5,0
51.13,2.93,13.35,23.96,0.85,0
56.83,4.47,12.02,6.77,0.5,1
63.16,2.49,5.37,34.95,0.2,1
52.54,12.16,10.32,18.06,0.2,0
42.78,4.84,9.35,5.5,1.0,1
30.83,3.12,5.73,48.09,0.5,0
55.15,5.34,8.46,8.05,1.0,1
51.23,4.46,4.69,11.74,0.85,1
22.49,4.18,4.15,18.23,0.85,0
43.98,3.47,19.5,40.25,0.2,0
30.01,3.37,10.07,66.36,1.0,0
36.36,1.74,14.61,31.2,0.85,0
45.01,9.41,6.73,13.74,0.2,0
40.32,6.46,6.73,28.02,0.2,1
45.11,5.63,8.98,32.52,0.85,1
49.2,4.42,15.88,38.72,0.85,1
46.86,2.63,20.17,51.04,1.0,0
65.2,3.0,2.06,6.87,0.2,1
59.69,1.88,8.51,31.21,0.2,1
22.74,3.22,16.54,20.47,0.85,0
43.46,2.41,9.67,27.27,0.85,1
37.26,10.83,8.27,12.1,0.3,0
41.18,7.51,4.03,25.88,0.3,1
35.32,4.96,8.17,9.25,1.0,1
59.77,2.8,12.97,24.23,1.0,0
59.92,2.48,11.8,35.94,0.85,1
42.55,4.26,8.11,15.65,0.5,1
44.45,7.68,13.56,8.34,0.2,1
54.44,1.91,10.38,8.97,0.85,1
38.23,6.42,5.85,32.49,0.5,0
57.25,3.22,3.82,39.28,1.0,1
47.49,3.56,11.6,49.5,0.2,0
24.17,4.88,4.41,12.49,1.0,0
45.21,2.86,4.95,29.05,1.0,1
37.11,4.14,5.91,47.19,0.5,0
37.9,2.72,20.12,6.12,1.0,0
42.55,3.37,11.83,45.57,0.85,0
36.33,7.07,18.79,4.96,1.0,0
48.17,5.02,5.43,19.93,0.85,1
54.28,7.05,10.73,11.51,0.5,1
56.49,3.19,11.71,39.24,0.85,0
61.56,6.44,20.28,32.79,0.2,0
41.38,1.6,8.5,20.84,0.2,0
57.29,4.88,11.18,64.89,0.85,0
46.97,6.67,16.61,12.01,0.2,0
51.33,1.55,3.87,24.54,0.2,0
41.46,3.21,17.96,6.18,0.5,0
55.95,4.88,6.59,2.43,1.0,1
42.07,7.97,7.98,4.09,1.0,1
27.46,3.37,9.04,6.02,0.85,0
40.92,6.31,12.53,6.91,0.2,1
38.7,9.73,4.13,21.5,0.2,0
40.16,6.46,11.92,18.19,0.2,1
48.07,4.23,3.06,61.67,0.5,0
44.4,5.81,7.34,47.65,0.2,0
49.87,3.31,10.78,6.26,0.85,1
43.78,4.98,3.85,28.93,0.5,1
39.94,4.35,11.61,47.17,0.85,0
22.9,5.71,20.57,8.95,0.5,0
34.65,3.73,20.76,11.15,0.2,0
44.91,5.88,10.26,7.3,1.0,1
34.3,3.71,9.25,33.75,1.0,1
50.58,7.48,8.06,6.33,0.5,1
35.94,3.93,8.35,12.59,0.85,1
33.79,1.12,9.97,59.82,0.5,0
46.45,2.54,8.05,13.22,0.2,1
57.65,4.8,7.94,37.94,1.0,1
57.14,10.78,6.04,11.86,0.85,0
44.16,7.33,11.79,18.31,0.5,1
52.22,0.95,16.45,12.17,0.5,0
43.17,1.8,1.69,1.31,0.2,0
50.36,8.5,21.42,13.18,0.5,0
40.79,6.65,12.66,11.53,1.0,1
35.0,12.5,1.0,3.74,0.2,0
44.43,3.63,3.15,12.13,0.85,1
47.44,2.82,19.14,52.5,0.85,0
40.24,4.94,11.67,50.01,0.2,0
46.31,3.59,2.36,62.64,0.85,0
54.27,8.09,6.72,23.59,0.5,1
46.69,3.51,16.85,16.37,0.5,0
31.57,4.07,15.88,5.28,0.5,1
50.59,2.59,4.64,7.86,0.5,1
50.49,7.07,7.89,38.62,0.85,1
49.98,2.69,13.24,1.24,0.5,1
23.29,5.94,11.95,29.09,0.5,0
51.52,11.73,3.14,46.63,0.5,0
52.7,1.41,10.4,9.08,1.0,0
55.5,9.97,1.44,21.2,0.85,0
44.0,5.54,7.05,43.26,0.5,0
31.13,2.33,9.23,29.26,0.85,1
26.14,5.05,1.94,5.28,0.85,0
59.53,6.96,15.53,34.35,0.3,0
41.31,2.94,7.76,13.02,0.2,1
56.45,6.12,7.65,30.27,0.2,1
24.74,10.4,3.33,5.91,1.0,0
45.87,3.51,8.62,41.69,0.5,1
53.11,2.57,2.9,46.58,0.2,0
56.49,4.42,4.03,3.98,0.5,1
38.91,4.9,15.25,14.06,0.5,0
33.03,8.31,11.87,33.2,1.0,0
33.08,4.34,10.42,13.75,1.0,1
59.62,3.7,9.08,2.75,0.2,1
41.18,2.53,8.59,52.23,0.3,0
32.89,1.56,20.34,2.99,1.0,0
57.18,2.07,26.07,26.74,0.5,0
50.53,2.06,7.37,29.22,0.5,1
50.05,4.09,1.02,12.67,0.5,1
25.09,1.76,17.93,25.98,0.2,0
63.42,4.61,6.48,4.39,0.85,1
59.23,11.59,18.6,51.42,0.85,0
58.96,8.44,9.46,29.72,0.85,0
42.75,4.07,21.49,9.85,0.85,0
66.21,12.5,9.16,3.91,0.5,0
46.34,4.91,8.0,65.88,0.5,0
59.76,5.3,18.52,47.39,0.5,0
44.97,4.37,12.57,11.96,0.2,1
35.78,4.66,15.46,51.87,0.85,0
38.08,3.44,2.68,25.15,0.2,0
51.29,4.1,10.69,35.87,0.85,0
53.6,10.0,11.61,16.47,1.0,0
62.81,8.91,3.73,11.67,1.0,0
52.7,1.09,6.2,19.94,1.0,0
55.38,1.9,17.13,25.03,1.0,0
42.34,2.96,5.21,24.63,0.5,1
44.32,7.71,13.82,21.81,0.85,1
36.66,9.02,1.44,38.97,0.5,0
51.99,6.95,4.5,4.25,0.2,1
53.21,2.33,2.15,25.97,0.5,1
68.74,3.48,7.67,12.13,1.0,1
63.89,6.18,4.83,1.99,0.85,1
46.53,4.14,5.65,39.24,1.0,1
54.69,3.82,9.06,8.17,0.85,1
47.12,3.85,9.24,71.72,1.0,0
40.88,8.57,4.97,28.71,0.2,0
35.12,6.52,15.73,23.57,1.0,1
42.26,3.97,6.69,15.66,0.5,1
39.51,5.67,7.28,25.68,0.5,1
25.2,2.13,17.32,11.3,0.85,0
45.55,3.49,7.99,22.93,0.3,1
45.77,8.14,5.02,54.12,0.2,0
71.08,1.69,2.88,41.89,0.2,0
46.64,6.56,11.58,45.57,0.3,0
38.25,1.08,4.66,10.77,0.5,0
59.54,10.87,14.25,20.58,1.0,0
44.93,3.44,17.21,17.59,1.0,0
52.12,5.9,9.1,21.11,1.0,1
25.74,5.06,10.23,13.96,0.2,0
58.77,5.16,2.66,11.12,0.5,1
49.88,5.62,11.46,10.13,0.85,1
49.33,1.49,18.08,0.67,0.5,0
43.79,5.22,1.0,10.69,0.5,1
43.74,4.28,5.02,60.91,0.2,0
42.63,3.45,6.62,15.16,0.2,1
22.96,2.96,14.8,47.3,0.2,0
53.63,5.29,3.29,2.56,0.85,1
24.03,2.59,8.15,16.06,1.0,0
44.7,8.06,4.56,60.22,0.5,0
42.01,6.13,18.04,14.88,0.5,0
53.32,5.47,4.92,4.61,0.2,1
35.12,7.89,6.36,11.58,0.5,1
37.51,1.34,9.74,30.66,0.5,0
43.5,2.09,2.78,49.5,0.85,0
46.34,6.27,7.96,23.53,0.3,1
43.77,3.06,6.39,59.96,0.2,0
58.76,3.3,16.32,12.18,1.0,0
63.75,1.9,14.22,51.02,0.2,0
36.0,2.59,18.75,9.62,0.5,0
42.76,8.15,5.9,41.11,0.5,0
50.99,6.19,14.7,30.32,0.85,0
36.05,5.26,14.88,18.55,0.85,1
58.61,3.37,3.43,68.69,1.0,0
38.6,5.08,8.98,22.55,0.5,1
56.05,8.53,22.42,26.02,1.0,0
55.49,3.11,15.14,20.79,0.5,1
48.97,4.66,11.42,1.27,0.5,1
43.95,11.22,9.17,30.44,0.85,0
70.59,6.9,12.38,8.33,0.85,1
47.6,3.4,14.35,50.38,1.0,0
62.43,6.61,8.89,45.28,0.2,0
37.83,1.67,13.01,29.31,0.5,0
56.68,4.55,4.09,6.53,1.0,1
27.55,6.61,7.49,4.63,0.5,0
30.99,5.84,2.26,41.72,0.2,1
33.46,6.57,13.54,24.54,0.2,1
36.52,7.34,4.95,31.35,0.85,1
45.96,6.08,4.25,34.94,1.0,1
63.24,5.99,8.09,23.03,0.2,1
45.74,5.33,9.48,6.04,1.0,1
48.78,2.41,4.26,14.31,0.85,1
52.0,8.15,7.06,11.59,0.85,1
45.51,4.65,10.16,9.35,0.5,1
35.87,6.81,2.99,10.52,0.3,1
58.82,7.72,6.44,20.33,0.85,1
28.86,3.5,5.66,18.76,0.2,1
41.14,3.68,12.59,25.14,0.2,1
45.5,3.97,4.26,20.6,0.2,1
39.1,8.95,8.89,15.69,0.85,0
56.71,2.74,6.58,64.4,0.2,0
28.06,9.75,12.62,12.16,0.3,0
44.44,5.29,21.33,5.73,1.0,0
23.76,5.5,16.18,5.69,1.0,0
55.46,7.54,9.22,31.57,0.85,1
35.97,4.97,15.89,5.7,0.3,1
58.68,8.2,12.38,42.2,1.0,0
41.02,3.5,4.65,14.15,1.0,0
55.94,9.59,12.04,36.57,0.2,0
37.15,3.66,10.24,21.97,0.5,1
52.22,9.78,4.84,8.5,0.85,0
31.89,3.71,22.44,51.89,0.3,0
52.64,4.04,14.73,24.08,1.0,1
50.6,2.54,13.6,24.15,1.0,1
66.15,2.98,23.04,27.26,0.5,0
40.96,4.66,25.2,0.41,1.0,0
43.97,5.4,8.64,6.68,1.0,1
25.93,7.89,9.06,27.93,0.85,0
43.57,4.2,15.67,47.73,0.2,0
64.46,2.34,11.02,50.8,1.0,0
19.77,5.85,2.74,4.98,1.0,0
36.08,5.21,12.03,12.2,0.5,1
46.8,6.19,8.59,21.25,0.3,1
26.83,3.24,2.33,22.3,0.85,0
32.42,3.47,18.11,2.51,0.2,0
53.33,3.24,5.27,34.23,0.5,1
38.7,8.68,20.43,21.52,0.5,0
59.85,9.64,9.01,18.78,0.2,0
46.47,3.38,11.21,5.05,1.0,1
63.26,3.42,5.69,21.41,0.2,1
47.46,6.65,24.67,8.49,1.0,0
64.93,10.19,2.04,41.39,0.3,0
62.04,11.34,16.08,13.64,0.5,0
42.58,3.29,2.5,40.67,0.85,0
49.61,3.79,17.8,21.86,0.85,0
46.97,5.55,17.86,23.91,0.85,0
56.96,5.7,7.13,3.05,0.5,1
26.58,4.29,10.48,27.02,0.3,0
35.12,2.92,15.83,7.23,0.2,1
38.18,4.66,6.43,27.67,0.85,1
43.98,11.33,3.67,16.8,0.2,0
33.9,3.5,18.21,48.73,0.5,0
57.55,5.37,2.65,9.23,0.2,1
56.47,12.5,3.71,3.36,1.0,0
39.09,3.47,4.44,0.51,0.2,1
33.15,6.81,10.77,0.06,1.0,1
18.35,11.58,6.46,28.28,0.2,0
42.47,6.51,9.82,19.26,0.5,1
53.6,8.37,13.84,23.51,0.2,0
33.68,7.29,10.55,29.1,0.3,0
26.1,6.24,17.96,23.48,0.2,0
22.38,9.48,3.16,44.24,1.0,0
25.69,6.7,18.66,42.48,0.85,0
29.12,4.32,8.77,19.97,0.85,1
33.39,5.15,2.29,22.83,0.85,1
43.16,5.8,17.03,28.18,0.5,0
56.2,3.78,3.4,10.65,0.5,1
35.78,5.28,11.67,44.7,0.2,0
41.94,4.88,5.97,29.07,0.3,1
48.78,6.69,3.24,38.09,0.5,1
52.05,12.5,15.49,11.4,0.3,0
46.42,5.45,7.95,38.55,0.5,1
53.92,10.33,10.8,8.82,0.3,0
54.8,6.56,12.3,32.38,0.5,1
32.99,5.27,9.74,6.82,0.2,1
55.56,3.66,13.83,69.05,0.2,0
48.8,5.29,8.98,20.54,0.2,1
54.01,5.11,7.79,19.66,0.85,1
52.4,3.12,13.23,24.94,1.0,1
32.95,3.41,4.92,22.05,0.85,1
48.16,5.83,19.69,26.11,1.0,0
50.6,10.27,6.2,29.45,0.2,0
47.68,4.58,1.83,46.78,0.85,0
36.3,1.84,9.6,77.03,0.5,0
27.96,0.97,6.22,18.17,0.85,0
38.98,2.51,4.14,66.27,0.3,0
28.28,6.9,13.92,16.02,1.0,0
55.88,2.09,10.32,15.12,0.2,1
48.84,7.48,10.36,43.99,1.0,0
43.55,6.71,9.2,7.19,0.5,1
49.8,4.49,11.22,38.45,0.5,1
45.81,3.13,18.52,7.9,1.0,0
60.67,4.13,6.62,15.85,0.5,1
39.61,5.75,11.06,50.8,0.2,0
46.43,2.13,13.93,30.98,0.5,0
50.03,9.74,4.83,2.38,0.2,0
52.83,5.72,12.86,58.4,0.2,0
66.39,6.08,7.32,25.03,0.2,1
66.1,6.68,15.44,13.01,0.5,1
51.01,9.25,6.14,3.99,1.0,0
46.84,5.29,12.06,39.11,0.85,1
60.16,6.9,9.13,53.44,0.3,0
42.25,3.16,13.18,44.77,1.0,0
21.94,11.36,14.64,48.0,0.2,0
50.13,5.1,3.53,42.36,0.5,0
38.21,3.15,5.68,59.79,1.0,0
52.36,3.66,5.61,12.11,0.2,1
66.36,1.28,2.0,11.41,0.85,0
36.39,3.64,20.89,22.47,0.2,0
38.47,0.8,9.83,18.24,0.5,0
48.32,7.17,5.08,25.1,0.5,1
56.03,5.98,9.94,16.63,0.85,1
48.35,2.61,15.09,3.83,0.85,1
63.32,4.62,4.16,10.18,1.0,1
57.66,4.74,11.27,24.39,0.2,1
42.68,2.28,4.0,38.69,0.5,1
40.88,4.18,15.71,23.44,0.5,1
50.83,4.82,5.36,10.4,0.85,1
33.13,4.12,10.56,8.67,0.2,1
34.39,3.15,1.18,9.93,0.5,0
65.49,2.55,1.0,59.15,0.5,0
50.75,4.04,11.86,6.82,0.2,1
49.62,3.38,2.26,15.14,0.2,1
56.38,6.45,4.96,21.55,0.2,1
35.09,9.55,19.49,22.53,0.2,0
30.85,7.67,11.23,9.54,0.2,0
59.22,4.91,5.67,3.23,0.2,1
42.4,3.22,11.67,18.36,0.2,1
48.06,7.56,26.95,56.24,0.5,0
57.12,6.66,8.07,26.39,1.0,0
50.25,9.21,9.12,36.55,0.2,0
40.29,5.3,9.48,22.59,0.2,1
47.21,11.05,4.18,20.43,0.2,0
55.95,5.3,9.46,2.17,1.0,1
49.62,3.21,10.97,29.97,0.2,1
41.65,3.57,8.83,49.7,0.5,0
43.69,6.29,8.42,10.41,0.5,1
42.4,3.38,5.07,35.3,1.0,1
42.99,11.01,10.18,27.96,0.5,0
44.33,6.01,9.68,21.32,0.5,1
69.76,4.85,18.91,24.61,0.85,0
45.12,5.08,7.12,16.58,0.85,1
43.09,4.1,12.21,56.05,0.2,0
28.19,1.54,13.93,4.39,0.85,0
57.24,3.57,14.13,3.31,0.85,1
41.64,10.31,9.94,60.19,0.2,0
46.36,5.37,10.87,49.32,0.2,0
28.53,8.13,14.36,17.64,0.3,1
36.4,8.25,1.55,9.18,0.2,0
56.56,4.65,5.0,33.05,0.2,1
34.02,6.71,9.34,19.63,0.5,1
48.57,1.66,12.78,37.59,0.2,0
38.41,9.88,4.48,55.08,0.85,0
51.12,9.47,16.32,21.11,0.85,0
25.32,6.19,9.17,66.13,0.85,0
45.1,5.48,7.28,50.67,0.5,0
46.94,4.68,4.04,54.99,0.5,0
32.75,8.62,9.86,28.67,0.85,0
27.24,7.12,14.05,45.98,0.2,0
47.02,0.8,6.38,27.02,0.3,0
63.3,3.85,8.92,8.24,1.0,1
70.06,2.34,4.43,17.61,0.2,1
58.59,2.06,5.64,43.64,0.2,0
30.78,8.57,12.03,11.95,0.5,0
51.97,4.63,21.69,35.74,0.2,0
52.58,6.14,10.68,18.62,0.85,1
51.52,4.96,10.99,19.62,0.3,1
48.29,2.08,16.73,4.42,0.3,0
63.47,1.69,4.5,25.11,1.0,0
38.12,3.7,14.68,41.48,0.5,1
19.1,3.88,15.97,37.77,0.5,0
54.1,3.88,12.08,70.97,1.0,0
53.78,3.94,1.73,17.81,1.0,1
39.42,12.5,18.72,25.66,0.3,0
42.91,8.06,10.37,20.43,0.2,1
67.81,5.42,5.1,56.59,0.5,0
34.69,4.56,8.78,34.52,0.5,1
42.33,4.65,9.98,1.58,1.0,1
48.18,6.99,2.77,22.23,0.2,1
18.78,4.54,10.37,2.39,0.2,0
52.09,7.64,10.8,32.26,0.2,0
28.07,5.74,14.22,25.05,0.3,1
42.63,12.5,18.53,39.81,0.2,0
61.32,4.39,8.44,26.55,1.0,1
37.03,8.36,5.92,45.83,0.2,0
56.41,2.48,11.82,16.11,0.5,1
31.44,3.27,3.99,19.15,1.0,0
62.11,11.91,3.13,45.25,0.5,0
52.08,7.47,13.91,18.08,0.2,1
58.11,6.2,16.08,49.09,0.2,0
48.07,12.5,14.68,24.69,1.0,0
59.77,4.6,17.05,17.21,0.5,0
36.3,8.35,5.88,24.72,0.3,0
31.12,8.68,10.93,18.78,1.0,0
54.68,10.58,10.67,26.17,0.5,0
33.71,2.3,1.97,19.51,1.0,1
56.23,4.58,1.44,51.69,0.5,0
40.68,5.68,16.55,6.24,0.85,0
59.9,10.49,1.18,2.13,0.2,0
58.56,6.07,12.78,28.52,0.85,1
36.59,8.68,7.98,44.38,0.85,0
49.08,2.17,1.85,19.43,0.85,1
55.16,4.0,15.73,10.43,0.2,1
53.73,9.45,7.43,13.97,0.2,0
63.6,4.3,12.89,46.84,0.5,0
20.62,4.79,8.99,16.27,1.0,0
34.13,10.4,16.32,52.99,0.2,0
53.23,2.83,9.01,3.91,0.3,1
49.68,3.24,13.3,16.19,1.0,1
53.32,2.02,10.48,26.48,0.2,0
49.34,10.62,13.88,7.05,0.85,0
33.34,7.99,3.31,43.86,0.5,0
31.44,7.88,6.95,38.88,0.85,1
41.99,3.93,7.12,50.8,0.3,0
41.25,1.92,3.37,28.47,0.5,1
52.96,1.57,17.31,34.32,0.3,0
45.64,9.49,5.73,15.07,0.2,0
59.9,6.42,13.81,9.71,1.0,1
34.13,7.08,8.78,13.2,0.85,1
36.2,5.54,16.99,4.32,0.85,0
43.25,3.01,12.77,10.7,0.5,0
41.4,4.04,13.35,48.61,0.85,0
67.36,2.57,8.79,55.75,0.85,0
62.96,2.37,7.43,64.66,0.2,0
50.5,7.65,8.53,28.4,0.85,1
52.47,1.67,8.82,12.72,0.5,0
54.34,2.58,2.32,23.07,0.85,1
16.45,4.18,3.27,12.72,0.5,0
31.24,5.04,6.06,15.97,0.2,1
34.8,2.0,7.76,19.16,0.85,1
32.18,1.64,2.5,17.47,0.85,0
53.98,6.03,8.69,46.5,0.2,0
54.31,5.37,10.18,27.86,0.2,1
15.84,9.4,21.13,12.24,0.85,0
49.29,5.08,3.23,33.14,0.3,1
30.23,6.35,14.57,20.97,0.85,1
59.71,3.11,12.81,17.48,0.3,1
59.79,3.19,13.1,20.55,1.0,1
43.35,2.14,15.56,25.4,0.5,1
70.07,3.13,21.59,26.95,0.5,0
45.98,4.01,11.14,8.15,0.5,1
57.47,8.92,16.86,68.05,0.85,0
46.98,2.85,3.6,26.28,0.2,0
43.67,12.5,5.33,61.6,0.5,0
26.85,6.65,7.27,35.48,0.5,0
48.59,5.94,2.71,14.58,1.0,1
20.87,4.87,5.08,21.64,0.85,0
38.85,4.37,23.43,48.09,1.0,0
60.32,3.41,13.01,19.58,0.85,1
41.4,1.95,12.56,4.83,0.2,0
50.66,2.91,9.48,26.81,0.85,1
55.98,10.61,5.16,26.51,0.2,0
65.21,6.44,3.54,18.92,0.5,1
44.71,10.56,9.32,4.31,0.2,0
53.2,3.36,11.46,39.91,0.85,1
56.95,2.52,9.9,48.08,1.0,0
62.33,4.84,8.41,8.91,0.5,1
53.57,2.98,1.42,13.89,0.5,1
56.76,5.4,10.45,34.95,0.3,1
59.94,1.69,9.28,31.52,0.3,0
55.11,1.17,5.97,31.78,0.3,0
42.44,5.82,14.24,43.15,0.5,0
32.52,10.76,12.06,33.86,0.2,0
61.04,5.96,22.37,46.9,0.5,0
65.56,6.4,8.99,8.14,0.5,1
30.81,4.96,2.52,24.07,0.3,0
46.91,5.22,18.86,58.31,0.85,0
45.65,1.89,8.38,39.92,1.0,0
61.65,3.04,27.31,40.45,0.85,0
42.93,8.87,9.02,35.39,0.5,0
48.24,2.39,7.84,17.04,0.2,1
39.78,3.95,2.69,12.01,1.0,1
27.36,8.78,3.58,25.5,0.5,0
51.12,5.14,3.39,55.39,0.85,0
35.0,5.28,11.13,13.23,0.2,1
37.28,3.97,9.43,35.41,0.2,1
63.44,6.9,24.62,43.04,0.5,0
36.44,7.79,8.05,12.91,1.0,1
55.88,2.95,4.15,6.51,0.85,1
50.97,2.01,5.97,22.85,0.85,0
41.18,1.34,14.36,35.65,0.85,0
48.57,6.24,14.95,11.05,0.2,1
30.44,5.86,3.47,5.17,0.2,1
51.88,12.5,24.49,23.03,0.85,0
54.57,4.97,6.92,21.36,0.2,1
50.15,4.49,7.0,36.07,0.5,1
31.72,5.5,5.99,35.93,0.2,0
51.34,5.66,13.57,27.34,0.2,1
34.56,4.3,19.41,56.44,1.0,0
52.8,3.0,12.45,33.22,0.5,1
58.51,4.83,3.04,18.4,0.3,1
42.86,4.73,13.69,23.83,0.2,1
63.55,4.68,13.81,65.71,0.3,0
48.19,7.28,11.3,29.87,0.5,0
43.28,4.78,4.65,38.57,0.2,1
39.97,2.04,8.97,43.5,0.3,0
49.15,3.3,1.66,6.79,0.5,1
52.54,4.27,5.58,51.77,0.85,0
28.32,4.9,11.68,11.6,0.2,1
49.28,6.31,7.06,85.99,1.0,0
29.68,4.92,4.18,25.37,0.2,1
43.22,1.19,3.28,23.64,0.2,0
39.23,2.2,13.5,2.81,1.0,1
40.37,6.54,5.96,9.53,0.2,1
56.12,4.2,21.39,6.31,0.2,0
57.57,5.16,12.96,9.07,1.0,1
25.26,3.91,6.93,25.77,0.85,0
40.67,3.29,6.79,11.97,0.85,1
45.12,3.99,3.87,43.19,0.5,0
55.58,5.19,12.5,57.82,1.0,0
50.45,4.76,8.89,62.51,0.85,0
61.66,7.76,14.93,7.6,0.85,1
35.64,1.79,5.87,32.6,0.85,0
27.45,1.96,6.75,38.97,0.5,0
65.33,4.17,8.67,15.76,0.85,1
50.38,6.35,12.32,45.41,0.2,0
37.76,7.08,16.05,46.4,0.2,0
50.43,3.37,20.56,60.05,0.85,0
28.15,0.8,2.07,19.91,0.85,0
38.69,3.44,15.56,1.86,1.0,1
43.96,5.87,3.61,74.26,0.5,0
50.09,4.71,23.9,10.75,0.5,0
41.97,6.47,1.97,60.7,0.85,0
25.79,8.71,6.37,61.6,0.85,0
27.72,4.34,32.34,41.3,0.5,0
40.37,3.66,5.48,84.94,0.5,0
28.62,2.76,15.87,36.34,0.2,0
59.04,1.95,15.24,3.63,0.85,1
42.72,1.61,5.71,26.55,0.5,0
35.92,3.18,9.03,2.26,0.3,1
58.29,8.1,2.7,5.5,0.5,1
58.06,6.8,3.78,6.22,0.2,1
59.6,3.56,7.02,26.86,0.5,1
49.88,12.5,17.74,42.64,0.2,0
66.51,3.31,11.51,34.77,0.2,0
35.02,9.14,10.55,15.4,0.5,0
66.32,10.26,20.39,21.78,0.85,0
54.76,6.09,13.82,1.54,0.85,1
28.0,3.16,27.44,61.46,0.5,0
56.68,3.84,8.4,44.16,0.85,0
58.95,5.26,4.68,65.59,0.2,0
36.6,1.99,7.92,16.74,0.5,1
48.3,2.6,7.91,14.67,1.0,1
43.32,2.47,13.77,37.04,0.85,0
38.34,6.33,5.74,52.08,0.2,0
47.37,8.67,9.4,25.92,0.85,0
65.67,6.94,7.66,70.21,0.2,0
54.81,7.94,8.32,15.12,0.3,1
61.83,3.0,3.15,44.15,0.5,0
47.32,3.94,9.92,83.52,0.85,0
28.33,4.11,11.03,18.68,0.2,1
35.23,6.07,2.08,17.58,0.5,1
40.48,3.23,3.68,17.36,0.5,1
31.55,7.68,2.57,45.72,0.85,0
50.77,10.11,4.83,11.99,0.2,0
64.88,6.24,2.57,23.85,0.2,1
49.96,3.84,7.76,83.94,0.2,0
69.29,2.84,5.62,50.39,0.2,0
55.26,2.47,12.96,41.71,0.3,1
48.03,1.2,18.89,26.52,0.5,0
46.74,4.18,9.38,22.93,0.2,1
28.53,4.05,7.0,5.92,0.2,1
32.52,7.44,9.84,26.93,0.5,0
43.37,3.36,3.94,13.41,0.5,1
44.4,4.32,14.47,75.14,0.85,0
52.76,5.54,9.64,45.92,0.85,0
63.7,6.18,1.45,3.08,0.85,1
47.39,6.99,8.94,22.94,0.85,1
52.61,5.25,10.84,48.06,1.0,0
54.64,2.06,3.97,27.6,0.2,1
54.52,5.9,7.35,6.07,0.5,1
35.65,3.21,5.87,16.84,0.3,1
25.12,8.88,8.78,8.29,0.5,0
47.72,4.81,8.58,33.67,1.0,1
56.79,5.42,16.69,27.15,0.2,0
25.76,12.5,16.87,10.13,0.5,0
55.68,7.06,5.82,8.56,0.2,1
40.97,5.84,13.04,31.44,0.85,1
59.57,4.39,3.73,49.22,0.85,0
50.03,2.17,7.15,1.3,0.2,1
39.45,4.21,7.15,55.98,0.2,0
61.09,2.82,15.57,1.33,0.3,1
62.46,10.75,2.63,35.51,0.3,0
54.35,5.88,9.2,20.1,0.5,1
62.44,8.71,8.04,15.82,0.2,0
35.82,3.3,10.42,18.22,0.5,1
59.86,2.95,16.35,20.27,1.0,0
29.93,6.7,2.59,6.88,0.3,1
29.54,2.75,23.57,13.77,0.5,0
22.72,3.68,11.48,27.36,0.3,0
62.66,11.01,13.49,2.11,1.0,0
55.33,3.76,7.55,40.67,0.3,1
44.98,1.88,19.7,24.43,0.2,0
17.27,1.43,6.64,35.76,0.85,0
23.39,1.73,13.71,40.19,0.3,0
45.74,8.98,14.89,19.51,0.2,0
39.74,3.42,11.9,74.07,0.2,0
59.73,12.5,13.38,8.53,0.2,0
45.25,10.17,3.94,15.13,0.5,0
26.62,12.37,3.39,52.7,0.85,0
47.93,8.04,9.85,32.3,1.0,0
46.26,6.51,6.76,4.06,0.2,1
53.69,2.88,16.01,23.52,0.2,0
43.92,4.74,5.14,4.23,0.85,1
47.65,6.86,11.59,3.11,1.0,1
30.3,7.78,5.42,60.08,0.2,0
56.05,2.31,4.31,7.0,0.85,1
36.54,4.25,4.68,7.86,1.0,1
50.85,4.53,6.05,22.93,0.85,1
49.64,4.43,14.92,25.83,0.85,1
64.24,2.51,29.5,52.88,0.2,0
40.78,11.62,9.26,22.7,1.0,0
39.13,4.17,3.55,3.02,0.2,1
49.85,2.62,14.22,14.06,1.0,1
65.33,11.77,3.51,28.08,1.0,0
57.89,10.17,5.45,28.35,0.5,0
52.45,5.14,20.45,33.38,0.85,0
39.75,1.42,5.0,6.41,1.0,0
58.62,3.61,10.0,0.73,1.0,1
22.16,1.64,17.69,31.98,0.5,0
40.38,6.26,12.42,79.73,0.3,0
59.14,3.47,13.64,10.2,0.5,1
22.72,4.68,5.5,35.25,0.85,0
53.71,11.22,15.33,38.99,0.5,0
50.36,3.32,6.26,5.28,1.0,1
47.32,6.11,9.09,4.97,0.85,1
56.22,7.1,8.66,41.44,0.5,1
31.73,8.84,8.82,19.14,0.85,0
62.39,4.49,14.64,6.27,0.2,1
62.98,4.23,7.86,27.27,1.0,1
24.66,4.17,15.25,1.2,0.85,0
53.41,5.8,18.03,56.76,0.85,0
40.82,9.95,16.34,51.81,0.3,0
39.52,4.06,18.21,41.73,0.5,0
47.61,0.8,4.85,30.95,0.2,0
44.61,7.52,13.58,15.91,0.2,1
19.53,4.93,8.22,25.64,0.5,0
54.96,6.26,14.47,61.73,0.5,0
26.24,1.68,7.43,21.74,0.3,0
58.51,3.47,10.48,28.63,0.3,1
34.24,7.2,3.4,4.43,0.85,1
67.11,2.13,9.16,22.93,1.0,1
25.6,6.11,5.96,22.91,1.0,0
47.4,4.66,8.76,7.02,0.5,1
28.36,3.05,14.02,6.91,0.3,0
32.93,2.9,6.0,22.14,0.5,1
43.7,2.52,14.37,26.56,0.5,1
34.62,4.92,14.62,26.44,0.2,0
50.9,5.24,16.05,3.02,1.0,0
30.62,3.84,2.92,25.07,0.85,0
31.45,2.42,1.0,14.7,1.0,1
33.33,6.01,11.08,58.5,0.2,0
44.59,7.59,2.17,1.14,0.5,1
57.82,6.6,7.75,27.43,0.2,1
55.72,12.5,17.6,5.66,0.3,0
37.68,4.28,5.62,23.31,0.85,1
41.63,9.45,5.75,1.31,1.0,0
31.57,3.23,10.22,62.76,0.3,0
56.94,2.92,24.45,2.83,0.85,0
46.57,5.09,3.22,32.7,0.5,1
47.91,10.54,21.17,63.42,0.85,0
48.52,4.01,11.11,4.3,0.3,1
29.09,1.68,13.37,7.82,0.2,0
41.58,7.52,4.45,11.24,0.2,1
69.29,4.55,10.47,7.6,0.85,1
38.59,5.59,4.09,18.86,0.85,1
50.75,3.01,8.77,18.15,1.0,1
58.19,5.06,7.94,42.76,0.3,0
26.5,1.85,13.23,36.89,0.2,0
44.59,11.71,7.14,8.37,0.2,0
60.55,8.26,2.66,75.07,0.5,0
42.07,4.93,19.83,18.46,0.5,0
67.36,7.41,3.93,63.24,0.3,0
55.27,3.23,7.34,36.29,0.2,1
66.39,8.06,9.27,15.45,0.2,1
58.65,3.91,16.99,9.64,1.0,0
39.61,3.75,3.08,17.83,0.85,1
64.83,2.63,11.77,16.78,0.5,1
58.17,5.97,8.0,3.79,0.2,1
47.4,4.81,14.02,34.4,0.5,1
51.19,9.6,16.37,3.92,0.85,0
56.15,2.44,4.95,16.34,0.85,1
28.38,5.99,10.71,64.83,1.0,0
31.85,8.68,9.32,6.67,0.85,0
44.3,12.5,10.13,68.64,1.0,0
54.83,5.29,15.86,27.96,0.85,1
48.12,3.87,6.15,5.82,0.3,1
39.89,5.21,6.19,33.04,0.5,1
46.21,9.21,12.52,25.32,0.5,0
52.48,9.2,9.06,4.72,0.2,0
50.2,4.44,10.51,2.46,0.2,1
35.84,9.12,13.78,29.44,0.2,0
35.74,4.69,7.2,9.66,0.85,1
41.74,7.37,6.45,10.4,0.2,1
61.31,6.36,7.77,4.82,0.85,1
44.31,3.78,1.45,43.11,1.0,0
43.74,2.69,14.83,24.99,0.85,1
18.95,8.8,7.41,39.22,0.85,0
52.82,10.08,7.81,20.47,0.2,0
45.71,5.91,13.99,32.26,0.2,0
28.91,4.69,4.85,22.0,0.2,1
47.02,2.25,4.0,20.76,0.85,1
30.11,8.68,17.91,22.71,0.2,0
38.77,5.55,18.64,18.06,0.85,0
51.13,4.09,14.19,2.99,0.3,1
45.35,7.48,4.03,0.19,0.2,1
60.14,1.99,15.04,11.51,0.85,0
46.68,2.55,19.2,50.64,0.2,0
45.18,3.16,15.81,41.61,0.85,1
49.17,6.26,7.59,20.38,0.85,1
34.55,5.25,3.0,28.0,0.3,1
49.98,6.65,7.33,10.48,0.5,1
59.95,8.37,1.0,7.26,1.0,0
43.17,6.78,9.25,13.8,0.5,1
56.55,11.84,1.0,49.11,1.0,0
30.86,8.36,9.85,39.81,0.5,0
39.01,4.44,8.26,36.84,0.3,0
46.97,3.46,6.8,34.41,1.0,1
48.36,4.51,6.21,37.22,0.85,1
40.65,6.91,15.1,38.31,0.3,1
50.78,3.68,9.13,19.67,0.5,1
55.32,7.01,6.03,55.49,0.85,0
50.24,6.59,11.86,34.38,1.0,1
42.87,2.67,10.47,23.89,0.2,1
40.55,8.28,6.46,14.82,1.0,0
51.33,5.8,25.2,31.76,0.2,0
52.91,11.54,13.79,66.56,1.0,0
41.6,4.7,12.03,47.12,1.0,0
44.64,3.99,3.09,25.96,0.2,1
51.35,2.46,3.84,18.44,0.5,1
17.75,2.43,10.12,10.2,0.2,0
59.88,7.76,18.15,42.23,1.0,0
47.37,10.94,8.51,31.24,0.85,0
46.41,4.48,3.86,50.23,0.3,0
53.25,4.31,9.51,55.71,0.2,0
46.25,4.94,19.7,41.84,0.3,0
34.05,8.58,10.01,41.74,0.5,0
30.34,2.68,15.51,11.51,0.85,1
55.65,5.42,15.99,2.42,0.85,1
42.9,7.86,4.88,2.31,0.85,1
36.03,6.22,9.52,40.84,0.85,1
54.26,0.8,2.57,5.15,0.5,0
26.72,6.8,3.84,7.36,0.85,0
46.52,6.25,7.64,23.14,0.2,1
25.14,9.44,2.52,7.94,0.2,0
33.34,10.48,3.6,1.74,1.0,0
39.72,9.2,5.13,25.84,0.5,0
47.84,4.95,12.5,19.88,1.0,1
56.15,1.63,3.41,2.53,1.0,0
54.12,12.5,13.77,24.83,0.2,0
47.08,4.3,9.85,0.33,0.3,1
33.49,4.87,24.17,49.95,1.0,0
53.57,10.86,2.71,43.26,0.2,0
57.0,3.03,14.33,0.39,0.2,1
46.37,2.03,8.56,25.07,1.0,1
51.61,3.69,1.95,36.85,0.5,1
37.2,3.13,15.24,10.98,0.2,1
33.21,1.9,9.26,26.6,0.2,1
42.75,4.53,7.87,29.26,1.0,1
48.43,4.97,11.26,35.43,0.5,1
45.47,1.82,7.41,47.22,0.3,0
41.9,3.97,8.52,38.2,0.5,1
63.06,3.01,6.49,56.79,1.0,0
58.05,1.3,5.89,2.72,0.85,0
58.76,5.06,8.25,27.28,0.5,1
55.92,5.34,8.02,3.99,0.2,1
27.97,3.01,3.13,11.3,0.85,0
49.66,8.24,5.92,43.2,0.2,0
42.62,4.81,4.01,1.73,0.85,1
35.47,3.1,6.48,13.61,0.2,1
50.95,1.75,9.1,47.9,0.85,0
50.27,5.5,9.97,15.99,0.2,1
53.67,6.24,15.15,22.06,0.5,0
44.0,3.57,8.79,21.17,0.5,1
56.73,5.15,4.72,14.68,0.85,1
28.64,10.48,8.42,52.94,1.0,0
43.22,7.57,20.62,31.46,0.85,0
46.86,1.01,16.01,32.24,0.5,0
39.95,3.08,12.32,0.93,1.0,1
28.26,4.41,7.61,25.76,0.85,1
35.98,4.96,5.93,0.43,0.85,1
31.47,5.21,8.36,54.12,0.5,0
35.05,6.03,11.59,11.7,0.5,1
54.34,4.49,16.89,43.81,1.0,0
66.32,4.8,19.94,49.16,0.5,0
28.48,7.78,13.62,53.25,0.5,0
37.98,5.56,10.99,16.17,0.2,1
39.67,2.3,2.48,8.23,1.0,1
54.68,5.05,11.06,30.73,0.85,1
36.0,4.42,13.18,30.17,0.3,1
43.63,1.29,15.51,18.78,0.3,0
35.81,5.19,8.06,44.01,0.2,0
39.73,2.5,1.5,18.93,0.5,1
52.46,7.84,4.13,37.36,0.85,1
63.64,5.98,7.29,23.62,0.5,1
58.46,2.22,11.94,6.95,1.0,1
55.64,7.65,9.08,39.33,0.85,0
43.6,9.52,11.29,12.97,0.5,0
48.89,4.11,10.02,11.67,1.0,1
49.03,4.4,19.51,14.51,0.5,0
55.25,7.26,14.03,35.8,0.85,1
36.57,9.15,14.7,29.22,0.85,0
56.7,1.55,12.12,29.72,0.2,0
50.72,2.39,2.81,10.16,0.85,1
29.42,3.74,23.51,5.71,0.85,0
63.44,3.97,2.57,34.19,0.2,1
46.08,7.15,6.98,50.1,0.2,0
56.54,9.18,14.51,6.43,0.2,0
51.41,9.53,6.36,4.98,0.5,0
45.39,1.52,10.99,41.35,0.2,0
51.37,2.91,17.28,20.56,0.2,0
40.3,2.16,14.73,4.03,0.5,1
48.52,3.34,9.9,26.19,0.2,1
53.15,2.9,9.2,11.96,0.3,1
65.19,5.97,4.95,20.88,0.2,1
28.34,6.36,10.39,27.87,0.85,0
40.93,4.77,12.07,6.44,0.85,1
41.5,4.52,10.62,26.38,0.5,1
52.31,3.83,5.34,20.97,1.0,1
42.35,4.09,16.12,10.23,0.2,0
16.76,10.42,9.51,8.32,0.2,0
41.65,6.86,3.11,9.39,0.85,1
45.75,3.91,3.98,54.59,0.2,0
63.99,4.47,15.97,35.07,0.5,1
42.58,6.05,6.31,21.16,0.85,1
45.28,2.22,9.88,39.86,0.2,1
44.42,5.14,8.51,1.64,0.85,1
47.01,6.66,9.19,31.18,0.85,1
58.87,6.22,12.34,48.24,0.5,0
50.06,2.94,13.46,12.72,1.0,1
26.57,3.28,22.13,14.54,0.2,0
41.6,1.18,12.23,17.85,1.0,0
31.7,7.04,6.4,9.7,0.5,1
51.53,12.5,11.3,24.54,0.2,0
20.38,2.69,10.22,19.9,0.2,0
38.92,8.34,9.5,31.02,0.5,0
34.79,12.13,1.0,21.25,0.5,0
35.37,3.61,14.52,33.83,0.85,1
49.93,4.47,19.16,20.47,0.2,0
37.02,5.46,5.85,40.68,0.2,1
43.14,6.11,2.5,8.57,0.5,1
32.13,5.62,4.46,46.53,0.5,0
33.58,3.78,29.2,16.68,1.0,0
29.51,6.61,11.13,24.88,0.5,0
45.78,3.83,7.22,20.68,0.85,1
52.05,5.83,5.8,13.9,0.2,1
53.09,4.67,25.19,45.3,1.0,0
43.24,1.42,4.6,18.08,0.85,0
34.85,8.98,4.64,23.93,0.5,0
57.54,3.33,8.04,21.36,0.85,1
21.37,9.44,7.14,12.21,0.2,0
48.68,8.16,4.26,15.96,0.5,1
57.64,5.37,12.69,28.79,0.2,1
67.53,6.28,23.45,20.59,0.5,0
38.74,6.69,5.39,38.24,0.2,1
57.8,4.24,10.51,32.49,0.3,1
24.16,4.36,5.26,10.77,0.3,0
47.29,6.52,8.85,37.03,0.5,1
47.4,4.7,14.43,35.89,1.0,1
38.75,3.79,8.81,7.77,0.85,1
53.21,2.97,15.14,3.03,0.5,1
39.61,5.92,10.06,5.93,0.3,1
63.56,3.27,23.87,26.74,0.2,0
47.53,7.44,9.49,23.54,0.5,0
19.24,7.78,12.9,24.66,0.3,0
31.03,6.26,5.0,8.55,0.2,1
39.6,6.96,5.1,14.68,1.0,1
31.96,6.27,6.99,2.74,0.2,1
66.4,7.22,5.08,11.66,0.3,1
33.84,7.06,1.04,37.77,1.0,1
33.15,5.75,5.03,18.79,1.0,0
37.46,8.22,8.85,20.68,0.5,0
57.68,4.33,11.63,1.38,0.2,1
68.34,3.03,9.79,7.51,0.3,0
35.51,2.93,4.63,33.12,0.5,0
51.42,3.97,3.67,22.74,0.5,1
25.39,1.28,15.07,35.26,1.0,0
29.79,5.34,13.79,20.57,0.3,1
43.93,6.74,5.4,19.38,0.5,1
47.73,7.72,9.27,10.96,0.5,1
45.13,1.62,11.71,9.41,0.85,0
62.84,2.99,12.09,47.48,1.0,0
36.59,7.33,8.34,42.9,0.2,0
45.57,4.25,8.7,0.03,0.85,1
36.22,6.66,8.72,31.67,0.85,1
40.86,2.15,9.95,17.67,0.85,1
44.74,9.39,8.5,30.02,0.2,0
33.81,2.04,8.74,14.5,1.0,1
26.56,0.8,14.83,43.72,0.85,0
46.6,5.26,4.86,11.32,0.85,1
69.28,5.33,8.44,14.24,0.2,1
49.23,3.55,11.99,60.22,0.3,0
52.43,6.14,9.68,55.97,0.85,0
44.61,6.23,6.16,54.32,0.2,0
48.93,5.88,3.15,12.32,0.85,1
55.97,3.52,11.59,11.3,1.0,1
59.04,3.13,12.41,40.6,0.2,0
45.83,3.74,2.43,12.94,1.0,1
19.67,2.88,12.64,1.86,1.0,0
41.86,8.41,14.95,23.58,0.5,0
20.04,3.93,17.28,27.66,0.2,0
61.01,5.18,24.52,26.97,0.2,0
35.22,7.31,10.31,53.86,0.3,0
42.44,2.79,23.98,10.9,0.5,0
55.83,1.99,9.69,10.01,0.5,1
36.28,2.88,11.72,64.79,0.85,0
28.66,5.49,11.97,18.92,0.85,1
55.32,5.29,12.94,9.54,0.2,1
31.16,5.87,13.64,9.77,0.85,1
47.09,4.48,9.92,26.81,0.3,1
25.14,0.8,13.6,22.11,0.85,0
47.25,4.4,5.55,6.71,0.85,1
50.56,7.82,9.21,19.3,0.85,1
41.75,8.87,4.43,34.36,0.85,0
48.6,4.99,7.95,2.47,1.0,1
19.32,5.3,7.42,57.04,1.0,0
66.98,6.59,1.49,54.6,0.2,0
46.2,8.74,5.94,25.24,0.85,0
53.12,4.75,12.26,18.44,1.0,1
43.85,6.54,8.3,47.1,0.85,0
45.35,3.43,18.58,37.42,0.85,0
24.84,2.18,7.64,65.71,0.2,0
20.16,3.64,8.39,61.13,0.85,0
34.36,9.78,13.77,40.64,0.3,0
47.53,6.61,2.88,47.76,0.5,0
31.08,2.31,18.64,24.37,0.2,0
35.03,6.77,8.9,8.35,0.85,1
46.98,2.42,12.94,30.03,1.0,1
38.38,5.83,12.34,8.0,0.85,1
62.99,2.73,6.3,1.22,0.2,1
36.29,2.23,34.01,24.73,0.85,0
33.41,10.62,1.83,11.9,0.2,0
45.5,3.93,18.92,22.91,0.2,0
53.31,6.55,3.11,44.3,1.0,0
50.17,4.86,6.34,30.56,0.85,1
41.78,2.55,17.5,18.82,1.0,0
50.64,4.17,4.99,50.19,0.3,0
42.9,2.56,2.43,0.92,0.2,1
28.71,12.5,12.65,8.3,0.85,0
59.42,7.17,6.03,3.56,0.2,1
61.07,4.81,7.56,45.58,0.3,0
37.83,6.37,8.24,3.31,0.85,1
43.99,6.93,11.78,4.46,0.85,1
43.85,6.94,12.85,52.3,0.3,0
56.44,6.78,6.67,51.24,0.3,0
42.86,6.51,17.65,5.85,0.5,0
33.31,5.03,4.99,6.23,0.2,1
41.25,10.2,13.39,2.04,1.0,0
52.38,5.2,12.65,26.9,0.5,1
43.12,4.89,9.3,2.04,0.2,1
64.57,5.23,22.26,12.89,0.2,0
36.14,5.43,8.52,13.59,0.85,1
50.31,1.63,15.98,6.52,0.85,0
59.03,2.86,2.4,60.12,0.85,0
49.17,4.48,7.55,7.96,0.85,1
53.18,1.58,5.0,34.58,0.5,0
48.73,4.81,15.92,44.15,0.3,0
35.72,5.39,7.96,19.77,0.85,1
23.52,2.12,9.37,28.92,0.5,0
42.64,3.29,11.57,35.86,0.85,0
41.9,9.06,7.65,9.6,0.3,0
25.87,6.4,7.05,5.57,0.85,0
61.16,6.21,6.71,15.72,0.2,1
48.9,8.49,13.64,19.03,0.2,0
46.26,2.9,24.83,49.49,0.85,0
50.46,2.12,6.56,23.47,0.5,1
37.11,7.9,11.72,19.35,0.5,1
48.1,4.55,16.63,34.25,0.3,0
49.89,2.85,24.18,14.98,0.85,0
63.65,12.5,10.14,46.56,0.5,0
65.06,1.62,4.53,15.14,0.2,0
43.22,5.26,9.61,8.87,0.2,1
38.31,4.26,11.39,21.99,0.5,1
51.27,3.86,8.68,0.91,0.85,1
51.12,0.95,6.31,17.26,0.2,0
24.93,10.13,6.38,69.26,0.2,0
42.76,1.87,14.35,10.33,0.2,1
35.54,4.07,21.63,42.44,0.85,0
25.42,3.69,11.98,32.12,1.0,0
52.74,6.5,8.34,53.43,0.85,0
64.76,1.63,6.46,7.72,0.2,0
52.82,6.09,4.2,0.54,0.5,1
44.45,5.27,6.18,2.09,0.5,1
44.38,3.19,1.17,21.97,0.5,1
59.36,5.98,6.69,6.15,0.3,1
48.55,4.8,4.47,35.36,0.5,1
36.6,11.38,1.44,9.16,0.85,0
59.79,4.26,3.5,23.73,1.0,1
58.78,2.63,17.55,10.94,1.0,0
29.88,6.13,5.82,24.17,0.85,1
51.43,3.96,9.53,3.99,0.5,1
40.33,4.75,5.49,24.64,1.0,1
38.61,2.13,11.37,33.22,1.0,1
45.73,6.55,4.17,70.37,0.3,0
48.68,3.6,8.24,24.31,0.2,0
34.73,5.5,5.13,35.73,0.85,1
22.37,12.5,9.63,10.41,0.85,0
53.76,4.12,3.13,18.79,0.2,1
43.13,7.03,10.27,37.99,0.2,1
48.33,4.28,12.79,24.7,0.85,1
38.49,3.22,8.25,15.77,0.2,1
45.79,9.22,20.24,8.43,0.5,0
47.65,1.31,4.98,50.89,1.0,0
47.6,7.98,3.14,14.52,0.5,1
31.38,1.19,2.88,37.76,0.2,0
40.51,7.55,6.66,11.91,0.2,1
62.85,4.79,3.93,6.79,0.85,1
46.97,2.63,1.0,7.41,0.2,1
52.69,3.74,5.2,62.66,0.85,0
19.76,6.83,5.29,11.21,0.85,0
15.89,12.22,3.62,12.61,0.85,0
57.26,1.68,7.4,29.4,0.85,0
59.29,2.73,20.95,84.34,1.0,0
44.71,2.01,18.21,48.99,1.0,0
49.24,4.26,1.22,32.32,0.5,1
47.09,7.66,14.84,36.31,1.0,1
45.44,1.83,5.13,15.37,0.5,1
62.0,4.72,9.52,22.68,0.5,1
54.0,7.53,8.51,11.43,0.85,1
50.84,3.71,24.07,19.52,0.85,0
42.58,5.3,10.51,3.92,0.2,1
51.89,8.87,10.97,2.24,0.85,0
40.34,2.43,19.22,78.49,0.2,0
59.47,1.41,4.18,21.83,0.5,0
36.63,5.66,8.88,3.09,1.0,1
51.63,5.74,3.55,72.78,0.2,0
35.52,3.56,3.33,73.64,1.0,0
34.56,3.17,12.42,8.83,0.85,0
36.88,4.84,10.5,5.57,0.85,1
58.84,2.4,3.36,52.07,0.85,0
31.98,2.4,9.28,7.54,0.5,1
50.6,6.8,20.07,18.25,0.85,0
49.25,2.3,3.83,0.4,1.0,1
62.98,1.47,4.26,38.18,0.5,0
34.99,3.16,11.63,6.47,0.5,1
36.13,3.62,5.18,44.84,1.0,0
57.06,6.09,13.33,47.81,0.5,0
52.91,3.33,18.45,8.35,1.0,0
55.52,9.65,1.0,54.37,0.2,0
51.8,4.98,6.5,17.74,1.0,1
36.1,2.9,10.2,15.18,0.5,1
64.28,5.96,9.19,41.65,0.5,0
44.33,9.56,9.64,5.75,1.0,0
52.87,6.71,12.02,74.43,0.3,0
44.3,1.76,14.5,1.49,0.5,0
36.13,3.8,5.93,5.17,0.2,1
23.15,5.45,13.19,11.81,0.5,0
61.32,6.56,2.7,8.8,0.5,1
39.93,4.28,12.24,20.35,0.2,1
57.57,3.94,15.25,34.69,0.85,0
32.79,11.33,19.06,43.66,0.5,0
46.47,6.76,11.17,3.56,0.5,1
45.53,5.97,6.41,76.91,0.5,0
44.56,3.41,11.36,48.24,0.85,0
56.64,2.38,4.43,10.94,0.3,1
61.38,6.02,12.14,57.74,0.85,0
38.23,7.15,16.57,55.28,0.85,0
51.55,4.74,20.51,5.8,0.3,0
46.29,6.77,4.56,53.63,0.85,0
30.63,6.86,10.77,23.18,0.85,1
26.11,7.4,23.72,7.38,1.0,0
29.41,1.74,10.91,10.79,1.0,0
54.68,3.86,19.72,59.25,0.2,0
43.41,6.22,8.11,33.38,0.5,1
47.3,4.88,14.11,22.55,0.2,1
31.92,6.87,2.86,60.25,0.2,0
34.98,5.96,4.91,39.07,0.2,1
27.07,1.01,3.46,46.92,0.85,0
63.63,8.32,2.26,17.57,1.0,0
51.71,3.58,8.18,38.84,0.2,0
26.58,2.8,15.81,68.1,0.5,0
44.53,8.18,5.91,62.55,0.5,0
47.58,6.59,5.31,4.79,0.5,1
68.61,8.77,13.38,42.25,0.85,0
52.71,5.48,5.69,17.21,0.85,1
27.92,3.83,10.62,57.53,0.85,0
50.65,5.14,4.17,3.4,0.5,1
25.03,2.5,7.63,78.46,0.85,0
33.76,1.98,9.64,0.16,0.85,1
41.33,3.26,29.4,25.06,0.5,0
20.64,10.13,15.86,25.68,0.5,0
43.15,3.46,1.03,9.42,1.0,1
45.85,1.49,11.06,51.67,0.3,0
56.8,4.35,11.21,4.57,1.0,1
22.52,3.43,9.72,27.44,0.2,0
49.25,8.4,1.5,49.78,0.85,0
48.31,9.76,5.92,11.4,0.5,0
51.4,3.73,4.83,17.18,0.85,1
41.8,5.48,1.73,38.95,0.2,1
57.15,5.73,16.89,37.71,0.2,0
32.89,4.62,10.29,11.1,0.2,1
36.92,4.16,5.65,17.84,1.0,1
39.4,2.69,16.85,22.55,0.85,0
37.89,1.33,15.69,10.29,0.3,0
47.03,2.68,5.2,16.8,0.5,1
66.06,4.53,5.27,18.23,0.2,1
47.53,1.84,4.49,35.36,1.0,1
50.59,5.33,4.62,8.14,0.2,1
52.54,4.94,12.83,12.58,0.85,1
38.85,3.44,5.36,44.0,0.2,0
47.12,4.06,15.12,33.55,0.5,0
39.85,2.06,21.81,5.4,0.3,0
54.26,7.33,2.25,23.71,1.0,1
55.79,7.26,9.39,2.57,0.2,1
50.83,2.3,1.73,12.49,0.2,1
55.97,2.34,6.61,20.39,0.85,1
59.96,2.7,19.24,9.5,1.0,0
41.11,6.38,7.11,21.91,0.2,1
63.98,5.72,11.99,9.63,1.0,1
36.92,8.13,9.51,4.82,0.3,1
56.96,8.61,10.28,23.15,0.5,0
56.76,1.72,27.4,54.64,0.5,0
51.91,6.26,14.86,20.81,0.2,1
39.62,8.43,18.38,17.67,0.85,0
32.5,3.91,11.61,15.57,0.3,0
39.4,4.69,7.61,35.56,1.0,1
65.2,4.3,7.29,8.21,0.2,1
35.76,4.41,22.0,3.57,0.2,0
56.98,7.31,6.17,63.62,0.85,0
61.54,11.12,4.57,26.21,1.0,0
64.31,9.47,3.68,3.15,0.85,0
28.0,3.53,9.62,23.71,0.2,0
42.1,5.49,12.32,33.9,0.5,1
34.44,2.95,8.82,15.45,0.85,1
51.93,3.13,17.56,24.49,0.2,0
50.51,4.57,12.94,22.76,0.85,1
32.53,3.08,4.36,41.41,0.3,0
32.44,3.36,20.55,17.76,0.5,0
64.18,5.42,11.38,25.85,0.85,1
16.92,6.21,4.37,3.29,0.2,0
67.85,6.12,8.11,6.86,0.3,1
53.09,6.16,8.38,41.95,0.2,0
51.2,2.15,10.99,20.52,1.0,1
43.2,2.99,20.55,16.58,0.2,0
18.32,4.85,7.43,27.67,0.2,0
54.32,8.23,10.25,39.72,1.0,0
35.51,12.5,7.42,22.77,0.85,0
40.34,5.61,17.57,13.61,0.85,0
58.95,6.95,20.83,28.23,0.5,0
28.29,2.0,12.98,30.59,1.0,1
38.3,6.85,5.66,13.53,0.85,1
58.66,12.3,10.77,36.01,1.0,0
54.15,2.98,5.54,35.08,0.2,1
26.71,3.43,10.08,9.19,1.0,0
44.62,7.43,7.43,36.21,1.0,0
27.6,4.82,13.49,25.95,0.2,0
35.93,1.25,17.34,23.1,0.85,0
55.32,3.55,1.03,15.36,0.85,1
38.76,9.74,18.1,0.57,0.2,0
51.27,4.04,5.63,9.76,0.85,1
32.89,4.04,12.65,21.3,0.3,1
55.85,7.19,5.14,16.66,0.85,1
25.7,5.72,6.82,13.22,0.85,0
50.22,3.92,10.71,44.33,1.0,0
40.9,3.3,4.14,13.43,0.3,1
31.67,12.5,5.25,71.35,0.3,0
61.06,8.91,8.67,71.99,0.5,0
47.54,6.16,3.48,52.95,0.2,0
55.73,6.37,3.76,9.89,0.85,1
48.92,4.42,11.64,15.01,0.85,1
27.67,5.68,31.88,10.94,1.0,0
49.37,4.16,24.83,32.17,0.85,0
45.78,2.82,8.95,6.13,0.5,1
38.02,5.8,13.4,10.72,0.3,1
48.31,3.96,10.85,23.0,0.5,1
57.52,5.96,1.0,51.12,0.5,0
34.46,6.56,17.58,37.93,0.2,0
59.64,6.13,13.97,1.81,1.0,1
35.28,2.68,5.21,23.93,0.2,1
64.9,3.72,22.08,40.76,0.85,0
63.09,4.01,7.28,4.13,0.5,1
53.27,7.86,7.45,2.32,0.5,1
51.34,7.65,11.59,31.5,0.2,0
40.78,3.1,11.36,30.72,0.85,1
53.59,2.12,11.71,62.98,1.0,0
30.09,12.5,1.4,3.59,0.85,0
46.61,6.0,6.67,10.1,0.5,1
44.71,1.94,1.0,40.55,0.3,1
32.21,3.4,6.75,0.59,0.2,1
45.99,8.03,15.43,9.25,0.3,1
52.85,12.5,5.68,12.39,0.2,0
47.33,11.7,4.42,33.71,0.85,0
58.74,5.87,18.58,9.05,0.5,0
47.14,4.76,5.19,21.05,1.0,1
22.21,2.53,8.63,18.57,0.3,0
53.32,4.98,6.7,21.66,1.0,1
58.06,2.74,2.89,60.17,0.85,0
60.16,3.74,5.18,25.53,0.2,1
42.59,7.43,10.93,12.05,0.2,1
48.92,4.15,2.82,21.8,0.85,1
46.26,3.99,1.84,27.3,0.5,1
25.77,4.62,4.17,27.7,0.2,0
48.3,12.5,6.07,12.28,1.0,0
44.0,2.36,12.42,50.06,0.5,0
51.07,5.54,8.79,13.47,0.2,1
58.36,11.16,8.95,27.28,1.0,0
46.82,4.61,7.19,49.26,1.0,0
58.7,8.82,14.0,16.44,1.0,0
50.17,2.03,1.92,4.08,0.3,1
50.99,4.23,10.28,9.52,0.5,1
61.57,2.92,20.97,41.35,1.0,0
56.28,4.58,10.03,28.0,1.0,1
34.01,4.64,12.94,20.17,0.85,1
46.29,4.91,3.98,22.72,0.85,1
57.35,7.39,10.09,3.4,0.2,1
66.81,0.92,6.41,7.68,0.85,0
49.0,3.31,12.35,18.93,0.85,1
36.22,5.34,4.48,6.46,0.85,0
55.58,1.3,10.11,10.92,0.2,0
29.19,6.6,9.17,11.69,0.5,1
53.19,3.27,12.76,16.83,1.0,1
54.25,4.27,11.62,22.87,0.3,1
35.42,7.57,13.02,3.3,1.0,1
42.86,9.03,18.57,3.55,0.85,0
27.66,6.71,10.06,9.28,1.0,0
49.95,2.31,7.57,11.66,1.0,1
29.9,6.53,8.96,23.53,0.85,1
37.19,6.77,12.06,47.31,0.3,0
36.45,6.08,5.33,10.25,0.85,1
41.81,9.79,4.65,8.75,0.85,0
44.78,4.98,2.94,19.37,0.2,1
53.34,9.6,7.59,20.79,0.5,0
43.62,9.57,2.71,9.28,0.5,0
23.4,6.87,3.42,13.2,0.2,0
56.25,5.59,16.7,5.44,0.5,0
52.73,6.1,10.48,19.57,0.85,1
55.44,10.89,20.45,1.83,0.85,0
54.08,8.22,7.12,39.4,0.5,0
70.62,2.49,7.05,16.39,0.85,1
60.33,5.89,15.88,35.9,0.2,1
39.46,2.83,10.13,22.0,0.2,0
39.34,3.21,9.94,35.57,0.85,1
40.48,3.83,9.85,1.94,0.5,1
47.94,1.9,14.62,18.95,0.2,0
24.92,2.72,11.72,50.87,1.0,0
21.52,10.07,4.62,24.56,0.3,0
48.03,3.2,12.25,4.94,0.85,1
52.48,7.42,9.6,38.57,1.0,1
26.58,5.22,3.48,10.53,0.3,0
61.79,6.39,6.44,8.38,0.85,1
32.06,6.53,13.49,20.28,0.85,0
60.94,2.64,18.88,2.16,0.5,0
39.54,7.39,8.59,54.33,0.85,0
48.64,2.16,12.45,23.09,1.0,1
52.48,3.12,2.09,44.18,0.5,0
39.18,6.48,9.19,28.35,0.5,1
37.59,2.53,9.05,16.38,0.85,1
32.03,1.2,27.94,72.63,0.3,0
29.44,5.75,28.97,55.94,1.0,0
28.06,1.68,8.61,11.26,0.3,0
39.01,6.8,4.19,42.78,0.85,0
59.57,3.99,9.11,39.65,0.5,1
38.0,5.7,11.8,54.29,0.85,0
68.79,5.64,12.98,16.02,0.3,1
37.24,7.07,4.53,37.79,1.0,1
19.22,6.58,13.26,45.12,0.85,0
63.81,2.52,20.39,35.75,0.3,0
55.22,4.13,4.36,0.75,0.2,1
54.46,5.7,8.65,19.61,1.0,1
25.86,9.69,16.16,10.63,0.85,0
38.58,6.61,6.27,19.91,0.3,1
48.93,9.25,2.48,20.04,0.2,0
65.61,5.86,22.54,33.52,1.0,0
48.75,8.3,12.56,35.18,0.3,0
28.33,5.45,4.0,0.73,0.2,1
23.17,8.12,8.36,35.12,0.3,0
65.95,3.87,10.29,41.49,0.2,1
43.98,10.26,18.32,43.3,0.5,0
54.31,6.21,6.08,20.86,0.85,1
51.32,1.91,14.81,4.86,0.2,1
30.27,5.8,1.0,2.04,1.0,1
26.06,6.62,16.59,12.32,0.85,0
24.77,7.53,13.4,30.59,0.85,0
44.22,12.11,19.67,7.58,0.5,0
30.86,3.52,7.51,13.98,0.2,1
27.8,12.15,21.79,54.41,0.2,0
59.73,4.76,14.23,22.9,1.0,1
50.17,3.03,3.9,27.76,0.85,1
44.09,3.57,5.24,11.84,0.85,1
40.71,6.42,14.44,43.89,0.3,0
65.77,2.77,8.39,64.23,0.5,0
43.4,3.91,13.42,23.66,0.85,1
60.64,5.72,8.37,44.97,0.5,0
31.98,10.22,10.87,41.31,0.85,0
38.91,7.41,6.73,49.08,0.2,0
57.76,4.87,8.6,4.99,0.2,1
32.94,6.4,15.62,52.03,0.5,0
42.82,5.42,8.96,57.18,0.85,0
47.53,2.29,11.97,40.05,0.5,1
44.23,11.15,4.86,10.33,0.2,0
48.04,10.31,11.98,0.09,1.0,0
53.28,4.56,3.23,57.76,0.85,0
63.55,3.64,10.66,24.81,0.85,1
58.6,2.33,9.61,21.79,1.0,1
49.91,6.61,7.84,26.66,0.85,1
33.12,6.64,15.03,16.22,1.0,1
25.57,2.91,10.17,20.97,0.5,0
17.69,5.46,5.56,44.89,0.2,0
28.06,7.29,9.13,17.58,0.3,0
42.81,3.5,14.27,28.05,0.85,1
45.2,4.24,15.98,4.22,0.5,1
40.73,4.22,6.34,39.43,0.85,1
44.12,3.02,2.75,31.81,0.5,0
42.03,4.29,5.56,15.77,0.3,1
55.69,1.7,17.09,59.96,0.85,0
55.28,4.1,11.54,51.9,0.85,0
41.92,4.13,21.28,4.6,0.85,0
56.11,4.59,1.9,32.01,0.3,1
60.04,6.15,6.9,8.96,0.85,1
57.37,2.21,7.69,4.82,1.0,1
35.91,2.48,6.65,11.17,0.5,1
32.41,2.98,5.56,27.89,0.85,1
50.27,2.06,8.38,58.96,0.85,0
62.22,6.52,11.79,26.2,0.2,0
53.44,3.41,4.51,53.12,0.5,0
60.74,4.67,14.11,26.25,0.5,1
49.4,2.83,5.0,53.61,0.5,0
33.27,3.85,22.11,47.05,1.0,0
41.12,5.6,13.88,66.77,0.5,0
54.29,5.75,6.54,3.72,0.5,1
60.14,2.54,10.24,10.1,0.2,1
58.59,4.54,7.34,10.33,0.85,1
52.39,2.86,30.37,22.95,1.0,0
69.82,4.45,8.66,22.85,0.85,1
49.62,3.25,11.81,52.46,1.0,0
60.14,11.51,11.08,3.83,0.2,0
45.59,7.27,6.23,6.69,0.85,1
45.13,5.88,7.36,14.29,1.0,1
35.59,4.04,9.02,13.6,1.0,1
33.11,7.38,5.48,25.0,0.85,1
60.73,4.61,4.76,42.6,0.85,0
40.06,10.91,21.67,36.95,0.2,0
44.03,7.77,5.97,41.47,0.2,0
51.11,3.84,6.8,21.03,0.2,1
54.49,10.26,14.87,10.85,0.85,0
56.79,4.06,13.94,20.94,0.2,1
39.47,11.86,4.1,31.3,0.2,0
61.61,10.55,4.19,20.37,0.2,0
16.5,5.58,4.31,15.59,0.5,0
50.83,1.74,9.97,21.97,0.2,0
25.11,5.35,14.91,22.97,1.0,0
21.3,2.38,12.9,45.93,0.3,0
34.64,3.31,7.39,21.72,0.85,1
28.28,3.45,10.2,15.92,1.0,1
59.09,2.37,12.28,57.79,0.85,0
41.08,5.36,1.0,14.14,0.5,1
30.72,3.08,14.93,33.28,0.2,1
29.35,4.16,13.94,4.13,0.2,1
45.44,3.47,12.95,40.39,0.2,1
28.89,6.16,21.47,16.35,0.85,0
61.03,5.93,1.0,37.6,0.2,1
64.74,3.97,14.97,57.15,0.5,0
36.46,6.33,8.52,45.66,1.0,0
26.58,8.84,13.38,16.99,0.3,0
36.45,1.07,1.59,10.96,0.5,0
56.89,3.35,2.32,39.6,0.5,1
56.84,2.66,3.61,31.91,0.2,1
67.56,3.18,4.56,19.88,0.85,0
37.31,0.93,3.87,20.68,0.85,0
56.29,1.04,6.76,6.36,0.85,0
62.46,0.8,6.33,70.24,0.2,0
53.48,3.54,5.02,65.91,0.85,0
32.01,3.48,4.06,39.07,0.5,1
43.71,9.5,11.73,61.1,0.85,0
27.16,5.14,8.63,14.36,0.2,0
23.89,1.03,20.38,37.86,0.2,0
50.8,6.24,14.96,22.15,0.85,1
36.85,12.5,13.23,1.83,0.85,0
61.93,1.08,2.88,29.29,0.85,0
38.96,11.0,17.88,64.62,0.85,0
49.19,4.63,22.47,53.78,0.3,0
45.86,3.71,2.62,62.93,1.0,0
42.62,3.39,15.35,36.41,0.85,1
38.16,5.68,7.85,19.1,0.2,1
35.79,3.72,6.46,6.51,0.5,1
55.9,2.33,11.78,69.92,0.5,0
54.41,3.46,6.42,5.29,0.85,1
41.65,5.77,3.34,28.12,0.3,1
28.27,6.82,12.16,67.17,1.0,0
48.6,11.59,11.41,17.49,0.85,0
41.14,5.02,14.05,41.14,0.2,1
59.73,9.12,9.87,4.08,0.85,0
18.92,4.25,14.28,73.12,0.85,0
57.1,4.58,1.0,10.13,1.0,1
31.98,4.45,13.6,69.91,1.0,0
55.1,5.35,8.1,21.45,1.0,1
49.26,7.47,10.04,51.76,0.5,0
38.43,3.63,17.06,38.52,1.0,0
46.12,2.75,13.75,45.08,1.0,0
43.73,7.78,11.32,38.63,0.85,1
25.88,7.49,3.96,26.22,0.3,0
54.23,9.87,5.54,14.76,0.85,0
43.96,3.31,6.87,7.21,0.2,1
50.69,4.16,19.16,15.09,0.2,0
17.78,7.94,13.72,50.19,0.2,0
49.49,3.61,8.98,42.13,1.0,0
48.6,6.67,13.38,14.76,0.5,1
31.42,4.26,5.69,14.8,0.5,1
62.19,5.67,4.01,17.2,0.5,1
56.54,2.3,10.27,9.69,0.85,1
51.94,4.98,7.92,48.61,0.2,0
57.69,0.8,8.39,4.99,0.5,0
49.5,8.75,4.32,16.56,0.2,0
51.97,7.14,7.08,3.74,0.85,1
23.96,2.64,22.71,47.66,0.3,0
58.45,11.11,2.75,12.35,0.85,0
55.96,8.47,24.19,6.22,1.0,0
30.15,2.37,10.59,8.1,0.2,0
45.52,3.47,7.75,25.86,0.3,1
36.34,2.45,1.0,44.26,1.0,0
32.82,5.75,8.09,3.27,0.3,1
66.57,3.38,8.25,33.02,0.3,0
48.79,1.26,5.3,33.62,0.2,0
42.92,4.57,15.93,18.31,0.85,1
39.11,7.62,7.24,28.29,1.0,0
43.86,5.04,3.35,44.03,0.3,0
37.98,6.35,15.48,16.61,1.0,1
44.95,5.3,11.41,23.3,0.3,1
46.21,6.99,2.15,57.74,0.3,0
41.08,5.56,2.63,7.52,0.85,1
42.62,4.43,22.69,24.28,0.5,0
21.03,5.0,16.27,17.88,0.85,0
40.28,10.06,16.78,2.6,0.85,0
30.21,6.55,3.09,28.25,0.2,0
29.53,2.64,3.56,24.83,0.5,0
54.57,4.96,24.92,50.16,0.2,0
54.79,5.7,26.2,0.56,0.85,0
42.56,4.35,8.51,19.6,0.85,1
46.37,1.26,12.79,20.54,0.2,0
34.08,2.8,12.91,35.23,0.2,0
62.33,3.73,25.71,45.99,1.0,0
36.31,11.78,13.85,25.78,0.5,0
46.0,6.17,6.49,14.7,0.5,1
60.84,1.7,11.44,28.7,1.0,0
57.03,4.5,8.74,26.77,0.2,1
58.65,9.24,8.16,72.96,0.3,0
45.1,3.36,8.62,8.13,0.85,1
33.11,8.1,17.51,28.07,0.2,0
38.34,1.74,6.75,6.35,0.3,0
34.73,0.8,11.49,28.02,0.5,0
27.12,8.73,22.4,20.06,0.85,0
44.69,3.62,6.64,22.87,0.5,0
44.04,1.3,12.15,52.24,0.2,0
25.78,3.79,3.83,10.96,0.85,0
21.58,5.28,15.95,47.5,0.2,0
61.07,6.05,15.21,14.47,0.85,1
29.24,0.8,4.93,32.11,0.2,0
61.7,3.2,3.13,17.42,0.85,1
51.23,4.91,3.63,23.27,0.5,1
55.01,6.05,17.34,1.17,0.2,0
48.34,2.62,8.74,43.77,0.85,0
30.46,4.22,13.16,30.07,0.85,0
31.2,3.35,8.79,3.85,0.85,1
29.92,5.37,16.42,39.69,0.2,0
58.75,8.56,8.48,15.92,0.2,0
59.11,3.91,16.26,37.65,0.2,0
59.29,1.95,5.79,27.9,0.5,1
48.29,3.1,2.42,12.5,0.85,1
38.95,11.05,6.02,48.53,0.85,0
34.31,2.81,10.75,9.1,0.2,1
38.19,2.21,16.12,17.73,0.2,0
56.82,3.77,5.81,48.25,1.0,0
43.76,4.51,2.73,10.89,0.85,1
33.98,3.47,8.03,44.68,0.2,0
49.97,1.75,18.97,25.04,0.85,0
53.15,5.66,8.05,6.37,1.0,1
26.22,5.38,6.49,1.06,0.2,0
32.57,6.85,12.07,3.3,0.2,1
48.74,5.31,7.81,4.49,0.85,1
52.12,10.57,12.18,15.34,0.5,0
63.84,7.13,3.51,10.31,1.0,1
44.81,6.38,8.37,8.25,0.5,1
38.04,8.73,2.78,43.98,0.2,0
64.64,5.13,12.15,15.13,0.85,1
48.9,4.27,13.4,4.5,0.5,1
52.36,5.63,3.87,25.85,0.5,1
54.38,1.21,2.42,10.57,1.0,0
27.57,5.14,7.69,35.78,0.2,0
65.74,4.5,15.23,41.26,1.0,1
52.49,5.96,5.2,15.45,0.85,1
47.04,8.11,10.1,25.78,0.85,1
37.55,6.48,4.58,43.51,0.2,0
32.84,3.1,11.35,30.39,1.0,1
30.19,7.42,4.68,32.93,0.2,1
42.68,10.65,7.04,21.04,0.85,0
39.3,8.22,12.65,3.35,0.2,0
24.53,2.07,11.2,60.86,0.2,0
32.62,6.45,8.07,48.65,0.5,0
46.84,2.27,6.92,67.04,0.3,0
35.88,4.03,17.11,53.7,0.5,0
57.52,5.87,3.97,0.95,0.85,1
50.93,5.45,8.64,35.68,1.0,1
32.41,8.14,8.93,18.53,1.0,1
51.4,10.68,6.66,50.86,0.2,0
45.89,6.19,16.1,8.6,0.5,0
44.52,3.86,1.0,27.03,1.0,1
32.22,1.26,15.4,33.29,0.2,0
48.66,9.21,5.44,14.75,0.85,0
34.43,4.52,1.08,7.51,0.3,1
29.66,4.65,9.23,28.7,0.85,1
41.69,4.86,5.78,27.51,0.2,1
63.39,6.03,8.21,12.56,0.2,1
50.19,6.13,6.38,13.82,0.5,1
47.93,4.07,6.29,53.52,0.3,0
47.13,4.49,13.12,33.21,0.2,1
64.29,3.32,14.69,15.98,0.85,1
36.42,3.1,12.82,18.5,0.85,1
55.75,3.09,9.41,39.04,1.0,1
47.48,4.46,10.93,29.68,0.2,1
62.49,2.74,22.7,42.17,0.2,0
52.68,0.8,6.04,19.32,0.85,0
66.53,3.82,2.98,48.12,1.0,0
33.92,2.15,12.89,26.4,0.3,0
52.63,5.05,6.62,41.84,0.85,1
34.57,3.31,6.79,6.15,1.0,1
41.28,6.07,19.65,28.82,0.3,0
49.51,2.29,5.84,8.38,0.85,1
34.59,1.44,1.39,33.39,0.85,0
41.34,4.5,2.83,8.86,1.0,1
39.85,3.72,13.95,36.72,0.2,1
40.24,2.03,15.0,32.22,0.3,0
35.76,7.14,8.22,11.72,0.85,1
61.42,2.55,5.03,47.31,0.2,0
39.84,3.01,13.28,22.22,0.3,0
26.64,7.86,3.99,59.15,0.5,0
44.01,6.26,3.76,17.97,0.85,1
58.39,2.37,2.83,43.73,0.85,0
50.36,3.92,2.67,9.64,0.5,1
36.89,2.22,8.34,24.16,0.5,1
39.2,7.56,4.96,13.19,0.2,1
25.26,7.55,5.75,60.46,0.5,0
57.22,11.5,9.5,21.78,0.85,0
17.18,12.5,8.26,27.63,1.0,0
44.97,3.28,5.95,31.13,0.85,1
32.14,6.92,22.26,8.0,0.3,0
44.94,1.29,3.92,44.62,0.85,0
52.79,5.26,10.76,5.06,0.85,1
48.97,5.98,18.0,39.16,0.2,0
33.76,2.63,1.73,0.87,1.0,1
41.59,3.16,11.1,42.08,1.0,0
19.13,7.58,15.71,16.42,1.0,0
61.7,6.06,1.91,3.08,1.0,1
45.62,10.73,12.48,63.89,0.2,0
24.67,10.09,13.93,20.51,0.85,0
70.55,1.56,2.51,17.64,0.5,0
54.59,3.48,2.07,34.21,0.3,1
49.33,2.46,8.75,6.17,0.85,1
52.15,7.07,12.37,1.05,0.2,1
23.31,5.55,7.53,6.89,0.85,0
53.64,2.57,14.92,1.47,1.0,1
47.57,2.83,15.08,13.63,0.85,0
51.29,8.93,4.17,30.33,0.85,0
35.28,3.72,2.58,13.37,0.2,1
38.9,1.13,6.36,3.43,0.5,0
41.19,2.43,4.7,17.25,0.5,1
46.89,11.9,14.35,10.97,0.85,0
57.2,7.98,9.45,85.16,0.2,0
55.23,2.13,11.47,11.06,0.2,1
34.89,5.26,13.36,31.56,1.0,1
24.13,7.72,16.19,22.33,0.3,0
56.21,1.54,10.09,36.77,0.85,0
39.49,8.17,10.46,35.3,0.85,1
46.44,6.03,11.74,16.32,0.2,1
53.82,3.05,10.88,63.79,0.2,0
47.01,6.55,17.34,21.15,0.2,0
53.82,5.59,2.68,14.37,0.85,1
49.26,5.8,6.07,11.49,0.85,1
22.11,5.16,1.51,2.17,0.85,0
56.41,2.76,16.32,1.18,0.5,0
48.18,3.09,8.89,72.42,0.85,0
29.96,4.14,15.05,38.59,0.2,0
35.31,4.87,10.25,46.1,0.5,0
27.86,6.76,3.37,39.15,0.85,0
42.13,12.04,2.71,20.71,0.5,0
41.11,5.39,1.84,0.49,0.85,1
47.79,6.69,5.99,63.07,0.2,0
37.53,7.51,18.61,51.58,0.5,0
37.5,6.95,13.19,18.31,0.5,1
46.46,2.7,6.32,43.05,0.5,0
63.65,9.36,6.99,18.05,1.0,0
37.87,8.61,10.12,3.34,0.85,0
25.32,5.12,16.56,28.24,1.0,0
39.75,2.8,13.48,37.5,0.5,1
58.28,4.83,16.84,28.87,0.2,0
56.59,1.68,1.08,13.23,1.0,0
53.28,10.0,22.98,51.07,0.85,0
48.03,3.26,5.42,22.74,0.2,1
35.52,4.02,6.56,24.66,0.2,1
46.23,9.63,11.21,31.73,0.85,0
35.82,9.04,14.83,30.21,0.85,0
65.53,5.71,6.77,45.87,1.0,0
65.19,10.78,12.06,10.37,0.2,0
68.45,2.65,18.64,9.24,0.2,0
42.6,5.71,9.56,15.79,0.85,1
51.18,2.66,9.74,24.56,0.85,1
61.05,8.34,12.28,21.02,0.5,0
28.19,8.18,3.65,43.16,1.0,0
47.67,11.17,12.44,48.52,0.2,0
66.22,4.75,4.17,48.52,0.85,0
41.35,12.5,21.14,38.75,0.85,0
31.15,2.52,4.49,15.56,0.3,1
38.14,4.61,8.36,3.96,0.5,1
33.42,2.58,14.2,20.83,0.5,0
60.99,5.29,6.45,40.68,0.2,1
31.57,2.72,9.32,17.03,0.3,1
39.4,8.35,2.53,12.22,0.3,0
53.34,6.13,12.9,15.94,1.0,1
30.92,2.39,3.25,71.9,0.85,0
45.26,7.34,12.74,7.9,1.0,1
61.54,10.38,3.54,7.18,0.2,0
32.21,6.45,3.71,12.61,1.0,1
34.21,1.96,12.72,49.73,1.0,0
43.38,4.36,6.56,25.54,0.85,1
45.5,6.89,6.11,12.14,1.0,1
40.42,4.13,6.08,38.11,0.5,1
60.69,2.5,10.28,69.94,0.85,0
30.22,8.85,9.06,47.36,0.85,0
27.97,4.03,2.74,10.01,0.3,0
41.93,10.39,11.31,37.07,0.2,0
29.65,3.49,13.29,2.64,0.3,1
46.45,3.9,4.14,4.75,0.3,1
36.37,3.33,5.22,38.96,0.85,1
52.2,4.32,14.2,1.97,0.85,1
32.89,6.08,8.57,29.14,0.85,1
45.89,2.59,6.57,31.47,0.2,1
49.6,2.29,6.55,63.09,1.0,0
42.65,1.52,21.92,10.1,0.2,0
45.91,1.39,7.74,1.74,1.0,0
54.66,1.97,12.69,48.89,1.0,0
19.77,3.48,5.34,26.6,0.85,0
25.35,5.24,8.6,0.45,1.0,0
58.94,5.9,18.66,25.19,0.85,0
52.17,5.11,2.57,14.36,0.2,1
36.15,9.77,2.94,23.44,1.0,0
41.9,11.39,11.58,31.73,0.3,0
57.75,4.04,2.3,33.32,1.0,1
27.42,2.61,8.35,35.99,0.2,0
56.15,12.5,8.27,28.83,0.85,0
66.27,8.69,5.28,24.61,0.2,0
25.7,8.36,10.06,31.67,0.5,0
36.9,3.4,10.72,1.5,0.3,1
32.65,7.44,2.89,18.06,1.0,1
41.52,5.13,11.43,46.31,1.0,0
38.5,4.56,16.12,8.73,0.2,0
54.76,4.55,7.55,17.61,0.85,1
47.75,6.23,1.0,19.81,0.85,1
46.65,9.94,9.12,24.06,0.3,0
57.15,12.5,1.3,11.83,1.0,0
50.23,3.75,17.81,63.44,0.5,0
23.06,5.29,8.2,41.04,1.0,0
54.96,4.49,1.2,5.13,0.3,1
33.49,6.01,8.63,58.25,0.85,0
48.76,4.18,10.11,10.96,1.0,1
32.24,12.5,17.77,4.44,1.0,0
31.03,3.17,5.15,33.27,0.5,1
34.86,3.75,10.05,34.93,0.3,0
64.15,3.43,9.46,13.54,0.85,1
45.66,4.37,3.29,12.73,0.85,1
43.75,2.07,21.22,3.44,1.0,0
35.49,3.47,6.31,8.49,0.85,1
51.26,5.98,12.66,7.81,0.2,1
40.71,5.96,13.97,22.65,0.85,1
28.59,5.46,12.01,62.77,0.3,0
40.75,9.49,3.48,13.35,0.5,0
31.84,6.11,7.27,11.64,1.0,1
51.57,9.33,15.08,27.04,1.0,0
38.05,12.5,14.91,22.96,0.5,0
52.06,7.54,5.43,5.5,1.0,1
39.28,2.07,9.53,17.78,0.2,1
28.28,5.57,14.86,28.03,0.3,0
32.58,5.14,10.68,30.83,0.5,0
62.92,10.38,4.98,27.85,0.2,0
58.59,4.46,14.3,62.91,1.0,0
65.14,2.91,15.16,1.45,0.85,1
54.85,3.59,18.35,46.0,0.2,0
57.04,2.13,15.32,13.91,0.5,0
62.48,0.8,11.03,1.36,0.5,0
57.09,12.5,8.48,3.48,0.3,0
39.8,4.8,30.31,5.78,0.85,0
39.17,2.26,23.75,16.69,0.5,0
31.16,10.87,8.67,14.56,0.5,0
54.76,11.83,13.36,53.27,0.2,0
56.1,5.23,6.7,24.29,0.5,1
56.97,2.0,4.68,24.7,1.0,1
31.3,3.64,17.89,35.75,0.5,0
67.25,4.19,1.91,21.74,0.85,1
63.8,4.89,13.03,11.24,0.2,1
44.53,2.44,15.5,10.99,0.5,1
39.24,7.87,12.63,62.35,0.85,0
56.37,1.05,16.78,14.07,0.85,0
51.11,8.54,5.85,23.3,1.0,0
50.45,9.49,13.98,30.07,1.0,0
29.56,3.85,12.46,7.49,0.5,1
35.0,4.58,24.53,49.41,1.0,0
60.22,10.12,18.05,8.37,1.0,0
49.13,6.76,2.42,1.53,1.0,1
41.85,3.93,3.7,49.24,1.0,0
32.05,4.2,31.83,25.05,0.5,0
23.93,6.25,10.71,29.6,0.3,0
57.64,12.01,3.04,38.0,1.0,0
26.64,4.28,6.59,62.38,0.85,0
46.26,3.86,7.33,7.11,0.3,1
40.22,4.87,2.61,65.35,0.3,0
43.23,4.89,10.82,78.25,0.3,0
38.46,5.67,20.04,8.96,0.2,0
27.85,4.59,12.24,4.16,0.2,0
63.97,8.81,15.97,20.21,0.5,0
58.74,2.77,18.62,18.4,1.0,0
37.0,6.01,23.69,20.63,0.2,0
42.43,6.14,14.61,3.25,1.0,1
20.32,2.93,9.21,30.47,0.3,0
54.05,5.98,2.57,38.76,0.85,1
28.9,6.22,2.18,9.42,0.85,1
54.17,0.8,13.47,11.53,0.5,0
65.03,2.61,5.55,34.76,1.0,1
63.19,10.56,7.68,8.51,0.2,0
44.83,3.36,14.42,14.9,1.0,1
58.22,2.26,10.74,63.28,1.0,0
68.22,1.35,14.31,48.7,0.2,0
35.09,2.46,9.73,20.52,0.2,1
26.51,4.48,4.84,3.62,0.5,0
46.29,2.15,13.89,35.25,0.3,0
28.66,6.8,12.29,15.62,0.2,1
57.19,2.89,9.05,5.5,0.85,1
30.63,5.69,9.81,5.37,1.0,1
58.27,9.77,2.25,4.85,0.2,0
53.46,9.45,12.39,45.63,0.3,0
36.44,5.64,13.11,8.86,1.0,1
54.4,2.36,11.59,15.1,0.5,1
56.72,4.66,8.22,12.62,0.2,1
54.84,5.74,1.43,45.34,0.5,0
34.16,12.5,11.27,26.35,0.2,0
55.43,1.34,13.34,5.5,0.85,0
67.32,4.66,7.22,60.95,0.3,0
59.15,6.67,7.7,68.09,1.0,0
34.49,5.09,4.33,2.17,0.5,1
48.99,5.4,11.21,11.07,0.85,1
36.37,3.0,13.76,19.23,0.2,0
30.35,7.79,10.47,38.65,1.0,1
36.77,4.89,11.19,57.96,0.5,0
51.88,5.39,16.42,5.15,0.85,0
38.05,8.23,18.29,4.13,0.85,0
58.81,4.0,11.79,80.15,1.0,0
52.89,9.18,4.3,38.96,0.3,0
57.69,2.1,3.44,0.35,0.5,1
29.84,5.56,15.3,41.36,0.2,0
43.16,2.89,11.32,61.63,0.2,0
28.62,2.43,5.05,7.84,0.85,1
57.68,11.94,4.92,15.89,0.5,0
60.86,2.18,2.2,22.77,0.5,1
58.81,4.94,9.06,56.54,0.85,0
48.96,2.07,3.5,1.44,0.3,1
48.05,8.89,7.37,47.9,1.0,0
53.54,3.77,4.78,61.26,0.5,0
57.62,8.21,12.75,11.18,0.3,0
57.96,6.55,1.0,23.0,1.0,1
58.43,12.5,7.28,10.47,0.5,0
46.21,1.79,1.98,29.51,0.2,0
24.55,2.6,2.1,65.08,0.2,0
60.62,7.98,3.07,3.49,1.0,1
65.75,5.7,5.85,59.0,0.3,0
52.06,4.17,13.93,4.52,0.2,1
39.56,12.5,9.63,24.67,0.3,0
44.04,4.75,3.84,21.19,0.2,1
33.87,2.96,7.44,7.58,0.3,1
49.97,8.26,18.02,9.3,1.0,0
63.75,4.84,7.86,47.73,0.2,0
45.27,5.05,20.11,22.73,0.5,0
41.42,6.85,18.37,7.89,1.0,0
58.23,6.99,7.53,59.58,1.0,0
28.37,2.57,11.28,42.64,0.85,0
27.96,4.03,14.03,19.72,1.0,0
37.83,1.95,4.48,21.04,1.0,1
56.93,5.75,9.41,37.28,0.85,0
47.27,11.83,3.21,61.45,1.0,0
34.82,2.64,9.02,52.05,0.2,0
58.12,1.71,3.65,0.18,0.85,0
60.3,3.25,13.73,21.22,0.5,1
51.68,4.15,10.73,21.8,0.5,1
59.93,7.03,11.26,79.61,0.2,0
29.48,3.9,5.44,12.4,0.85,1
39.76,5.81,10.62,35.08,0.5,1
66.61,3.54,13.17,19.0,0.5,1
39.43,4.28,6.35,4.02,0.3,1
39.19,2.9,20.01,13.97,0.5,0
21.51,2.35,7.25,41.93,0.3,0
47.91,7.16,7.01,4.68,0.2,1
48.26,3.69,7.37,40.55,0.2,1
49.85,6.04,17.61,8.99,0.85,0
34.55,2.87,6.3,11.32,0.3,1
49.05,4.77,10.7,5.29,0.2,1
52.51,1.07,5.7,9.84,0.5,0
28.44,3.85,13.76,37.12,0.5,0
60.13,3.06,25.25,42.34,1.0,0
69.61,8.7,22.56,62.83,1.0,0
66.03,2.12,3.48,11.87,0.5,1
27.74,4.38,14.61,1.14,1.0,0
49.11,5.71,11.26,14.52,0.85,1
53.17,8.06,13.33,3.98,0.5,0
39.07,7.48,7.32,8.13,1.0,1
45.7,4.58,6.86,17.15,0.2,1
51.21,4.95,8.04,14.26,1.0,1
55.81,8.69,29.21,45.36,0.85,0
33.42,4.53,4.21,19.79,0.85,1
27.52,5.24,18.36,79.25,0.85,0
59.58,8.84,9.53,39.88,0.5,0
40.36,12.5,11.46,10.5,0.85,0
31.2,5.49,2.93,42.51,0.2,0
36.81,6.32,15.06,41.03,0.85,1
40.48,7.36,2.95,20.37,0.2,0
54.77,8.8,11.9,72.6,0.5,0
39.93,8.17,11.08,15.2,1.0,1
44.23,3.38,25.41,7.71,0.2,0
35.77,5.69,16.57,3.14,0.2,0
21.68,8.2,7.36,14.36,0.5,0
48.15,9.78,17.73,2.11,0.85,0
57.44,4.39,2.73,14.73,1.0,1
28.48,5.62,5.84,4.11,0.85,1
44.08,5.97,18.97,28.19,1.0,0
69.66,4.86,9.42,43.5,0.3,0
21.93,5.54,6.25,41.45,1.0,0
27.12,1.03,4.58,30.69,0.85,0
48.42,12.5,7.69,34.09,1.0,0
61.76,4.28,18.8,12.81,0.85,0
38.33,4.47,19.04,11.22,1.0,0
40.98,1.58,10.78,10.28,0.5,0
53.51,1.4,2.95,5.9,0.5,0
60.86,6.2,7.97,31.59,1.0,0
52.83,8.22,9.83,25.57,0.3,0
58.02,7.43,12.99,29.72,1.0,1
51.64,2.86,18.04,11.46,0.3,0
46.29,7.2,28.44,6.02,1.0,0
27.68,4.43,7.73,1.74,0.3,0
46.45,3.83,16.85,2.46,1.0,0
54.51,1.98,15.04,28.44,0.5,1
33.43,3.09,10.22,11.55,0.85,1
45.85,6.28,9.99,33.44,0.2,1
65.17,5.66,23.73,1.37,0.5,0
41.39,5.21,7.24,8.36,0.2,1
45.27,0.99,8.08,69.72,0.2,0
54.59,5.24,9.01,29.09,0.2,1
56.98,3.35,12.51,21.06,0.85,1
32.16,5.68,9.32,2.59,0.5,1
56.94,8.94,10.48,3.2,0.85,0
45.14,3.65,7.34,6.14,1.0,1
22.07,5.03,2.41,50.2,1.0,0
57.99,12.5,10.61,20.08,0.2,0
32.95,5.53,10.8,39.31,1.0,1
39.56,4.69,6.31,56.13,0.2,0
51.84,2.89,10.78,7.56,0.85,1
50.38,7.3,10.77,21.56,1.0,1
62.05,2.59,7.03,71.97,0.5,0
30.38,9.15,12.79,5.22,1.0,0
38.99,6.75,10.31,5.36,0.85,1
39.52,3.42,3.18,23.23,0.3,1
49.6,2.95,8.54,4.56,1.0,1
32.15,3.0,16.63,0.06,0.2,0
40.17,1.42,13.51,48.97,0.5,0
44.72,6.12,3.87,15.28,0.85,1
41.63,1.08,20.42,23.7,1.0,0
52.72,4.52,5.52,23.38,0.2,1
31.83,4.36,6.84,72.63,1.0,0
48.91,3.93,4.87,7.43,0.2,1
30.68,6.1,12.76,15.39,1.0,1
41.97,3.43,9.84,27.36,0.85,1
40.78,5.25,10.04,1.21,0.3,1
34.0,9.15,12.05,5.44,0.2,0
46.64,6.49,10.3,25.93,0.85,0
61.52,3.73,6.76,15.7,1.0,1
56.77,4.77,18.66,41.35,1.0,0
30.18,3.93,10.12,51.73,1.0,0
67.83,4.32,12.77,15.95,0.3,1
40.55,5.34,4.07,18.46,0.85,1
43.78,1.92,7.05,7.71,0.5,1
66.16,1.63,13.75,11.33,0.3,0
35.32,2.74,6.72,6.5,0.2,1
41.0,6.26,12.69,0.42,0.5,1
32.24,6.72,8.85,1.34,0.5,1
42.28,7.26,14.28,15.21,0.2,1
60.28,2.81,12.99,5.22,0.85,1
34.46,5.02,5.54,6.66,0.2,1
24.18,3.8,4.01,38.79,0.5,0
47.97,4.43,7.14,40.53,0.85,1
68.66,3.76,5.69,38.92,0.3,1
39.07,5.51,6.94,68.83,0.85,0
50.28,3.18,2.51,37.29,0.5,1
47.38,8.61,8.32,23.83,0.5,0
32.45,8.65,11.61,26.48,0.85,0
43.56,6.15,6.86,10.44,1.0,1
55.11,8.09,11.89,35.95,0.2,0
43.83,1.87,11.62,2.94,1.0,0
39.4,8.88,2.63,11.15,0.3,0
47.21,5.84,14.7,6.91,1.0,1
62.93,3.29,3.32,4.99,0.5,1
51.33,3.1,9.07,13.51,0.85,1
65.87,10.47,17.08,16.92,0.2,0
50.1,7.32,18.22,21.02,0.2,0
36.42,4.36,7.57,1.71,1.0,1
64.24,1.86,1.0,2.32,0.2,1
60.36,9.12,10.01,25.8,0.85,0
34.75,2.37,28.77,38.7,0.2,0
58.71,3.84,11.64,5.05,0.2,1
28.81,4.36,4.93,5.38,0.5,1
51.77,3.07,9.54,23.12,0.3,1
32.12,4.25,9.83,1.78,0.5,1
35.72,4.73,13.32,17.91,0.5,1
55.45,4.2,15.62,27.69,0.3,1
64.27,5.65,15.55,39.16,1.0,0
33.8,10.67,16.07,7.94,0.85,0
23.01,1.92,17.23,22.54,0.5,0
45.49,5.18,7.2,24.4,0.85,1
43.22,2.38,7.29,1.34,0.2,1
44.19,1.8,8.45,46.26,0.5,0
38.17,7.76,12.36,27.55,0.5,1
59.08,5.43,1.35,39.0,1.0,1
46.23,1.72,7.55,31.62,0.5,0
30.12,4.25,2.81,35.6,0.5,1
39.01,2.75,11.38,37.97,1.0,1
53.17,4.33,6.25,5.09,0.85,1
60.24,6.85,2.44,28.27,0.5,1
50.27,6.48,3.31,4.77,0.85,1
43.56,3.78,17.33,2.99,0.3,0
35.16,7.96,15.7,42.27,0.3,0
27.23,9.52,13.23,12.7,0.2,0
37.2,6.91,5.91,45.36,1.0,0
50.83,3.41,8.94,11.75,0.3,1
46.49,4.41,19.64,15.6,0.3,0
36.15,10.5,16.4,32.65,1.0,0
39.72,3.94,12.14,2.35,0.5,1
37.13,6.49,14.21,31.06,0.5,0
31.53,3.04,1.3,17.24,0.2,0
42.64,7.99,12.74,45.41,0.5,0
47.19,2.83,8.69,11.34,0.2,1
34.3,4.52,4.61,74.66,0.85,0
48.59,6.37,20.94,33.64,0.5,0
40.56,11.62,16.35,17.39,1.0,0
44.68,5.37,15.48,47.08,0.5,0
37.59,4.08,7.7,9.27,0.5,1
54.61,3.91,5.11,0.31,1.0,1
54.39,7.8,11.36,66.01,0.5,0
55.36,6.09,8.97,24.81,1.0,1
41.85,6.78,11.74,70.0,0.5,0
31.61,10.11,7.75,60.34,0.85,0
52.45,4.91,18.7,46.81,0.3,0
66.57,5.86,20.93,25.95,0.85,0
23.42,3.88,14.19,25.03,0.85,0
58.28,2.97,6.19,25.88,0.5,1
42.75,3.33,4.2,33.17,1.0,1
49.43,0.8,8.1,69.04,0.2,0
36.76,6.33,8.15,22.5,0.85,1
41.76,5.99,14.96,5.89,0.85,1
48.53,6.26,1.29,22.78,0.3,1
46.45,2.85,2.98,57.11,1.0,0
45.4,3.36,6.73,44.31,0.5,0
28.57,3.3,3.54,30.94,0.85,1
53.59,8.4,7.32,39.67,1.0,0
30.11,5.27,4.95,27.27,0.2,1
63.21,4.88,23.88,26.16,0.85,0
52.95,7.11,9.26,8.38,1.0,1
35.71,3.3,10.97,4.93,0.5,1
24.9,5.79,14.86,23.06,0.5,0
66.29,12.42,9.15,4.62,0.5,0
21.69,9.1,8.25,14.28,1.0,0
36.53,5.74,10.27,47.33,0.3,0
48.65,4.99,4.09,3.12,1.0,1
38.45,6.23,14.63,24.29,0.5,1
49.99,9.76,11.06,38.37,0.2,0
34.09,9.39,19.22,17.07,0.85,0
41.95,10.61,13.17,23.29,0.85,0
41.25,5.43,6.06,16.03,0.85,1
42.71,1.08,14.9,34.95,0.2,0
52.64,11.96,3.11,2.1,1.0,0
53.88,2.97,3.45,68.68,0.85,0
41.87,1.19,17.51,6.84,0.85,0
53.78,7.05,4.1,0.7,0.85,1
47.13,1.1,2.93,53.95,0.85,0
44.68,4.83,22.84,34.11,0.2,0
34.17,1.08,7.75,7.9,0.5,0
56.33,3.95,13.09,4.26,0.5,1
61.2,10.63,13.14,43.74,0.85,0
45.54,5.78,5.92,13.38,1.0,1
59.87,4.8,3.16,60.45,1.0,0
30.62,6.13,4.15,32.91,1.0,1
63.65,0.8,7.59,61.4,0.2,0
39.3,3.26,20.79,21.54,1.0,0
50.05,3.56,7.33,30.48,0.3,1
40.16,6.65,17.4,18.43,0.5,0
42.36,2.58,14.5,39.17,0.85,1
29.93,5.3,9.52,58.5,0.85,0
43.71,4.54,3.35,5.57,0.2,1
53.53,3.37,12.62,35.5,1.0,1
42.41,3.5,12.08,10.27,0.2,1
50.48,4.52,8.45,13.66,0.2,1
55.58,1.32,8.62,2.92,0.2,0
47.35,7.16,1.97,0.92,1.0,1
56.59,2.96,7.06,5.98,1.0,1
63.57,4.09,7.97,0.87,1.0,1
60.39,10.42,4.41,58.22,0.85,0
56.64,7.23,4.81,9.18,0.3,1
58.93,2.29,5.77,69.17,1.0,0
56.05,0.8,9.11,1.76,0.3,0
40.0,6.27,2.64,6.63,0.85,1
32.18,4.18,8.82,19.38,0.3,1
55.15,5.32,7.01,7.44,1.0,1
42.73,7.1,9.19,14.31,0.3,1
46.26,7.7,9.74,14.15,0.3,1
38.8,3.73,15.16,5.97,0.5,1
47.57,4.48,7.13,3.56,0.85,1
64.13,5.88,15.11,43.08,0.85,0
36.43,6.09,2.98,58.29,0.5,0
50.08,5.29,1.46,5.27,1.0,1
51.08,9.82,4.52,56.38,1.0,0
34.33,6.05,9.83,28.23,1.0,1
45.81,7.05,14.02,17.26,0.2,1
47.71,5.54,21.42,32.56,1.0,0
28.38,2.56,5.77,28.74,1.0,0
57.24,3.25,6.63,27.34,0.2,0
55.31,2.23,5.55,40.91,0.5,1
59.73,8.16,6.36,3.89,0.2,1
46.2,1.71,7.5,28.2,0.85,0
40.88,4.37,10.72,5.81,0.3,1
48.25,3.85,9.8,30.75,1.0,1
37.07,3.79,2.3,7.07,1.0,1
62.53,3.98,9.36,8.9,0.2,1
30.33,10.79,13.68,59.63,0.2,0
48.37,1.26,11.49,44.64,0.85,0
21.84,9.18,11.36,1.43,0.85,0
43.77,4.18,3.01,24.64,0.2,1
43.91,7.43,9.23,9.56,0.5,1
48.49,4.97,5.69,13.2,0.3,1
23.95,2.38,13.59,20.36,0.2,0
50.17,9.64,2.22,41.04,0.5,0
28.75,8.87,10.62,12.26,1.0,0
59.45,2.49,3.77,7.64,0.5,1
46.03,6.52,9.14,26.4,1.0,1
62.66,3.34,1.76,27.14,0.85,1
55.75,1.77,9.08,69.16,0.85,0
32.84,2.96,11.4,17.52,0.85,1
58.82,9.35,6.82,7.94,0.3,0
19.81,7.53,19.7,14.13,0.5,0
38.21,4.01,7.97,30.54,0.2,0
64.04,9.37,6.26,12.85,0.2,0
37.23,8.51,14.62,32.6,1.0,0
50.4,2.96,4.9,19.77,0.85,0
45.27,10.56,14.32,44.59,1.0,0
46.52,3.82,16.07,13.43,0.85,0
39.99,4.13,5.77,7.01,1.0,1
28.7,1.28,11.82,55.93,0.3,0
60.88,3.31,8.2,23.2,0.5,1
47.21,4.39,9.96,20.33,0.5,1
22.37,5.62,10.23,40.27,0.2,0
45.66,2.38,4.79,29.21,0.85,1
38.22,3.05,15.9,25.75,0.5,1
50.26,10.68,24.28,26.19,0.3,0
30.63,8.22,9.22,9.51,1.0,0
38.49,9.02,3.66,46.13,0.2,0
38.26,4.6,12.89,18.57,1.0,1
24.79,5.71,4.22,39.66,0.2,0
53.91,6.6,1.89,26.81,0.85,1
56.01,10.6,8.55,40.48,0.85,0
31.13,1.74,11.82,47.63,0.85,0
50.88,3.5,8.94,7.53,1.0,0
27.09,5.43,4.68,18.38,0.85,0
63.79,4.98,8.71,11.2,1.0,1
49.86,3.02,4.25,19.48,0.2,1
19.35,6.3,18.03,1.63,0.85,0
55.73,3.59,8.01,41.71,0.5,1
39.11,4.78,6.44,6.82,0.85,1
60.83,6.15,13.99,10.35,1.0,0
63.84,3.69,9.68,37.87,0.3,1
56.41,7.2,3.8,33.56,1.0,1
45.89,7.9,3.35,12.29,0.2,1
39.13,3.09,5.75,19.8,0.85,1
48.85,3.57,13.51,32.51,1.0,1
30.93,2.61,8.29,23.68,0.85,0
48.19,4.73,4.59,13.79,0.5,1
51.14,5.62,1.83,16.85,0.2,1
43.4,3.89,7.18,50.79,0.85,0
57.43,5.53,5.29,6.06,0.2,1
49.33,3.52,20.15,18.85,0.3,0
69.41,3.58,4.8,5.55,0.5,1
47.62,5.78,12.25,80.93,0.85,0
36.82,3.72,5.21,41.9,0.3,1
31.86,4.58,2.44,43.7,0.2,0
55.82,5.89,1.0,0.73,0.2,1
51.23,5.49,5.74,9.66,0.3,1
45.57,3.55,17.81,19.38,0.2,0
55.38,8.32,5.3,62.79,0.85,0
46.55,1.68,9.75,45.63,0.85,0
42.72,0.8,5.39,49.39,1.0,0
20.69,6.44,12.45,50.21,0.85,0
68.1,5.43,13.57,17.85,1.0,1
54.93,2.39,4.91,42.85,0.3,0
59.11,5.05,2.16,19.65,0.85,1
33.6,3.27,3.7,0.54,0.85,0
39.41,6.19,8.85,19.77,0.2,1
33.92,0.8,7.63,6.76,1.0,0
42.21,4.1,3.19,27.46,1.0,1
53.57,3.45,3.44,9.74,1.0,1
54.35,7.21,9.84,5.21,0.5,1
59.07,1.31,26.65,2.72,0.2,0
53.58,4.87,18.75,35.88,0.2,0
43.85,6.4,16.94,4.15,0.3,0
61.78,11.63,2.69,30.72,0.85,0
44.08,3.58,3.4,11.71,0.3,1
47.07,5.67,12.38,20.43,0.85,1
28.49,1.38,17.02,3.32,0.85,0
25.45,4.74,6.22,17.05,0.85,0
34.32,8.64,8.95,3.22,0.3,0
68.85,11.69,7.45,12.08,0.2,0
57.98,5.96,3.79,16.49,0.85,1
54.39,1.67,7.85,16.7,0.5,0
64.75,9.36,7.88,17.55,0.2,0
30.8,1.68,11.08,15.68,0.85,0
48.01,2.25,13.22,18.42,0.3,0
32.25,9.78,13.99,33.98,0.3,0
33.59,4.54,4.23,39.84,0.2,0
59.51,3.34,10.7,0.5,0.3,1
45.36,6.87,5.23,6.07,0.3,1
58.6,5.2,13.73,35.02,0.2,0
49.35,8.24,8.89,3.15,0.2,0
50.01,5.33,6.99,37.1,0.85,1
46.03,5.4,16.51,52.78,0.5,0
48.32,8.08,16.21,17.31,0.85,0
65.73,4.51,18.72,35.14,0.85,0
38.58,2.75,10.07,54.12,1.0,0
60.37,7.08,11.75,4.64,0.2,1
43.04,4.01,7.98,15.45,0.2,0
43.04,5.57,17.51,82.51,0.85,0
32.32,1.17,8.79,2.53,0.3,0
50.1,4.41,12.93,6.67,0.5,1
25.29,3.48,15.5,15.76,0.2,0
53.01,1.14,8.0,44.15,0.2,0
32.3,4.48,15.36,78.05,0.2,0
69.26,4.57,16.96,24.62,0.5,0
63.18,5.79,1.0,22.27,0.2,1
46.41,8.57,8.09,4.85,0.2,0
25.08,7.85,20.7,37.54,1.0,0
32.29,3.63,2.23,40.65,0.2,0
27.8,5.26,8.14,29.26,0.85,0
61.4,6.24,14.68,12.68,0.85,1
54.04,3.69,8.74,47.77,0.2,0
52.71,1.79,12.76,33.99,0.85,0
37.81,4.21,16.0,14.02,0.3,0
44.21,8.75,4.83,40.95,1.0,0
35.48,1.73,4.95,18.62,1.0,0
54.8,2.58,13.11,28.69,0.85,0
39.62,2.93,6.99,2.84,1.0,1
34.17,2.6,6.19,49.47,0.2,0
49.15,6.89,10.68,12.09,0.85,1
41.71,3.26,21.77,46.86,0.2,0
34.63,6.98,4.51,7.6,0.2,1
26.68,4.87,12.48,1.39,0.85,0
39.87,1.45,11.66,43.34,0.3,0
44.37,3.74,13.34,10.52,0.85,1
60.51,7.97,9.52,62.71,0.2,0
35.04,5.17,13.66,34.71,0.2,1
43.84,3.91,1.0,50.25,0.2,0
39.65,8.81,10.14,38.16,0.5,0
45.73,2.42,3.73,38.81,0.85,1
64.69,3.33,10.77,15.51,1.0,1
48.07,7.58,13.19,41.18,1.0,0
51.72,6.81,8.13,47.36,1.0,0
47.4,2.29,11.74,20.74,0.2,1
56.59,6.13,21.71,43.67,0.2,0
28.15,3.23,20.48,25.46,0.2,0
46.35,1.1,6.18,4.33,0.85,0
42.42,3.95,4.83,53.54,0.2,0
42.76,12.08,11.22,71.18,0.5,0
48.9,8.05,8.72,52.21,0.2,0
42.0,4.62,3.07,26.05,0.3,1
33.29,1.65,3.23,32.11,0.2,0
53.12,1.12,6.23,28.54,0.2,0
53.55,4.88,32.01,12.64,0.2,0
44.85,5.91,6.71,25.33,0.2,0
49.82,6.93,2.91,1.54,0.2,1
44.92,6.51,6.91,19.14,0.2,1
37.15,6.81,5.01,20.89,0.85,1
36.29,5.53,6.97,71.85,0.2,0
57.05,8.71,9.12,13.99,0.2,0
33.9,3.48,19.16,45.63,0.5,0
44.6,4.84,1.54,47.31,0.2,0
33.91,1.45,13.17,61.96,0.2,0
56.02,3.44,1.11,10.72,0.2,1
46.51,7.93,3.23,45.73,0.5,0
31.85,6.69,7.75,45.51,0.2,0
35.38,0.82,15.7,4.57,0.3,0
42.88,12.5,9.99,32.33,1.0,0
41.16,5.18,11.2,22.16,1.0,1
58.32,5.24,2.07,14.83,0.3,1
51.89,3.31,15.18,30.68,0.2,0
60.81,3.75,6.61,42.84,0.2,0
56.03,5.15,4.32,26.3,0.3,1
47.27,6.49,1.95,68.35,1.0,0
23.57,5.67,16.15,4.62,0.2,0
28.55,3.47,7.74,3.61,1.0,1
41.15,2.73,13.44,47.24,0.85,0
36.82,2.61,9.5,16.53,1.0,1
37.77,8.26,10.09,28.55,0.2,0
41.97,7.74,21.24,47.4,1.0,0
29.58,6.17,11.59,37.17,0.85,1
45.54,8.22,10.35,15.36,1.0,0
69.24,4.42,9.79,26.59,1.0,1
41.22,7.39,9.52,15.44,0.5,1
64.57,6.35,21.41,25.97,0.5,0
28.27,7.49,6.81,4.32,1.0,1
42.8,2.45,1.65,63.18,0.2,0
43.55,0.8,3.25,15.13,0.5,0
56.2,5.48,14.2,16.19,0.5,1
33.71,3.87,18.49,43.79,0.85,0
39.47,0.95,2.57,13.02,0.2,0
44.77,8.95,3.05,25.76,0.5,0
48.75,7.75,3.09,25.49,0.5,0
32.15,5.75,4.45,31.03,0.2,1
43.67,2.83,3.53,54.26,1.0,0
45.02,1.41,7.18,63.05,0.2,0
19.74,0.94,7.61,32.49,0.5,0
29.14,3.42,9.31,43.81,0.5,0
25.72,6.86,14.03,4.24,0.2,0
57.33,3.9,10.21,24.47,0.5,1
55.89,6.21,2.92,5.38,0.2,1
50.32,6.38,14.49,28.97,0.5,1
46.94,6.81,13.13,63.45,0.3,0
45.21,1.23,13.55,24.18,0.5,0
51.23,2.99,10.05,66.48,0.85,0
30.18,6.15,7.85,24.32,0.2,0
30.03,9.97,4.33,19.61,1.0,0
21.66,8.53,20.1,3.19,1.0,0
29.99,5.59,16.31,14.46,0.85,0
17.96,9.0,5.49,36.63,0.5,0
52.24,5.56,6.51,10.93,0.5,1
43.95,1.7,2.38,10.91,0.5,0
51.22,6.75,13.09,26.86,0.85,1
48.18,8.68,11.45,12.29,0.2,0
52.79,11.59,14.04,23.12,1.0,0
46.85,3.36,3.22,4.77,1.0,1
56.82,2.28,3.31,27.66,0.5,0
29.89,7.4,15.72,11.92,0.85,1
43.05,5.95,11.97,26.12,0.5,1
47.98,5.67,6.21,34.8,0.5,1
56.93,9.07,8.21,28.19,1.0,0
48.13,7.38,7.83,39.72,0.85,1
35.77,6.26,8.74,44.65,1.0,0
41.03,3.62,7.25,5.57,0.85,1
42.75,7.07,20.75,5.23,0.5,0
51.01,2.22,6.88,6.77,0.85,1
31.76,5.55,7.43,28.17,0.85,1
53.16,4.66,15.63,18.72,1.0,1
54.01,1.64,1.0,9.22,0.85,0
43.93,5.96,13.88,13.7,0.2,1
43.02,3.37,5.28,28.58,0.85,1
33.86,5.89,10.27,30.26,0.85,1
39.92,2.63,5.66,2.15,0.2,1
47.24,7.42,16.42,24.08,0.5,0
26.37,10.78,18.65,13.93,1.0,0
45.68,2.22,4.52,13.09,0.5,1
48.83,2.62,16.82,15.95,0.2,0
67.1,1.98,3.75,4.62,0.85,1
53.23,4.2,8.12,68.54,0.5,0
31.93,5.84,1.2,20.59,0.5,1
62.95,6.84,7.47,17.37,0.3,1
44.24,5.49,2.8,25.5,0.2,1
23.18,6.73,11.44,31.68,0.5,0
33.44,4.57,11.71,48.95,0.5,0
30.35,3.34,3.47,8.82,0.3,1
37.44,2.66,14.36,37.63,0.2,1
51.68,4.29,5.08,19.51,0.2,1
40.82,2.71,6.2,2.77,0.2,1
38.38,5.74,3.37,30.81,0.2,1
56.83,2.73,15.27,50.76,0.85,0
44.36,3.56,8.94,14.58,0.2,1
48.29,8.23,15.84,46.61,1.0,0
52.93,8.65,7.92,14.11,0.3,0
48.31,8.51,7.46,8.51,1.0,0
51.61,4.61,8.4,2.59,0.2,1
51.42,3.43,8.77,34.99,0.2,1
40.78,6.22,7.35,3.76,1.0,1
63.91,2.77,8.43,67.22,0.85,0
61.08,7.02,8.69,42.06,0.2,0
54.21,3.24,25.94,0.69,0.2,0
25.9,4.19,10.98,0.37,0.2,0
42.73,7.1,15.88,26.86,0.2,1
38.32,1.36,8.81,1.22,0.2,0
32.72,3.33,10.26,60.1,0.85,0
52.24,5.81,1.69,41.56,0.2,1
44.59,6.49,6.01,15.68,1.0,1
45.77,5.93,14.37,31.38,0.3,0
53.32,4.16,6.72,2.74,0.85,1
41.99,7.48,12.67,30.53,0.2,1
47.67,2.61,1.55,22.97,0.85,1
56.28,2.54,9.83,66.71,0.2,0
47.27,5.78,25.26,18.06,0.85,0
59.53,2.43,12.46,42.04,0.85,0
51.59,10.97,12.18,46.43,1.0,0
44.97,3.38,8.72,13.56,0.3,1
43.2,7.41,5.96,46.15,1.0,0
56.29,2.17,7.76,28.97,0.85,0
38.31,9.78,9.19,6.18,0.2,0
27.0,4.79,12.47,55.51,1.0,0
35.97,3.33,4.22,8.38,0.2,1
50.41,4.0,7.15,12.46,0.2,1
33.76,3.02,15.91,5.5,0.2,0
44.21,4.18,1.0,19.39,0.2,0
52.03,2.25,14.87,17.97,0.5,1
28.83,3.39,2.21,4.78,0.5,1
31.5,7.33,13.76,4.5,0.2,1
26.83,5.33,25.67,4.4,0.85,0
27.92,2.58,13.11,1.4,0.2,0
24.1,4.26,9.47,58.66,0.3,0
56.64,8.7,3.7,52.14,1.0,0
25.2,3.63,2.29,27.95,0.3,0
37.89,2.41,7.62,36.12,0.5,0
41.33,6.36,7.74,11.18,1.0,1
49.42,0.99,5.29,79.13,0.5,0
62.97,4.05,7.58,51.63,0.5,0
29.42,9.1,6.06,29.25,0.2,0
36.36,4.2,2.26,16.1,0.2,1
20.21,7.72,8.24,12.47,0.3,0
35.21,2.39,8.75,52.09,0.85,0
55.94,4.1,12.21,20.07,0.5,1
38.69,3.89,9.72,28.19,0.85,1
43.27,6.18,17.63,25.88,0.5,0
31.78,4.93,6.9,25.5,0.3,0
49.46,9.73,5.1,12.59,0.5,0
64.5,3.51,2.52,4.63,1.0,1
41.63,4.9,7.39,21.27,0.3,1
30.4,3.97,2.15,6.59,1.0,1
53.95,4.71,8.73,11.93,1.0,1
35.91,4.47,17.25,8.44,0.2,0
22.4,2.75,9.51,48.25,0.85,0
29.47,7.12,11.4,4.93,0.5,1
51.21,3.18,16.69,7.78,1.0,0
43.16,3.05,3.75,53.06,0.2,0
50.44,1.7,9.72,27.58,0.2,0
59.53,3.45,7.03,22.87,0.2,1
52.46,3.16,10.25,12.67,0.85,1
43.88,0.8,3.67,22.98,0.85,0
45.99,1.14,7.02,12.81,0.5,0
17.87,4.17,12.29,54.01,0.2,0
54.3,9.51,10.04,24.6,1.0,0
41.58,1.92,13.04,22.14,0.2,1
46.92,4.66,8.23,26.68,1.0,1
35.65,4.12,4.31,7.0,0.85,1
41.19,6.63,5.22,24.75,0.85,1
46.97,6.89,13.6,26.25,0.2,1
43.96,12.5,6.91,56.48,0.2,0
45.02,5.44,7.68,25.8,0.3,1
46.8,2.91,15.18,34.85,1.0,1
65.77,3.39,5.06,14.07,0.85,1
37.08,3.6,14.69,19.77,0.5,1
45.62,3.23,3.48,5.12,0.85,1
59.11,10.73,3.94,45.05,0.2,0
37.14,6.71,6.97,38.05,0.5,1
40.08,1.59,14.84,43.31,0.2,0
56.2,6.15,12.67,16.81,0.3,1
33.62,2.45,13.49,30.15,0.85,0
51.3,6.85,4.6,12.18,0.85,1
33.35,8.36,22.99,17.74,0.85,0
67.05,4.16,3.07,37.99,0.85,1
33.15,3.37,3.28,60.77,0.85,0
37.24,9.86,7.02,11.35,1.0,0
34.51,3.12,9.41,14.96,1.0,1
60.66,2.93,13.24,25.27,1.0,1
53.23,2.64,11.49,19.18,0.5,1
55.63,4.53,16.98,13.12,0.85,0
36.54,5.43,10.46,32.91,0.3,1
41.99,7.77,2.62,6.98,0.85,1
62.29,6.3,8.54,4.59,0.5,1
37.89,6.25,13.66,4.38,0.5,1
42.12,9.02,8.73,1.38,1.0,0
34.21,2.56,3.64,6.08,0.5,1
44.79,1.84,12.19,6.96,0.5,1
24.75,6.46,12.76,30.16,0.3,0
63.91,4.41,13.44,68.3,1.0,0
56.86,7.78,6.81,24.02,0.5,1
46.13,4.65,11.91,0.4,0.2,1
21.84,3.3,12.92,36.86,0.85,0
44.08,6.51,7.39,42.09,0.2,0
28.98,4.97,7.8,26.65,0.5,0
33.38,4.65,8.87,8.34,0.2,1
27.24,12.5,10.65,39.14,0.2,0
40.54,8.66,6.24,5.58,0.3,0
31.48,6.95,4.22,33.1,0.5,1
45.07,5.05,5.46,11.71,0.5,1
32.8,4.82,9.48,39.87,0.2,0
54.44,3.98,13.13,29.12,0.85,1
52.13,5.33,16.48,12.94,0.85,0
50.14,3.56,17.36,30.16,1.0,0
55.41,2.23,10.07,54.11,1.0,0
62.5,4.62,16.16,14.91,0.3,0
40.79,5.57,5.67,26.32,0.85,1
63.93,7.79,8.15,37.46,1.0,0
56.64,2.94,5.08,31.84,0.5,1
33.27,4.84,3.79,1.83,0.2,1
45.67,6.27,11.62,8.45,0.2,1
46.7,6.2,5.3,86.41,0.5,0
48.12,10.45,9.94,43.51,0.5,0
50.88,4.03,2.61,38.64,1.0,1
37.95,2.79,4.25,8.17,0.2,1
65.67,5.02,6.29,67.26,0.5,0
60.57,4.15,7.51,8.55,0.85,1
44.0,3.74,5.57,31.59,0.85,1
43.05,3.46,12.64,64.51,0.2,0
69.01,5.58,2.39,17.67,0.2,1
40.29,3.19,9.79,16.96,0.3,1
24.62,6.95,1.51,3.62,0.3,0
38.49,6.78,17.71,27.0,0.5,0
50.74,5.85,10.96,16.73,0.5,0
42.09,2.56,11.9,17.34,1.0,1
23.86,5.45,12.22,4.9,0.5,0
38.86,8.06,9.51,36.89,0.3,0
31.08,7.21,3.37,2.95,0.85,1
54.56,6.69,7.84,3.83,0.5,1
45.5,4.8,13.17,46.95,0.2,0
31.21,4.69,23.86,16.84,0.3,0
56.58,8.74,6.32,2.23,0.3,0
57.87,5.53,11.09,19.11,1.0,1
49.3,5.57,23.98,45.99,0.5,0
57.41,12.5,10.08,37.42,0.85,0
63.72,3.98,14.45,38.61,0.85,1
40.16,1.07,10.34,38.76,0.2,0
33.29,4.31,8.04,70.74,0.85,0
35.6,4.45,11.76,9.79,0.2,1
61.74,5.49,16.11,54.78,0.3,0
40.31,6.17,13.91,42.42,1.0,0
61.03,1.22,16.58,40.99,0.5,0
31.23,6.24,20.35,3.42,0.85,0
29.9,4.6,13.09,2.05,0.3,1
57.73,4.08,15.35,17.35,0.5,1
50.63,1.64,5.69,0.82,0.5,0
42.66,9.67,4.13,13.43,0.85,0
24.83,3.72,7.37,1.77,0.2,0
39.65,6.74,6.35,3.01,0.3,1
34.67,2.91,7.77,37.75,0.2,1
21.59,5.62,3.87,25.1,0.3,0
43.32,4.12,7.86,8.14,0.5,1
32.33,6.63,14.85,29.54,0.2,1
54.0,4.04,2.13,2.96,0.85,1
57.85,2.83,5.57,2.6,0.2,1
48.18,4.71,7.51,31.02,0.5,1
48.58,4.58,10.17,28.82,1.0,1
38.6,5.42,8.06,26.57,0.5,1
46.92,7.67,1.69,9.32,0.2,1
37.11,2.46,11.1,57.98,0.5,0
40.17,7.47,12.43,8.32,0.3,1
38.02,2.23,3.42,39.45,0.2,0
34.93,6.5,1.03,66.22,0.5,0
39.05,6.6,9.77,9.48,0.5,1
40.19,3.61,16.24,32.32,0.2,0
13.72,3.0,13.16,2.74,0.85,0
26.54,2.91,9.0,55.48,0.5,0
55.98,4.95,6.89,27.61,0.5,1
20.16,6.83,1.44,0.53,0.2,0
16.73,4.38,13.93,68.06,0.3,0
28.51,0.99,5.18,32.95,0.85,0
46.58,3.47,25.12,23.87,0.5,0
44.47,3.4,2.6,11.21,0.85,1
57.55,6.15,17.02,22.22,1.0,0
61.64,6.31,5.46,16.59,0.85,1
49.11,5.16,17.54,70.49,0.3,0
52.9,7.47,8.07,9.37,0.2,1
38.51,7.76,5.23,8.53,0.3,1
31.2,3.59,3.28,13.75,0.2,1
29.94,2.87,3.6,13.22,0.2,1
60.06,4.55,19.68,22.78,0.85,0
48.77,5.15,5.98,2.33,0.5,1
46.03,3.49,22.34,30.65,0.5,0
55.21,12.5,15.17,10.61,1.0,0
51.22,9.38,12.96,1.7,0.5,0
31.05,3.3,12.55,18.13,1.0,1
60.78,2.52,17.09,70.81,0.2,0
40.13,3.15,5.16,19.38,0.5,1
65.73,7.83,17.64,21.78,0.2,0
48.64,7.93,8.25,20.72,1.0,1
28.38,9.44,13.26,87.74,1.0,0
68.37,2.82,14.08,59.24,0.2,0
47.72,6.14,15.34,3.88,0.2,1
42.94,2.97,8.26,22.72,1.0,1
49.85,10.47,5.54,27.33,0.2,0
33.11,2.88,16.27,0.58,0.3,0
22.06,2.18,2.4,40.13,0.2,0
50.67,2.44,10.1,29.75,1.0,1
41.97,4.72,13.55,8.05,0.85,1
31.93,6.78,16.57,21.3,1.0,0
43.73,6.55,3.52,7.61,0.85,1
62.27,2.5,8.49,24.92,0.5,1
53.55,3.82,12.05,64.1,0.5,0
49.7,3.54,17.82,28.32,0.5,0
39.57,2.29,10.98,7.69,0.2,0
53.56,3.5,5.34,2.27,0.85,1
56.03,9.24,3.8,21.27,0.2,0
46.52,2.1,7.69,58.96,1.0,0
41.79,5.34,4.33,53.7,0.85,0
38.47,9.35,12.23,10.68,0.5,0
45.13,9.1,9.37,16.31,1.0,0
36.38,10.72,5.43,15.16,1.0,0
50.79,5.61,10.77,13.21,0.85,1
34.5,6.05,3.05,0.62,0.3,1
46.97,3.53,10.97,3.24,0.85,1
33.84,2.07,11.61,29.12,1.0,1
58.26,4.38,1.14,40.01,0.85,1
40.25,8.32,11.67,34.16,0.85,0
39.86,0.97,6.52,45.12,0.5,0
44.2,3.63,2.05,7.32,0.3,1
35.98,6.35,7.92,8.13,0.85,1
49.99,4.76,7.01,52.48,0.2,0
49.51,8.85,12.24,19.32,0.2,0
48.86,7.89,12.09,27.62,0.5,0
63.65,1.91,8.03,28.64,0.85,1
31.75,4.97,11.42,2.87,0.2,1
29.16,3.06,15.88,17.76,0.85,0
40.01,3.04,2.29,53.32,1.0,0
34.66,2.0,4.0,9.0,0.85,1
51.98,5.42,8.51,26.79,0.2,1
36.23,8.94,15.44,4.47,1.0,0
63.59,5.68,9.06,6.84,0.85,1
56.11,1.92,4.52,38.09,0.3,1
35.03,4.61,20.03,9.54,0.5,0
57.69,6.22,5.13,74.29,0.3,0
19.76,4.43,15.06,17.44,1.0,0
42.57,5.62,33.23,24.7,0.5,0
55.04,3.21,10.65,15.68,0.85,1
37.24,4.15,4.68,15.58,0.2,1
45.53,4.01,8.96,13.0,1.0,1
42.52,9.78,11.82,44.22,0.85,0
62.24,2.53,3.82,51.4,1.0,0
44.37,1.07,22.96,62.83,0.5,0
25.77,9.46,20.82,22.4,0.2,0
45.68,5.07,9.06,10.91,0.85,1
26.55,2.22,14.74,43.31,0.2,0
47.45,7.53,25.85,19.66,0.85,0
46.53,6.42,11.63,6.27,0.5,1
47.64,10.59,10.28,8.28,0.85,0
57.39,5.28,10.61,35.67,0.5,1
27.61,12.5,9.45,16.33,0.5,0
41.32,4.45,17.69,26.26,0.5,0
37.81,6.43,3.82,26.22,0.85,0
40.05,6.91,8.71,28.77,0.5,1
44.6,12.5,1.08,65.64,0.3,0
37.38,3.71,17.11,27.17,0.85,0
33.78,3.64,6.38,4.5,0.2,1
47.05,6.99,8.59,55.58,1.0,0
44.9,2.1,11.11,50.88,0.2,0
56.16,3.05,3.54,31.61,1.0,1
41.14,4.38,13.23,6.31,0.85,1
59.63,10.42,9.08,24.58,0.85,0
55.82,6.99,2.49,36.55,0.2,1
38.32,4.96,4.04,9.6,0.2,1
39.32,3.51,10.37,10.31,1.0,1
34.44,12.5,8.02,36.2,0.2,0
64.96,4.6,17.88,25.27,0.5,0
31.47,3.05,11.56,32.19,1.0,1
38.84,12.5,10.4,19.04,0.85,0
50.68,2.16,12.66,48.92,0.5,0
58.18,9.08,9.17,33.22,0.3,0
39.02,4.79,8.7,19.63,1.0,1
31.64,6.98,23.26,3.14,0.2,0
46.53,6.34,17.45,8.63,1.0,0
62.11,6.93,4.46,34.9,1.0,1
63.76,12.5,4.84,46.32,1.0,0
62.12,12.5,5.71,36.78,0.5,0
47.79,3.14,12.78,42.3,1.0,0
47.41,6.21,19.28,44.38,0.2,0
50.42,1.51,3.6,62.37,0.85,0
59.75,7.32,27.8,10.17,0.5,0
45.23,8.22,6.54,61.24,1.0,0
51.53,1.09,6.81,9.95,0.85,0
41.27,4.69,9.46,10.47,1.0,1
45.48,6.97,3.09,37.27,0.5,1
42.41,5.75,18.57,3.81,1.0,0
42.29,2.19,1.24,26.12,1.0,1
56.91,2.34,1.0,46.92,0.85,0
45.86,4.39,22.15,23.22,1.0,0
43.62,3.71,7.6,82.75,0.5,0
49.24,3.91,5.47,11.81,0.85,1
62.95,1.99,5.87,25.2,0.2,1
54.79,4.83,8.88,5.86,1.0,1
56.38,10.46,17.27,7.26,0.5,0
55.62,2.25,13.12,62.55,0.5,0
39.68,4.19,4.38,23.15,1.0,1
49.44,6.57,6.78,56.08,1.0,0
26.46,1.69,7.91,29.02,0.2,0
31.56,4.86,25.42,24.1,1.0,0
19.6,8.09,13.83,26.24,0.5,0
52.65,2.56,8.83,9.29,0.85,1
34.33,5.12,5.47,11.31,0.5,1
50.1,7.79,4.11,18.85,0.85,1
28.62,12.5,4.34,39.15,0.3,0
60.77,4.98,6.66,19.6,0.85,1
47.69,3.09,9.38,24.6,0.3,1
24.54,1.36,4.33,13.78,0.2,0
63.71,3.1,12.88,35.08,0.5,1
27.21,1.92,19.26,30.52,1.0,0
63.02,10.91,9.37,24.76,0.2,0
44.8,7.54,7.1,1.77,0.2,1
59.49,2.34,12.18,13.67,0.3,1
56.51,2.98,12.02,18.74,0.85,1
50.4,4.93,14.74,4.19,0.2,1
43.49,8.06,19.12,30.7,0.85,0
33.05,6.22,6.78,44.79,0.2,0
46.62,5.9,3.68,8.1,1.0,1
51.2,5.31,17.73,43.01,0.5,0
31.89,2.42,4.53,49.41,0.5,0
49.66,4.97,6.95,23.08,0.5,1
44.06,4.64,7.87,23.9,1.0,1
37.52,1.9,16.01,25.04,0.2,0
38.64,10.76,10.23,5.22,0.85,0
44.0,3.34,10.44,10.9,0.2,1
52.35,1.94,13.63,36.25,1.0,0
43.19,3.68,30.63,43.94,1.0,0
38.11,4.09,21.48,3.77,0.5,0
52.56,4.57,3.69,16.95,0.85,1
49.63,4.06,24.32,36.53,1.0,0
58.06,4.71,12.66,26.39,0.85,1
60.85,5.16,11.07,73.74,0.85,0
37.86,5.02,7.53,37.49,1.0,1
50.63,5.88,26.44,7.0,0.5,0
65.97,6.07,6.42,17.5,0.2,1
43.63,6.15,20.11,3.14,0.5,0
56.29,6.97,6.97,13.01,0.85,1
41.14,3.13,3.88,34.24,0.85,1
45.4,3.2,10.96,58.18,0.2,0
58.06,8.08,16.66,3.04,0.2,0
25.99,3.74,20.07,10.17,1.0,0
66.44,4.43,14.82,60.3,0.2,0
57.38,4.21,7.54,15.47,0.3,1
23.74,12.5,13.74,6.13,0.5,0
40.07,2.82,1.33,5.51,1.0,1
34.32,2.79,4.54,41.19,1.0,1
30.97,4.72,10.06,5.5,0.85,1
42.38,4.28,5.98,45.03,1.0,0
49.66,2.33,11.71,8.62,0.85,1
31.97,4.51,11.98,27.36,0.2,1
45.73,4.79,10.73,7.1,0.3,1
24.63,3.53,12.31,26.7,0.5,0
40.12,4.36,6.36,3.28,0.2,1
39.04,2.98,5.04,47.58,0.2,0
32.2,2.33,1.0,6.24,0.5,1
26.29,3.73,11.43,21.92,0.85,0
64.85,2.56,10.25,41.13,0.2,0
52.65,2.05,6.65,9.34,0.3,0
52.9,1.32,6.85,43.34,0.85,0
40.44,5.36,4.95,53.27,0.85,0
65.01,3.66,6.81,14.54,0.85,1
37.07,8.1,6.24,13.85,0.5,1
38.1,3.83,22.32,38.94,0.2,0
61.71,5.34,9.0,36.57,0.85,1
39.18,3.25,10.19,30.95,0.85,0
32.37,4.64,1.29,51.02,0.2,0
48.16,1.33,15.04,23.63,0.3,0
34.63,3.7,13.3,45.59,1.0,0
47.36,2.83,9.17,30.58,0.3,1
44.11,7.67,13.79,2.55,0.85,1
30.49,5.16,4.23,5.41,0.85,1
58.63,7.12,8.23,2.0,0.2,1
65.31,8.57,5.36,43.89,1.0,0
52.65,3.52,10.36,73.09,0.5,0
22.27,5.04,10.84,9.5,0.2,0
32.55,2.41,24.51,23.91,1.0,0
32.14,5.78,1.23,7.55,0.2,1
41.54,6.23,7.0,67.36,0.2,0
52.37,5.57,20.06,1.32,1.0,0
52.81,3.52,21.99,89.58,0.2,0
35.77,11.28,10.01,28.44,0.5,0
38.69,4.79,9.97,13.94,0.2,1
34.42,12.5,7.9,8.28,1.0,0
53.55,2.42,4.97,40.56,1.0,1
63.18,6.54,2.66,15.86,1.0,1
66.19,7.79,7.35,37.66,0.3,1
40.04,2.45,6.82,23.15,1.0,1
64.94,4.1,9.76,11.61,1.0,1
41.72,1.91,6.85,21.6,0.2,1
51.76,8.74,7.99,27.21,0.2,0
64.95,4.48,10.56,71.33,0.3,0
60.92,2.84,12.31,84.74,0.85,0
41.83,7.85,1.0,6.97,0.5,1
38.18,4.71,4.95,23.43,0.85,1
29.22,7.29,4.61,22.76,0.2,0
52.13,5.97,7.81,27.96,0.85,1
39.53,2.61,2.77,23.34,0.2,1
34.16,3.45,17.57,51.89,0.2,0
54.91,2.88,7.9,38.23,1.0,1
54.45,2.32,15.17,23.01,0.85,1
28.75,1.6,18.51,31.3,0.85,0
47.93,12.45,4.84,13.94,0.85,0
28.88,5.51,8.91,45.28,0.2,0
64.27,5.95,22.1,17.1,0.5,0
40.03,8.3,14.87,2.25,0.2,0
54.01,3.43,1.93,11.62,0.85,1
37.14,2.0,21.91,19.76,1.0,0
20.53,6.96,1.37,6.15,0.85,0
28.81,2.21,1.7,20.91,0.3,0
22.38,6.87,11.2,30.48,0.5,0
45.68,1.81,11.03,20.57,0.5,1
52.01,2.11,15.03,30.05,0.85,1
27.19,3.24,6.25,13.65,0.5,0
34.29,6.74,8.74,7.84,0.85,1
31.98,10.51,15.84,10.55,0.85,0
38.93,5.95,13.31,18.36,0.5,0
39.1,3.31,7.92,60.05,0.2,0
48.32,7.62,15.76,42.67,0.85,0
22.99,1.77,8.72,2.75,0.85,0
51.72,2.7,9.42,60.05,0.2,0
26.97,4.97,10.26,50.02,0.85,0
34.99,7.08,7.2,43.71,0.2,0
39.72,4.21,6.02,3.13,1.0,1
47.73,3.96,11.81,17.27,0.85,1
24.6,4.1,4.12,3.94,0.5,0
50.1,8.26,8.98,14.61,0.5,0
58.12,3.0,6.46,7.58,0.5,1
36.77,2.59,7.31,39.53,0.2,0
49.65,4.06,8.43,10.81,1.0,1
69.43,8.86,4.83,10.51,0.2,0
49.09,3.2,8.82,19.91,0.2,1
60.82,4.09,12.88,6.2,0.5,1
65.2,1.75,5.29,8.12,1.0,0
30.49,4.19,15.79,9.03,0.85,1
44.56,5.37,8.05,33.94,0.2,1
47.19,2.22,13.09,18.9,0.85,1
34.62,8.27,11.83,54.02,0.85,0
46.26,5.33,7.67,51.85,0.5,0
33.78,3.5,14.62,5.83,0.85,1
34.32,5.36,1.58,33.91,0.85,1
35.77,6.14,5.66,47.62,0.85,0
45.58,1.45,1.0,4.59,0.2,0
51.73,5.47,14.16,54.02,0.5,0
33.38,8.7,3.76,38.22,0.2,0
43.46,2.97,7.7,39.8,0.2,1
48.32,3.54,10.65,6.68,0.2,1
49.56,3.88,22.12,22.47,0.2,0
43.6,7.12,36.0,10.19,0.85,0
54.21,2.46,16.35,17.53,0.2,0
41.72,5.99,9.52,31.18,0.85,1
31.8,3.92,3.72,39.74,1.0,1
37.72,10.77,7.04,1.32,0.85,0
69.12,4.05,16.19,5.14,1.0,0
37.65,0.96,20.79,46.42,0.2,0
33.19,6.58,11.43,45.54,0.85,0
48.76,5.82,14.48,22.25,0.5,1
41.04,5.21,14.3,12.18,1.0,1
50.76,8.58,21.32,37.15,0.5,0
37.24,1.59,14.55,10.44,0.5,0
39.37,2.72,7.07,10.03,0.5,1
41.61,4.63,8.64,35.13,1.0,1
65.62,5.06,5.43,26.51,0.5,1
49.81,4.26,4.1,31.8,0.85,1
24.34,1.77,6.93,55.46,1.0,0
56.13,3.56,11.7,66.38,0.5,0
61.67,10.38,10.38,17.47,0.2,0
47.24,2.38,13.23,28.39,0.85,1
18.4,4.57,17.26,40.12,0.85,0
37.23,6.0,2.13,24.52,0.2,1
45.67,7.01,5.5,49.79,0.5,0
56.21,6.57,13.86,35.43,0.2,1
56.33,3.41,18.56,18.98,0.2,0
30.18,2.71,19.31,27.84,0.2,0
60.55,10.81,4.55,65.72,0.85,0
33.79,7.37,3.19,60.18,0.5,0
26.6,4.81,19.02,29.22,0.2,0
31.45,9.35,2.49,39.21,0.85,0
58.26,1.75,11.51,19.2,0.85,0
31.39,2.01,7.56,43.3,0.2,0
58.59,0.99,5.91,20.41,0.3,0
55.17,5.03,5.83,1.63,0.2,1
41.55,5.16,7.01,48.04,1.0,0
47.84,1.89,7.06,42.85,0.5,0
59.43,7.23,14.72,21.11,0.85,1
28.14,1.28,9.43,24.56,1.0,0
42.32,5.63,19.64,62.76,0.85,0
31.41,6.32,11.12,4.21,0.3,1
43.69,5.0,7.69,4.86,0.2,1
50.58,1.72,9.45,50.72,0.5,0
63.69,8.53,19.5,7.88,1.0,0
42.04,3.48,15.24,3.96,0.3,1
60.65,3.49,18.63,46.24,0.5,0
34.65,3.1,12.34,15.03,0.85,1
33.36,6.69,11.01,2.41,0.85,1
49.89,3.38,5.44,73.77,0.2,0
38.17,2.25,6.93,76.21,0.2,0
22.14,7.68,2.3,1.88,0.85,0
56.71,4.51,10.1,31.19,0.2,1
48.01,7.82,11.12,21.78,0.2,1
56.17,4.7,13.2,35.61,0.5,1
47.12,2.97,15.89,20.65,0.5,1
35.95,1.41,6.14,9.46,0.5,0
37.7,5.04,4.44,53.08,0.85,0
48.13,3.89,3.46,30.38,1.0,1
41.07,6.83,9.6,71.34,0.3,0
48.5,3.29,5.75,14.93,0.2,1
57.19,5.72,4.73,11.34,0.3,1
49.07,4.59,9.81,30.12,0.85,1
31.73,2.82,10.5,12.18,0.3,1
50.73,3.45,3.85,13.08,0.5,1
42.72,1.98,9.32,11.76,1.0,1
41.5,11.21,3.04,13.68,0.2,0
30.66,5.66,14.04,27.04,0.5,1
43.39,1.9,10.27,44.59,0.85,0
69.75,10.91,10.43,11.85,0.85,0
44.86,2.36,12.52,4.18,0.2,0
35.22,3.26,5.01,1.69,0.5,1
49.44,4.05,4.59,25.61,0.85,1
23.32,4.65,6.38,71.41,0.2,0
34.04,6.74,10.16,36.47,0.85,1
47.48,1.2,14.97,18.78,0.85,0
36.78,4.69,25.7,23.51,0.5,0
26.98,3.93,14.89,29.93,1.0,0
23.81,5.09,8.87,32.21,0.85,0
54.11,3.82,10.1,14.04,0.5,1
48.57,3.54,5.97,22.23,0.5,1
47.06,4.31,5.12,41.3,0.3,1
48.9,10.6,3.88,33.82,0.5,0
40.18,3.58,9.23,71.43,0.2,0
34.49,8.33,4.43,18.78,0.85,0
34.5,4.97,2.2,47.61,0.2,0
37.75,4.85,4.48,34.57,0.3,1
50.82,5.12,7.38,19.52,0.2,1
30.31,5.99,5.17,64.69,0.2,0
62.48,3.74,5.08,62.43,0.2,0
60.12,8.03,5.46,4.78,0.2,1
53.56,6.0,16.88,18.29,0.2,0
30.68,2.09,2.82,25.44,0.85,1
22.64,0.97,6.51,21.07,0.2,0
44.26,10.43,7.5,4.07,1.0,0
40.03,5.21,5.94,32.59,1.0,1
46.43,1.93,7.31,43.34,0.3,0
62.57,3.57,10.95,13.1,0.85,1
50.48,7.37,3.84,72.19,0.85,0
67.89,4.17,7.03,50.02,1.0,0
42.91,4.38,3.82,25.73,0.85,1
53.46,6.66,12.78,47.83,1.0,0
48.99,5.47,16.09,19.89,0.3,0
52.07,6.23,9.78,10.97,0.85,1
57.96,6.63,2.33,2.45,0.5,1
41.81,3.02,8.19,22.68,0.5,1
26.14,3.19,7.84,2.21,0.5,0
44.7,2.81,14.29,1.07,1.0,1
28.11,3.3,2.26,19.19,0.5,1
59.89,4.29,22.47,18.16,0.85,0
60.58,4.46,4.98,37.09,0.5,1
40.39,9.2,14.85,12.49,0.2,0
52.26,5.33,14.13,54.41,0.5,0
53.13,4.33,13.56,18.35,0.2,0
54.88,2.45,3.65,19.24,0.5,1
32.87,3.87,2.82,6.13,0.85,1
59.4,10.84,8.22,0.95,0.5,0
17.02,10.75,12.96,21.58,1.0,0
47.1,3.84,11.85,29.4,0.2,1
40.58,1.54,13.76,1.99,1.0,0
41.82,3.55,3.49,31.3,0.5,1
48.62,9.25,7.94,14.54,1.0,0
61.29,4.3,8.46,27.25,0.85,1
49.89,6.67,5.4,16.13,1.0,1
60.96,4.58,10.11,50.2,0.5,0
57.97,1.83,1.88,27.13,0.2,0
65.82,4.67,13.75,59.04,0.2,0
53.22,7.13,5.02,4.21,0.2,1
47.54,3.27,13.01,1.03,0.2,1
56.27,7.04,2.63,40.89,0.3,1
64.28,4.83,8.93,4.74,0.3,1
28.16,6.84,5.1,3.51,0.85,1
30.55,5.52,7.44,18.63,0.3,1
36.9,2.55,16.89,22.99,0.85,0
62.9,3.89,8.22,15.53,0.5,1
51.67,3.82,5.82,7.99,0.2,1
33.98,3.18,6.25,4.91,1.0,1
32.78,5.29,11.05,34.35,1.0,1
34.15,11.84,12.94,18.71,0.3,0
37.09,8.04,1.89,20.44,0.2,1
35.74,8.6,8.94,12.88,0.3,0
42.58,3.07,7.86,45.41,0.2,0
38.64,8.67,7.4,7.32,0.5,0
56.29,10.16,7.69,51.46,1.0,0
47.67,3.01,12.34,55.34,0.5,0
59.2,5.85,31.79,53.82,0.85,0
42.3,5.93,22.81,2.26,0.5,0
18.27,4.05,12.32,22.57,0.5,0
42.78,5.06,5.4,69.15,0.5,0
48.65,6.08,1.0,26.04,0.5,1
62.44,4.2,13.78,47.68,0.5,0
33.32,7.84,8.7,23.56,0.2,1
64.85,2.1,5.92,16.16,0.85,1
52.09,3.81,7.86,21.77,1.0,1
45.43,6.74,13.11,6.75,0.85,1
53.26,11.2,2.03,47.22,0.85,0
44.89,8.1,9.11,2.33,0.3,1
55.77,5.0,7.29,40.89,1.0,1
31.84,4.31,4.88,3.9,0.85,1
20.69,3.93,17.25,45.49,1.0,0
23.3,3.95,12.62,52.25,0.85,0
30.63,1.41,13.28,16.64,1.0,0
64.9,10.96,11.92,54.81,0.2,0
33.63,4.49,6.32,15.41,1.0,1
41.87,2.9,1.55,8.9,0.85,1
65.8,5.8,10.44,48.56,0.2,0
35.8,3.03,6.63,95.0,1.0,0
39.82,7.45,5.87,26.98,0.85,1
51.79,2.95,11.79,27.95,0.85,1
52.86,6.9,6.95,6.77,0.5,1
32.55,3.9,22.73,22.36,0.5,0
59.72,5.4,17.74,25.19,1.0,0
26.76,7.17,1.99,46.94,0.2,0
31.7,3.41,3.23,36.99,1.0,1
57.35,7.08,9.75,46.23,0.3,0
60.76,1.45,1.5,10.46,0.85,0
57.97,9.76,8.21,42.92,0.85,0
42.55,7.72,7.64,10.69,0.5,1
55.49,4.41,11.38,28.53,0.85,1
56.94,8.44,8.13,33.79,0.5,0
41.44,7.99,4.01,1.58,0.2,1
58.86,4.63,4.46,37.74,0.85,1
53.16,4.61,7.33,7.57,1.0,1
45.13,2.69,5.47,9.9,0.5,1
34.59,4.77,15.44,41.98,0.5,1
46.63,1.8,36.0,29.23,0.3,0
59.84,6.85,14.06,13.88,0.2,1
39.01,6.93,6.62,33.51,0.5,1
54.43,1.47,8.47,33.78,0.2,0
15.5,9.27,8.3,30.43,0.5,0
57.38,3.24,18.39,8.2,1.0,0
38.68,12.5,10.49,29.85,0.5,0
46.85,5.25,12.48,24.42,0.2,1
30.34,9.32,6.4,35.79,0.85,0
65.88,2.64,1.99,25.4,0.2,1
42.36,3.89,5.08,22.63,0.85,1
53.9,3.4,3.97,24.68,0.2,1
36.52,1.77,8.3,67.15,0.85,0
66.06,2.11,9.83,25.68,1.0,0
58.04,4.31,4.52,19.0,1.0,1
50.63,5.69,7.61,21.2,0.85,1
46.54,2.47,9.26,15.64,0.5,1
39.68,3.76,5.98,25.75,1.0,1
30.95,3.03,7.78,30.82,0.3,1
45.32,4.48,1.05,18.38,0.85,1
16.98,6.58,7.58,12.04,0.2,0
42.68,4.91,11.03,9.34,0.85,1
62.21,3.31,8.64,9.31,1.0,1
56.08,7.85,9.95,12.43,0.3,0
26.27,5.59,13.75,8.3,0.5,0
22.86,4.99,30.28,9.52,1.0,0
50.86,2.49,7.83,54.88,0.5,0
50.24,7.42,4.35,16.96,1.0,1
43.49,5.89,23.13,57.09,0.5,0
42.26,6.06,6.0,36.92,0.85,1
39.69,4.08,5.67,2.85,0.2,1
45.71,3.68,16.32,47.87,0.5,0
44.11,10.99,17.19,2.83,0.2,0
24.38,3.65,6.71,21.79,0.85,0
66.29,2.19,11.26,36.84,0.85,0
42.0,5.12,12.0,19.56,0.85,1
43.35,4.61,9.31,20.81,1.0,1
59.33,8.04,10.44,11.72,0.5,1
47.62,4.26,7.01,9.55,0.2,1
38.78,6.47,12.32,44.65,0.5,0
52.31,9.6,17.11,21.39,1.0,0
49.24,5.71,16.18,30.02,0.85,0
35.05,2.56,14.7,17.82,0.5,0
64.96,1.42,4.1,23.94,0.3,0
51.8,5.8,13.49,17.55,0.2,1
28.37,3.8,4.25,4.2,0.5,1
30.86,5.31,14.28,12.0,0.2,1
45.91,4.63,6.52,25.09,0.2,1
39.49,2.16,3.81,28.5,0.85,0
65.75,4.25,12.73,20.23,0.5,1
67.9,2.48,8.47,21.61,1.0,1
54.48,3.5,9.72,28.34,0.3,1
38.94,7.41,16.02,3.18,0.85,0
44.91,4.83,7.11,2.37,0.2,1
30.6,6.27,5.92,31.83,0.85,1
52.41,5.04,7.54,48.64,0.85,0
55.28,3.95,11.0,15.39,0.3,1
67.36,5.32,5.14,58.85,1.0,0
46.15,1.6,14.2,18.32,0.85,0
55.54,6.87,16.81,11.85,0.85,0
38.41,2.85,17.96,24.33,0.5,0
50.56,6.06,10.74,35.16,0.85,1
26.52,3.86,19.44,15.21,0.85,0
48.56,2.16,3.78,22.68,0.5,1
52.94,3.15,9.86,2.6,1.0,1
56.64,6.08,8.23,15.73,1.0,1
57.39,12.5,23.48,10.0,0.85,0
37.45,4.47,2.97,0.34,0.85,1
45.37,12.05,7.58,38.94,0.85,0
30.66,1.6,4.23,26.24,0.85,0
33.48,4.03,6.95,8.22,0.85,1
57.15,4.47,16.38,23.43,0.85,0
39.06,6.25,5.15,66.25,0.85,0
40.52,3.22,8.89,51.34,1.0,0
38.32,5.58,4.85,17.14,0.3,1
45.41,4.14,23.35,3.82,0.85,0
43.6,8.64,2.7,43.26,0.85,0
34.91,5.12,15.67,44.86,1.0,0
46.84,12.5,19.06,79.6,1.0,0
55.54,4.16,13.8,8.45,0.85,1
54.26,8.35,7.16,30.67,1.0,0
66.85,9.73,7.54,25.8,0.2,0
27.01,0.8,1.58,41.68,0.5,0
58.03,6.82,4.71,51.84,1.0,0
20.4,2.13,18.95,3.88,1.0,0
38.59,4.08,12.73,2.67,0.85,1
25.24,2.35,9.72,16.29,0.5,0
28.38,8.71,25.76,8.8,1.0,0
29.15,3.33,13.42,6.99,0.85,1
21.4,1.54,10.7,25.25,0.3,0
45.88,5.19,9.23,56.79,0.3,0
40.86,9.39,8.48,33.13,0.2,0
44.77,2.37,15.88,34.38,0.5,0
53.22,7.29,8.72,12.82,0.85,1
45.77,1.26,8.07,57.54,0.5,0
56.19,9.74,5.23,47.68,0.5,0
63.34,5.77,11.09,16.04,0.85,1
39.66,2.22,1.6,20.02,1.0,1
52.78,6.95,5.56,35.95,0.5,1
40.14,3.44,9.34,52.84,0.85,0
42.88,2.69,6.34,6.25,1.0,1
33.1,3.4,9.18,12.7,0.3,1
55.48,6.58,5.31,24.87,0.5,1
65.23,2.59,15.98,19.56,1.0,1
39.98,0.94,3.36,1.9,0.5,0
49.25,3.5,5.08,0.31,0.85,1
70.62,8.9,8.45,27.42,0.2,0
20.67,8.84,8.11,18.56,0.85,0
43.85,3.39,11.68,37.49,0.5,1
45.79,3.32,12.32,16.48,1.0,1
29.29,3.2,11.41,5.91,0.5,1
42.82,3.12,11.1,12.51,0.2,1
68.18,3.25,8.26,11.11,0.85,1
35.28,5.33,8.22,57.12,0.3,0
58.54,9.01,2.94,18.0,0.85,0
37.24,2.58,1.0,38.82,0.5,0
39.12,2.89,15.84,41.97,0.2,0
55.61,5.66,1.0,23.43,0.3,1
40.41,6.78,17.78,9.43,0.5,0
35.67,1.8,4.92,13.62,0.3,0
62.97,10.76,9.87,67.74,0.85,0
59.37,3.87,18.99,23.22,0.85,0
39.66,1.91,7.32,23.72,0.5,1
58.6,1.74,14.45,27.05,0.85,0
55.13,1.67,10.14,24.44,0.2,0
40.69,8.26,7.99,41.23,0.85,0
53.31,4.85,4.18,67.2,0.85,0
61.67,8.3,4.33,8.78,0.85,0
44.86,4.36,6.36,2.93,0.5,1
29.02,8.18,17.29,19.44,0.3,0
40.25,4.3,4.55,16.83,1.0,1
39.44,0.8,13.94,36.44,0.5,0
46.44,6.23,3.32,14.02,0.3,1
62.2,4.52,14.66,41.31,0.2,0
24.31,4.15,2.55,47.2,0.85,0
61.46,2.74,5.11,12.15,0.85,1
50.02,6.69,5.23,42.44,0.2,0
36.49,2.38,14.95,13.2,0.5,1
35.78,6.69,10.28,25.42,0.2,1
45.3,4.97,11.1,0.96,0.2,1
61.99,6.78,14.82,23.12,0.85,1
37.02,5.21,13.46,20.79,0.5,1
38.92,8.65,1.14,20.69,0.85,0
40.93,5.91,6.43,14.94,0.5,1
59.91,5.03,6.0,9.24,0.2,1
30.9,0.86,14.32,10.5,0.3,0
23.37,8.84,1.0,18.47,0.3,0
41.12,1.66,1.17,35.69,0.5,0
31.18,2.02,4.78,21.23,0.85,1
23.61,7.12,5.25,21.64,0.2,0
41.57,4.75,4.26,34.81,0.85,1
35.9,1.71,2.88,21.66,0.2,0
38.85,3.32,11.49,16.07,0.5,1
37.62,8.59,4.14,11.31,0.2,1
36.32,5.12,11.07,18.96,0.2,1
31.56,4.82,8.39,12.64,0.85,1
38.15,3.08,16.0,13.28,1.0,0
53.3,7.26,5.77,19.12,0.2,1
54.47,4.43,24.58,6.69,0.3,0
38.2,6.55,9.78,74.59,0.5,0
34.28,2.89,21.63,30.59,0.85,0
43.93,12.5,11.3,6.08,0.5,0
45.49,9.42,5.34,22.7,1.0,0
40.81,5.09,6.21,23.02,0.3,1
33.76,5.71,4.14,37.3,0.85,1
51.24,3.34,7.94,17.06,1.0,1
37.06,6.83,6.6,48.73,1.0,0
49.36,1.01,5.51,38.59,0.85,0
43.36,10.67,4.79,17.93,0.85,0
36.8,6.61,15.29,1.59,0.3,1
59.87,2.55,15.37,23.86,0.2,1
52.7,10.53,9.59,0.72,0.2,0
40.29,12.29,10.58,16.25,0.5,0
31.35,5.88,7.85,24.02,0.2,0
60.05,2.92,10.9,30.33,0.85,1
17.44,4.86,14.03,19.14,0.85,0
27.17,6.33,8.83,18.14,0.2,0
66.63,5.62,14.12,70.89,0.3,0
53.08,2.55,17.18,9.21,0.85,0
47.72,6.27,25.81,11.09,0.85,0
28.57,8.54,21.47,6.49,1.0,0
56.42,2.19,5.49,24.63,1.0,1
62.33,2.35,10.65,52.77,0.5,0
34.88,3.26,6.98,3.35,0.5,1
31.62,4.2,12.19,5.76,0.5,1
51.23,7.35,4.78,57.57,0.85,0
16.1,8.49,5.88,8.38,0.2,0
37.99,2.85,22.02,21.73,0.3,0
46.16,5.3,10.59,70.61,0.2,0
51.86,8.31,4.78,4.71,0.85,0
31.21,12.5,7.48,39.76,0.2,0
25.44,5.29,7.0,60.47,0.3,0
34.56,5.45,5.25,20.3,1.0,1
57.8,5.9,2.33,4.78,1.0,1
65.56,3.95,23.36,71.91,0.85,0
47.59,5.07,7.18,0.17,0.2,1
49.72,1.2,9.64,51.95,0.5,0
52.52,3.35,7.63,32.21,0.2,1
34.94,6.22,12.37,46.88,0.2,0
46.9,2.75,13.12,22.28,0.2,0
24.36,7.44,17.48,14.53,0.5,0
20.51,1.51,6.48,11.44,0.85,0
45.29,7.29,23.51,27.15,1.0,0
28.59,7.28,14.25,38.8,0.3,0
47.84,12.5,4.64,28.54,0.3,0
27.49,3.86,9.01,57.78,0.85,0
32.12,4.76,6.76,14.66,0.2,1
50.67,10.13,9.15,73.27,0.85,0
54.27,9.46,6.35,1.18,0.3,0
30.27,8.03,5.4,35.98,1.0,1
25.48,5.72,13.02,82.64,1.0,0
49.31,9.99,9.21,0.86,0.2,0
54.46,12.5,9.7,2.48,0.2,0
67.76,6.53,7.91,44.28,0.5,0
60.85,4.88,18.0,61.22,0.5,0
50.43,6.95,2.04,29.69,0.85,1
63.12,5.25,13.94,51.34,0.2,0
64.77,4.06,14.49,12.48,0.3,1
31.07,7.46,7.46,29.5,0.85,0
45.92,3.54,2.53,3.34,0.85,1
67.06,6.46,13.92,26.49,0.85,1
41.94,1.75,8.28,36.38,0.2,0
39.11,10.92,10.79,49.17,0.85,0
55.56,2.98,14.44,18.46,0.85,1
22.55,2.0,4.27,47.02,1.0,0
34.64,9.29,7.1,40.93,1.0,0
45.52,10.2,12.05,13.09,0.85,0
56.18,5.66,6.79,43.2,0.5,0
43.53,4.5,7.16,8.23,0.85,1
43.9,3.92,13.04,5.6,1.0,1
38.33,5.49,13.09,64.67,0.85,0
36.66,4.64,10.49,9.25,0.85,1
22.65,4.33,7.73,25.17,0.3,0
44.45,2.78,7.41,16.45,0.85,1
32.54,2.31,6.11,7.29,0.3,1
22.36,4.99,2.68,63.82,0.2,0
53.84,5.4,2.01,29.62,0.5,1
44.88,3.08,18.51,6.74,0.85,0
42.85,3.35,3.64,45.37,1.0,0
40.87,5.39,10.68,2.69,0.2,1
37.96,2.74,5.82,52.74,0.5,0
30.54,8.19,11.07,21.87,0.2,0
48.07,6.32,12.13,11.68,0.3,1
53.36,3.06,13.96,52.4,0.3,0
49.02,6.15,2.98,50.6,0.85,0
49.08,2.78,3.21,26.75,0.2,1
47.4,7.3,14.5,1.13,1.0,1
29.86,2.85,19.14,24.09,0.5,0
38.93,4.45,5.62,0.04,1.0,1
27.86,5.16,6.31,42.33,0.5,0
56.32,10.12,18.31,27.08,0.85,0
32.89,2.96,14.13,8.14,0.85,1
62.18,2.89,5.33,47.76,0.85,0
58.99,1.83,10.2,14.15,0.2,0
34.42,11.69,6.4,29.09,0.85,0
44.54,4.84,8.16,23.52,0.3,1
50.15,8.29,12.28,2.73,1.0,0
30.82,3.38,5.49,24.67,1.0,1
65.63,3.57,2.65,62.49,0.5,0
59.72,4.63,26.84,12.33,0.85,0
52.7,4.71,7.95,20.16,0.85,1
44.0,6.82,12.78,17.75,0.2,0
31.02,4.92,29.95,33.78,1.0,0
35.62,3.83,1.81,21.26,0.85,1
48.82,11.8,8.18,21.2,0.2,0
69.02,2.76,1.24,31.77,0.2,0
42.8,2.97,11.3,15.56,0.85,1
34.19,2.78,4.27,30.1,1.0,1
57.53,6.96,19.56,22.16,0.5,0
28.96,6.05,16.52,7.19,0.5,0
59.12,4.34,11.36,19.19,0.5,1
31.68,2.7,4.19,35.03,0.2,1
47.92,5.14,6.82,24.34,0.2,1
36.51,7.48,23.48,19.55,0.3,0
57.48,10.34,6.42,9.82,0.5,0
42.6,3.3,26.96,13.04,0.85,0
19.86,4.33,14.93,22.2,0.2,0
35.59,6.02,9.44,40.72,1.0,1
42.14,3.8,15.73,20.51,1.0,1
57.44,2.03,22.55,20.2,0.85,0
31.23,4.34,6.06,60.6,0.3,0
51.59,2.2,3.45,28.65,0.2,0
43.61,7.82,2.82,27.24,0.3,1
42.95,3.98,10.64,37.1,1.0,1
41.25,4.59,6.55,7.11,0.85,1
43.63,3.02,7.36,29.57,0.5,0
27.78,4.69,4.1,21.25,0.85,0
49.7,9.05,2.88,15.97,0.2,0
34.99,8.27,6.47,21.1,0.2,0
51.73,2.42,4.4,62.21,0.5,0
46.08,0.8,2.5,2.45,0.85,0
45.77,4.36,1.84,33.07,1.0,1
41.84,4.0,2.32,45.8,1.0,0
37.91,3.86,12.58,44.91,1.0,0
20.78,3.42,10.65,4.44,0.2,0
64.25,2.38,12.06,4.48,0.5,1
43.01,12.5,14.74,0.24,0.2,0
39.42,11.68,10.83,18.85,0.5,0
59.59,3.76,8.68,52.6,0.2,0
64.21,5.1,14.77,14.14,0.5,1
60.34,7.89,10.9,6.9,1.0,1
29.62,5.09,12.2,3.09,0.2,1
30.06,3.59,8.03,27.51,0.85,1
35.68,2.05,8.27,12.44,0.85,1
43.71,4.78,8.23,17.06,0.85,1
57.93,2.22,6.01,19.97,1.0,1
36.65,8.72,10.77,19.87,0.3,0
32.0,4.66,8.13,16.2,0.85,1
22.19,6.28,2.05,9.7,0.2,0
38.39,3.93,12.19,22.93,0.3,1
59.08,7.33,9.02,60.01,0.85,0
43.44,3.26,4.62,30.78,1.0,1
37.44,5.57,2.28,31.12,1.0,0
51.74,3.84,4.66,1.6,0.3,1
31.95,4.18,9.13,16.36,1.0,1
36.08,7.84,2.46,12.63,0.5,1
47.79,3.0,10.73,15.98,1.0,1
60.46,5.78,5.81,3.28,0.5,1
38.56,9.27,21.53,27.94,0.85,0
37.21,7.69,14.07,29.55,0.2,1
45.44,3.31,3.35,10.66,0.85,1
20.35,6.21,12.46,3.32,0.85,0
54.19,1.51,15.16,19.16,1.0,0
46.37,7.98,16.26,31.86,0.2,0
61.62,12.5,9.66,1.79,0.2,0
25.86,5.6,16.1,5.41,0.2,0
59.56,9.51,13.48,23.48,0.2,0
30.71,1.99,9.95,5.07,0.3,1
54.85,2.54,7.88,7.69,0.2,1
35.92,3.92,1.0,70.38,0.5,0
22.56,4.34,10.71,3.18,1.0,0
49.34,5.62,5.43,30.09,0.2,1
40.7,3.32,5.18,21.53,0.2,1
51.43,5.13,3.89,45.04,0.5,0
55.99,7.83,11.89,6.6,0.5,1
56.48,6.19,11.81,31.98,0.2,1
61.27,3.85,7.81,26.58,0.2,1
45.41,7.02,8.52,26.53,1.0,0
52.31,3.75,13.41,31.48,0.2,1
41.88,4.98,4.07,18.47,1.0,1
46.79,7.62,5.22,10.24,0.5,1
53.69,4.28,19.7,52.22,1.0,0
56.4,2.2,31.28,11.24,0.2,0
44.22,4.9,9.15,19.83,1.0,1
41.6,7.65,8.44,21.54,0.85,1
30.44,8.02,2.81,33.0,1.0,1
30.12,2.48,11.68,28.73,0.2,1
43.38,6.87,8.52,13.11,1.0,1
49.43,4.13,9.53,0.6,0.5,1
56.35,9.84,19.05,11.06,0.2,0
53.04,2.23,18.43,38.99,0.85,0
60.47,6.8,18.28,6.13,0.2,0
58.18,3.88,3.12,14.52,0.2,1
52.1,3.35,7.35,37.07,1.0,1
51.97,7.8,11.54,23.29,0.2,1
37.12,8.44,3.81,8.71,0.5,0
25.27,1.22,19.56,20.94,0.85,0
55.2,7.87,10.1,25.57,0.2,0
48.6,4.57,10.42,14.53,0.3,1
52.87,4.83,3.63,54.78,0.5,0
44.06,2.15,1.17,21.14,0.5,1
44.65,6.56,11.19,8.47,0.85,1
23.26,12.5,4.99,35.24,0.2,0
41.02,3.47,14.82,46.14,0.5,1
60.37,8.86,2.11,9.06,0.5,0
39.86,4.73,4.35,22.34,0.5,1
15.53,3.55,13.85,22.15,1.0,0
61.24,1.89,1.05,29.59,0.85,1
29.5,9.52,5.38,4.28,1.0,0
39.65,5.05,12.68,37.31,0.5,1
30.88,3.66,12.11,2.17,0.85,1
26.88,4.02,4.84,26.75,0.85,0
31.14,6.84,14.13,35.64,1.0,0
26.98,3.66,7.84,23.37,0.5,0
43.58,2.68,12.19,78.66,0.85,0
37.03,4.45,8.47,25.28,0.2,1
32.3,4.38,1.0,13.07,0.2,1
38.21,4.32,1.0,0.6,0.5,1
43.6,3.69,25.43,25.83,1.0,0
57.09,9.02,4.82,17.96,0.85,0
42.39,12.5,15.93,29.93,1.0,0
63.0,2.48,5.19,3.43,0.3,1
38.38,1.08,8.29,3.73,0.2,0
35.29,4.15,24.25,18.86,1.0,0
42.01,1.18,3.75,56.02,0.85,0
39.32,1.77,9.76,27.9,0.85,0
22.01,3.51,7.05,20.97,0.3,0
59.07,6.82,10.01,60.19,0.85,0
52.07,4.12,9.33,34.0,0.5,1
33.35,0.87,3.68,30.62,1.0,0
30.98,4.09,9.97,46.07,0.85,0
46.28,4.27,7.06,48.26,1.0,0
52.89,4.31,5.61,21.0,0.5,1
54.64,8.33,3.84,25.86,0.5,0
34.62,7.6,11.59,5.03,0.2,1
34.38,4.95,12.55,41.42,0.85,1
46.53,12.5,14.77,20.75,1.0,0
56.1,3.5,14.79,7.89,0.85,1
43.83,4.42,27.88,42.23,0.3,0
55.8,4.69,5.38,33.23,0.2,1
57.9,1.88,9.95,20.88,0.3,1
42.77,4.74,10.03,12.4,0.2,1
39.02,1.64,9.5,29.11,0.5,0
41.72,3.19,6.94,8.66,0.85,1
59.58,5.07,4.45,4.03,0.5,1
41.1,2.08,10.1,19.94,0.85,1
41.53,5.69,3.99,13.49,0.5,1
37.51,2.89,1.0,7.15,0.5,1
65.09,3.84,11.49,4.57,1.0,1
64.03,6.23,8.11,18.15,1.0,1
33.95,4.53,21.15,19.82,0.85,0
37.72,5.62,6.78,17.49,1.0,1
47.03,6.02,26.21,12.46,0.3,0
60.91,4.49,1.0,20.61,0.3,1
45.48,5.79,2.31,7.74,0.85,1
54.27,3.16,11.53,15.21,0.2,1
67.97,6.19,11.05,35.68,0.5,1
44.93,4.16,9.59,11.73,1.0,1
31.11,9.14,4.67,8.67,0.3,0
32.42,5.13,3.06,39.01,0.85,1
48.02,3.43,2.34,9.25,0.85,1
53.89,6.24,13.72,1.95,0.85,1
34.9,9.35,16.7,69.63,0.5,0
35.15,3.61,14.86,41.22,0.5,0
15.43,3.26,4.01,12.9,0.5,0
52.41,0.8,13.85,4.77,0.2,0
50.8,5.12,23.57,38.44,0.5,0
47.09,3.93,10.71,41.94,0.85,1
51.74,6.23,7.35,37.9,0.5,1
39.57,6.3,3.04,7.45,0.85,1
21.76,1.93,6.24,42.55,0.5,0
44.86,7.59,10.26,57.3,1.0,0
32.48,2.98,7.83,34.76,0.5,0
57.53,3.62,9.16,25.62,0.5,1
35.89,0.92,11.89,15.16,0.5,0
39.33,5.7,8.01,64.0,0.2,0
60.13,2.38,4.69,10.98,0.5,1
47.76,3.28,2.71,26.4,1.0,1
45.1,2.24,7.83,38.73,0.5,1
37.86,7.94,16.71,12.92,0.2,0
32.13,3.8,11.82,47.2,0.5,0
47.21,2.1,5.29,10.68,0.85,1
30.67,2.2,8.98,39.29,0.2,1
26.37,7.25,5.04,16.8,0.2,0
35.04,2.82,3.81,6.11,1.0,1
56.28,3.57,13.84,20.08,0.5,1
41.1,4.85,7.94,17.73,0.2,1
45.81,3.96,2.25,19.71,0.5,1
54.2,1.35,14.79,29.23,0.5,0
55.71,6.59,19.3,52.25,0.5,0
47.3,4.13,6.79,50.87,0.85,0
19.51,5.58,8.91,8.18,0.85,0
45.23,6.85,13.38,32.89,0.85,1
58.05,1.13,1.77,27.3,0.2,0
63.98,6.88,18.25,14.44,0.85,0
35.86,12.5,30.52,35.49,0.85,0
40.6,5.91,9.05,20.53,1.0,1
45.16,9.22,9.47,53.64,1.0,0
53.11,7.79,9.25,1.76,1.0,1
40.67,6.75,14.96,25.47,0.2,1
27.45,7.94,9.33,12.44,0.5,0
33.42,8.65,11.38,31.85,0.2,0
40.18,8.84,11.31,11.42,0.85,0
29.62,2.2,9.42,37.54,1.0,0
33.65,8.2,18.71,30.38,0.5,0
46.67,4.09,15.79,7.63,0.3,1
33.07,9.0,2.59,10.47,0.2,0
53.26,6.19,7.69,20.42,0.2,1
44.65,2.18,10.25,9.58,0.5,1
41.17,9.66,13.97,35.96,0.5,0
42.44,2.99,7.02,36.65,0.5,1
53.09,3.98,10.72,45.32,0.3,0
57.05,10.85,8.08,19.46,0.2,0
37.36,5.15,3.58,9.43,0.2,1
52.94,3.88,27.76,6.8,0.5,0
41.98,4.55,11.81,29.69,0.5,1
26.31,3.83,6.13,5.46,0.85,0
27.64,7.25,11.41,63.81,0.5,0
61.99,3.9,5.84,32.35,1.0,1
47.95,4.64,12.57,46.05,1.0,0
53.23,6.47,5.3,62.42,0.85,0
37.86,6.09,22.02,17.94,1.0,0
43.33,3.14,9.63,13.3,0.85,1
63.29,7.29,14.45,1.2,0.3,1
70.5,3.5,12.31,13.25,0.2,0
56.52,2.51,16.29,50.16,1.0,0
31.38,1.44,15.28,1.52,0.5,0
56.41,4.29,2.35,9.73,0.85,1
47.2,1.66,6.14,17.34,0.3,0
53.88,2.88,9.82,25.85,0.85,0
34.25,4.71,15.19,16.24,0.5,1
50.84,8.56,16.56,18.07,0.3,0
28.4,4.04,7.57,6.91,1.0,1
44.79,1.9,13.2,24.0,0.2,1
40.51,4.47,11.17,29.48,0.3,1
31.43,8.38,18.25,86.99,1.0,0
22.97,3.99,16.23,4.57,0.85,0
45.17,9.33,5.46,7.82,0.2,0
36.04,4.69,6.8,12.07,0.85,1
46.42,6.9,5.85,91.87,1.0,0
62.01,5.36,9.23,5.67,0.85,1
49.65,9.09,2.51,54.82,1.0,0
41.41,12.5,7.04,8.63,0.2,0
24.92,3.6,18.64,53.61,0.2,0
49.01,5.19,13.53,36.09,0.2,1
54.97,8.55,6.63,28.43,0.85,0
32.98,5.46,8.14,49.43,1.0,0
40.81,1.39,12.4,36.9,0.2,0
57.65,4.02,19.08,17.26,0.3,0
51.29,5.43,13.66,11.15,0.2,1
61.96,10.4,23.45,36.04,0.85,0
52.4,5.03,26.55,55.25,0.2,0
56.7,2.77,4.66,51.48,1.0,0
46.93,5.51,1.45,6.62,0.5,1
53.75,9.85,15.34,5.14,0.3,0
28.81,3.28,17.18,28.79,0.3,0
22.52,3.53,8.31,21.71,0.2,0
59.04,3.31,2.45,34.91,0.3,1
51.18,2.07,4.33,20.1,0.2,1
41.26,4.91,3.44,4.37,1.0,1
61.85,4.59,4.44,32.6,0.2,1
48.15,1.5,2.8,8.25,0.5,0
49.75,2.9,3.45,33.57,0.85,1
54.05,5.27,12.32,20.02,0.3,0
62.72,6.81,1.68,4.51,0.5,1
62.97,7.81,16.14,4.42,0.85,0
34.9,7.11,15.21,12.77,0.85,0
47.17,4.75,10.78,44.87,1.0,0
38.99,1.85,18.27,5.8,0.3,0
22.7,4.17,2.95,26.75,0.3,0
41.09,0.81,5.59,54.7,0.5,0
45.08,5.28,8.69,51.18,0.5,0
24.92,3.21,3.79,3.77,0.2,0
68.41,1.11,10.91,30.7,1.0,0
58.41,5.82,15.21,49.68,0.2,0
63.99,9.79,15.68,40.94,0.5,0
21.69,1.67,6.22,52.65,0.85,0
67.02,6.08,4.01,32.06,0.3,1
63.99,3.78,13.81,38.45,0.2,1
45.43,2.99,6.95,3.38,0.85,1
58.9,3.0,11.37,25.85,1.0,0
26.47,3.77,2.75,41.37,0.3,0
52.81,3.77,8.82,59.14,0.5,0
38.91,4.64,6.19,54.88,0.5,0
27.2,2.82,11.79,3.27,1.0,0
40.32,3.18,10.66,9.27,1.0,1
44.57,6.38,8.31,68.92,0.2,0
33.6,2.66,19.09,30.9,1.0,0
42.92,5.47,9.64,54.27,0.2,0
66.57,3.89,1.03,19.19,0.5,1
30.85,3.44,9.33,36.37,0.5,1
42.35,11.44,2.37,3.3,1.0,0
47.81,2.1,21.15,53.94,0.3,0
35.02,10.14,13.02,52.89,0.85,0
51.01,7.34,1.0,66.81,0.2,0
63.21,3.26,8.8,59.72,0.85,0
52.09,7.45,19.76,15.72,1.0,0
56.19,0.8,14.29,7.12,1.0,0
47.41,3.08,5.83,12.25,0.2,1
33.12,2.69,11.77,52.76,1.0,0
66.33,5.86,13.57,11.78,0.2,1
66.53,6.88,11.28,29.92,1.0,1
34.75,5.8,17.33,1.09,1.0,0
31.63,5.09,5.28,4.9,1.0,1
43.17,7.71,13.12,13.39,0.85,1
54.06,7.14,10.54,30.1,1.0,1
51.71,3.21,21.65,4.4,1.0,0
52.89,3.43,11.9,29.8,0.5,1
62.52,6.93,8.03,5.2,0.5,1
61.55,4.61,3.44,15.05,0.85,1
41.46,4.79,11.08,19.65,1.0,1
43.93,5.14,20.9,12.07,1.0,0
35.04,1.44,6.64,5.03,0.85,0
33.48,3.13,11.43,8.82,0.85,1
32.95,6.13,13.99,37.94,0.2,1
59.44,3.11,16.53,27.05,0.85,0
49.33,4.14,13.52,34.86,0.2,1
36.12,6.11,7.78,19.45,0.2,1
55.28,7.94,1.0,35.12,1.0,1
44.02,8.44,10.31,18.17,0.2,0
40.62,8.69,9.75,22.14,0.3,0
47.2,4.37,7.89,44.83,0.85,0
33.76,4.11,11.02,7.25,1.0,1
60.94,2.27,1.91,61.46,0.3,0
24.21,9.82,17.88,16.68,0.85,0
19.94,4.02,6.27,43.29,1.0,0
45.75,9.7,3.54,66.17,0.2,0
36.53,5.55,4.73,15.05,0.85,1
46.75,8.13,10.44,39.84,0.85,1
53.85,4.54,13.81,15.55,0.5,1
49.16,6.43,4.11,44.03,0.2,0
50.16,8.28,11.86,10.81,0.85,0
38.24,3.54,4.03,1.77,0.2,1
57.05,8.72,12.53,15.48,1.0,0
55.2,2.47,12.0,20.85,0.2,1
50.27,11.28,16.02,3.08,0.85,0
25.26,5.15,11.6,18.03,0.85,0
53.01,3.16,2.5,4.83,0.85,1
58.28,7.26,15.5,23.02,0.85,1
53.93,5.69,11.36,22.6,0.3,1
45.3,1.49,4.94,12.22,0.85,0
43.72,3.78,19.52,23.92,0.3,0
27.21,2.55,16.66,24.62,1.0,0
31.92,2.69,7.9,12.39,1.0,1
65.56,2.63,10.34,14.77,0.85,1
67.38,6.27,11.65,29.47,1.0,1
63.49,7.56,15.54,21.38,0.3,0
52.11,2.98,6.96,33.08,0.2,1
37.41,1.22,11.79,41.8,1.0,0
53.95,0.8,12.39,16.59,0.85,0
60.27,12.5,7.15,15.37,0.85,0
40.81,5.18,7.91,54.35,0.85,0
38.9,7.29,7.9,22.88,0.85,1
35.74,4.25,7.66,35.31,0.2,0
39.6,1.04,9.55,8.87,0.85,0
15.43,5.94,1.99,10.88,0.2,0
42.87,10.66,29.25,14.6,0.2,0
23.58,3.26,6.3,9.17,0.2,0
47.11,0.95,9.57,11.27,0.85,0
25.78,2.26,6.01,18.89,0.2,0
32.4,7.48,19.3,1.5,0.5,0
18.25,5.67,22.69,61.17,0.3,0
35.53,8.73,23.43,4.17,0.5,0
43.54,4.77,8.06,52.74,1.0,0
48.16,6.82,10.56,0.4,0.85,1
54.83,3.71,14.89,71.65,0.2,0
21.18,2.38,4.04,31.07,1.0,0
31.31,6.83,7.33,33.85,0.5,1
47.06,7.54,6.3,71.5,1.0,0
35.53,3.31,8.8,46.13,0.85,0
43.25,10.16,14.27,13.07,0.2,0
46.24,10.3,10.93,5.44,0.3,0
26.25,2.64,3.44,12.29,0.5,0
36.88,2.72,4.83,0.86,0.5,1
51.18,2.8,3.72,5.79,0.5,1
23.57,4.42,5.04,9.52,0.85,0
43.42,3.82,1.61,32.45,1.0,1
29.86,2.05,16.8,31.81,1.0,0
49.73,2.85,15.52,28.03,0.2,0
52.31,1.05,9.78,2.62,0.85,0
43.83,1.2,13.62,13.15,1.0,0
48.45,1.79,36.0,5.53,0.5,0
48.69,12.3,10.19,70.07,0.85,0
34.69,11.52,10.7,17.83,0.85,0
49.52,7.04,16.14,33.69,0.5,0
34.01,3.33,9.41,56.06,0.2,0
32.36,1.77,2.11,24.11,0.85,0
63.94,4.72,6.83,26.37,0.2,1
44.53,6.03,12.54,23.2,0.85,0
38.21,3.01,12.28,2.96,0.5,1
51.52,5.86,27.31,19.22,0.3,0
46.79,2.25,13.01,11.28,0.85,1
65.86,3.37,2.6,17.52,0.2,1
30.03,4.09,20.61,21.04,0.5,0
50.11,11.7,1.62,12.93,0.2,0
45.15,2.82,11.2,49.9,0.85,0
18.88,6.01,5.59,11.11,1.0,0
64.04,2.56,5.45,5.02,0.2,1
49.91,2.34,9.98,19.41,0.85,1
63.89,3.01,1.55,51.94,0.85,0
39.95,4.81,5.93,16.47,0.3,1
42.09,10.86,5.28,19.74,0.85,0
56.94,3.28,7.65,13.92,0.5,1
54.52,7.57,1.98,44.67,0.2,0
40.48,12.01,6.54,66.08,0.2,0
41.23,5.47,4.46,72.01,0.2,0
26.51,8.31,4.88,47.3,0.85,0
59.17,2.91,15.11,26.51,0.2,1
55.58,5.93,27.23,20.99,0.5,0
45.96,6.76,8.11,26.75,0.85,1
28.74,1.99,3.08,27.15,0.5,0
25.09,2.73,13.76,16.51,0.85,0
35.03,3.99,15.24,17.05,0.5,1
59.53,3.06,6.11,11.81,0.85,1
43.34,4.26,8.29,13.27,0.5,1
49.39,1.8,6.95,63.81,0.85,0
60.15,11.38,22.41,19.55,0.5,0
43.09,7.99,15.57,1.54,0.5,1
29.67,12.5,5.82,40.71,0.2,0
45.14,2.14,11.63,22.04,1.0,0
50.01,6.05,10.84,18.16,0.85,1
47.37,3.08,8.72,6.01,0.5,1
43.25,2.33,12.5,49.96,1.0,0
55.79,7.75,15.07,28.29,0.2,0
45.34,4.9,19.95,27.47,1.0,0
29.83,3.84,8.53,15.74,0.2,1
53.19,5.56,11.33,10.44,0.85,1
56.22,2.81,12.95,44.88,0.3,0
46.82,2.75,9.11,23.77,0.3,1
55.27,3.14,14.99,40.97,0.85,0
38.04,8.58,1.19,31.57,0.2,0
40.51,8.21,12.14,8.05,0.85,0
40.22,2.08,4.45,19.31,0.85,1
53.83,11.12,7.56,27.55,0.85,0
50.55,4.67,14.96,21.02,0.85,1
46.7,6.0,14.45,77.61,0.85,0
32.53,3.08,8.36,55.64,0.85,0
19.03,4.81,1.62,57.91,0.2,0
44.38,2.33,7.26,32.68,1.0,0
38.43,2.95,6.77,9.56,1.0,0
64.21,7.41,4.79,23.74,0.2,0
53.52,7.5,3.69,8.68,0.2,1
58.01,6.15,6.43,6.74,0.2,1
37.69,3.69,7.73,19.45,0.2,0
54.41,2.05,12.73,13.81,0.5,1
66.52,9.13,9.98,46.12,0.2,0
32.16,7.8,9.9,41.09,0.85,0
61.25,1.34,15.63,13.93,1.0,0
46.72,7.57,17.55,7.7,0.2,0
56.31,3.83,7.56,6.02,0.5,1
33.03,6.88,15.5,8.85,0.85,1
26.62,1.81,14.85,0.92,0.3,0
36.41,3.18,5.16,47.06,1.0,0
52.58,5.01,2.11,29.34,0.5,1
58.33,11.39,18.5,33.12,0.5,0
62.52,5.01,24.42,61.47,0.85,0
45.31,8.4,10.44,6.21,0.85,0
47.15,5.4,6.79,6.85,0.85,1
53.44,5.29,11.5,18.5,0.85,1
42.64,6.33,2.17,11.75,0.2,1
43.17,4.6,13.23,37.02,1.0,1
54.91,7.31,4.88,39.08,0.5,1
53.27,2.43,3.08,20.42,0.3,1
51.4,4.61,17.51,31.97,0.85,0
64.71,11.9,9.83,25.84,0.2,0
21.12,8.58,8.83,59.62,0.2,0
47.92,5.66,10.75,6.68,0.85,1
46.91,7.96,27.68,26.88,0.5,0
34.9,10.25,4.67,13.7,1.0,0
60.29,1.21,4.94,31.15,1.0,0
61.42,4.05,12.32,19.34,0.2,1
58.45,3.17,15.01,41.24,0.2,1
62.25,1.9,19.33,12.62,0.5,0
37.22,12.5,14.32,30.41,0.5,0
61.29,6.5,9.32,6.43,0.3,1
31.4,7.81,12.47,6.25,1.0,1
38.59,3.26,9.46,8.29,0.3,1
43.81,4.0,11.4,32.96,0.85,1
43.26,4.74,2.71,40.74,0.2,1
52.28,5.9,11.23,16.79,0.5,1
49.19,7.17,6.46,25.26,0.2,1
43.06,1.41,9.54,7.43,1.0,0
50.08,6.92,3.76,3.05,0.2,1
36.58,4.15,9.69,9.23,0.2,1
18.12,10.46,11.56,22.16,0.85,0
17.13,9.36,4.78,11.76,0.85,0
42.65,5.57,3.12,37.53,0.5,1
52.49,4.84,7.26,42.22,1.0,0
26.31,3.97,8.33,4.62,0.3,0
53.05,5.91,11.12,20.0,1.0,1
49.68,9.09,4.44,33.88,0.5,0
24.09,4.9,8.55,19.96,0.2,0
46.23,3.41,18.23,45.99,0.3,0
33.45,4.84,7.79,0.25,0.85,1
36.92,5.63,4.36,51.34,0.5,0
26.86,2.33,15.45,19.52,0.5,0
63.21,1.96,7.9,33.52,0.2,1
53.31,3.47,10.97,19.07,0.2,1
40.44,10.45,16.75,20.33,1.0,0
50.05,8.82,10.84,26.25,1.0,0
54.42,1.67,15.5,17.91,0.3,0
45.68,2.67,11.31,2.52,0.5,1
44.09,7.1,14.7,3.65,0.2,1
44.59,3.73,8.36,19.54,0.5,1
43.38,6.09,23.46,53.98,1.0,0
47.9,1.74,9.6,32.81,0.2,0
56.44,4.78,11.87,13.27,0.5,1
40.38,4.51,4.66,19.69,0.85,1
38.71,7.83,7.74,14.28,0.2,1
47.76,5.9,8.49,36.34,0.2,1
51.39,5.14,15.01,33.17,0.2,1
59.74,1.47,13.71,14.33,0.2,0
61.85,12.1,9.6,67.57,0.2,0
60.54,6.83,14.46,23.25,0.3,1
56.04,3.09,14.61,4.33,0.2,1
45.4,5.07,11.47,22.18,0.85,1
50.42,3.8,19.71,6.84,0.5,0
56.9,4.22,15.91,6.33,0.85,1
41.42,8.75,5.04,66.54,1.0,0
46.64,2.66,6.82,21.18,0.85,1
58.35,6.98,3.62,69.13,1.0,0
49.8,8.95,7.9,4.52,1.0,0
50.32,6.4,6.75,25.32,0.2,1
49.32,4.34,13.95,13.84,0.5,1
30.58,2.96,14.44,5.88,0.5,1
44.87,3.21,8.36,4.43,0.85,1
35.05,5.13,9.12,17.31,0.3,1
51.95,4.89,16.53,23.16,0.5,0
63.74,7.45,9.41,9.45,0.2,1
48.29,1.82,19.04,48.51,0.85,0
40.24,8.69,15.27,2.26,1.0,0
41.96,12.5,8.3,12.53,0.2,0
59.78,4.58,19.24,68.17,0.5,0
43.38,4.19,13.95,21.67,0.2,1
23.41,4.42,20.82,20.75,0.3,0
53.94,5.03,4.91,17.95,0.85,1
39.47,4.0,12.02,32.82,0.5,1
62.04,1.23,18.45,13.8,0.2,0
35.15,4.36,1.0,22.77,0.2,1
52.82,5.2,3.1,23.74,0.85,1
33.66,9.19,3.53,3.81,0.2,0
40.8,2.64,7.66,35.13,0.85,1
36.83,11.13,16.52,32.98,0.85,0
38.12,3.84,8.68,5.41,0.85,1
27.74,2.84,2.79,10.11,0.5,0
60.26,6.83,5.05,6.58,0.5,1
54.37,3.59,6.89,22.02,0.5,1
45.36,4.63,16.74,39.36,0.2,0
41.9,4.81,4.79,37.47,0.5,1
51.97,6.62,12.27,16.36,0.5,1
33.57,4.55,15.67,22.18,0.5,1
36.89,4.27,9.16,75.78,0.85,0
28.28,3.78,10.73,40.92,0.2,1
53.13,6.27,9.55,37.8,0.2,1
35.15,3.48,13.43,15.61,0.85,1
58.91,9.35,9.3,12.32,1.0,0
55.38,4.84,19.72,28.77,0.5,0
29.98,1.53,16.18,8.1,0.5,0
33.52,5.63,13.19,37.26,1.0,1
39.01,6.14,6.65,2.11,0.2,1
41.65,9.41,10.53,2.64,0.3,0
52.07,3.04,3.66,62.77,0.85,0
41.59,2.77,7.53,15.54,1.0,1
54.87,6.74,9.58,26.86,1.0,1
30.01,8.6,6.84,1.45,0.5,0
37.84,2.97,2.99,38.08,0.3,1
37.6,5.51,6.38,14.7,0.85,1
42.06,4.6,18.53,11.31,0.85,0
41.19,3.03,10.63,28.16,0.85,1
54.36,4.45,4.73,53.44,1.0,0
21.57,8.28,14.23,80.49,0.85,0
63.85,4.85,17.74,9.74,0.85,0
52.96,4.31,9.85,11.6,1.0,1
36.22,6.55,8.02,66.85,0.85,0
45.93,8.68,7.03,3.77,1.0,0
67.49,2.61,4.25,18.02,0.2,1
26.36,5.64,2.24,1.21,1.0,0
60.22,3.85,5.03,19.66,1.0,1
44.62,4.87,8.74,20.86,0.85,1
46.76,6.83,2.15,10.45,0.5,1
46.48,4.03,23.33,8.97,1.0,0
33.12,4.53,12.1,10.35,0.85,1
60.85,7.92,6.8,33.88,0.3,1
52.61,6.06,7.96,31.42,1.0,1
39.35,4.48,25.3,29.17,0.2,0
38.14,5.13,6.94,2.37,0.2,1
44.18,4.93,4.07,29.64,0.2,1
58.89,1.45,8.06,28.63,1.0,0
32.19,5.18,4.76,7.66,0.85,1
36.88,2.1,10.29,0.48,0.5,1
60.39,8.55,7.31,2.57,0.85,0
31.39,2.07,5.71,40.88,0.5,1
46.5,3.74,6.11,0.16,0.85,1
43.01,3.34,21.26,33.66,0.2,0
57.92,10.23,7.26,6.63,0.2,0
23.19,8.36,19.42,14.16,1.0,0
60.93,0.9,9.74,14.93,1.0,0
26.81,4.72,9.9,3.49,0.2,0
34.17,2.34,2.85,39.95,0.85,1
26.72,5.19,23.04,14.09,0.85,0
43.28,6.75,9.33,34.15,0.85,1
66.89,5.43,15.75,25.95,0.2,1
43.81,6.97,11.98,48.86,1.0,0
45.64,4.1,8.79,40.87,0.85,0
56.74,5.53,12.02,1.56,0.5,1
51.84,6.83,3.33,2.08,0.85,1
35.74,3.66,2.3,43.83,1.0,0
34.72,2.82,6.96,29.47,0.2,1
46.95,3.23,4.65,38.12,0.85,1
36.56,4.44,16.9,34.96,0.85,0
62.78,4.79,6.21,14.24,1.0,1
34.34,5.71,11.5,33.2,1.0,1
27.47,3.04,17.98,52.73,1.0,0
27.78,6.94,2.39,14.81,0.85,0
29.85,11.45,12.37,19.2,0.5,0
38.7,3.35,1.0,25.12,0.85,1
42.11,12.5,15.98,42.41,0.2,0
36.63,12.26,24.36,37.94,1.0,0
44.89,4.78,5.24,38.09,0.85,1
44.14,4.37,4.19,8.29,0.85,1
23.09,3.2,8.96,12.75,0.2,0
28.26,7.49,20.34,12.59,0.2,0
61.35,4.96,6.2,19.93,1.0,1
41.43,5.26,6.45,27.14,0.2,1
59.2,2.85,10.8,1.55,0.85,1
53.69,7.6,12.48,49.43,0.2,0
37.35,4.17,9.59,12.09,0.85,1
44.95,2.45,5.13,38.35,0.5,1
30.73,4.57,17.6,18.23,0.5,0
47.92,2.97,9.3,44.58,1.0,0
69.87,9.42,19.97,45.91,0.3,0
47.74,12.17,8.64,10.84,0.5,0
45.73,4.65,3.79,0.39,0.85,1
24.33,8.24,7.12,33.42,0.5,0
35.17,8.13,9.61,17.19,0.2,1
20.37,0.8,4.68,2.23,1.0,0
57.75,3.23,7.66,51.72,1.0,0
39.46,5.08,3.27,9.85,0.3,1
52.31,3.72,17.17,4.49,1.0,0
43.18,3.08,20.84,59.53,1.0,0
42.18,8.42,8.35,7.78,0.3,0
52.29,3.63,17.27,7.65,0.2,0
59.78,5.71,4.44,77.4,0.5,0
38.86,8.03,2.54,31.98,0.3,1
49.49,9.71,6.58,46.57,0.5,0
36.31,2.46,5.34,5.89,0.3,1
36.44,2.6,5.3,18.94,0.85,1
49.98,5.37,13.81,31.93,0.5,1
33.81,1.22,14.7,15.52,0.5,0
33.54,2.68,9.91,37.19,0.2,1
23.87,8.9,12.62,0.81,0.2,0
33.44,6.66,5.97,15.28,0.85,1
55.23,4.44,12.16,12.69,0.3,1
49.53,6.13,13.29,25.11,0.85,1
38.46,6.9,19.79,40.36,1.0,0
45.69,1.94,2.91,32.04,0.3,1
36.12,3.59,15.61,25.04,0.3,1
63.2,9.53,4.19,11.8,0.85,0
68.26,5.43,7.97,3.62,0.85,1
56.23,5.6,1.0,12.8,0.2,1
51.63,4.65,20.47,26.2,0.2,0
44.01,1.46,21.37,22.99,0.85,0
28.12,3.32,20.83,54.11,0.85,0
43.4,5.94,2.95,70.23,0.2,0
35.18,3.64,6.33,37.15,1.0,1
55.63,2.52,7.56,40.23,0.85,0
46.18,2.73,23.26,14.87,0.3,0
37.97,9.64,13.99,4.05,0.85,0
50.56,3.53,11.25,3.85,0.2,1
56.54,8.64,7.36,12.13,0.85,0
44.93,5.61,22.66,15.46,0.2,0
30.54,4.16,12.42,16.22,0.5,1
48.22,3.0,9.27,22.64,1.0,1
58.54,6.75,9.21,16.26,1.0,1
63.09,8.09,2.7,44.93,0.85,0
40.8,7.1,7.29,12.47,0.2,1
39.96,2.08,3.81,40.95,0.2,1
59.57,3.52,12.94,23.93,1.0,1
61.83,3.78,16.58,21.77,0.2,0
29.33,1.26,18.99,17.86,0.2,0
21.18,6.1,23.04,7.98,0.3,0
48.35,6.57,5.0,4.41,0.85,1
44.59,6.45,9.18,57.84,1.0,0
56.94,5.89,12.88,40.51,0.5,0
42.52,3.96,11.21,14.29,1.0,1
34.52,2.93,34.32,73.29,0.85,0
59.72,3.96,5.57,32.19,0.5,1
52.66,5.64,10.28,20.33,0.85,1
43.86,9.06,5.8,28.85,0.85,0
39.66,4.96,11.67,2.13,0.85,1
32.73,4.87,6.07,6.7,1.0,1
51.13,1.34,12.67,27.27,0.85,0
40.22,5.84,11.1,8.83,0.3,1
34.18,9.41,4.38,29.27,0.85,0
29.54,4.46,5.15,34.38,0.85,1
47.47,4.28,8.71,16.12,0.85,1
59.01,3.82,12.25,45.14,0.2,0
34.8,6.87,4.13,20.51,1.0,1
26.58,1.3,6.0,10.26,0.5,0
33.2,8.65,3.58,0.4,0.2,0
58.65,4.17,2.97,30.84,0.2,1
54.77,5.9,7.99,27.44,0.2,1
51.39,7.16,5.12,37.93,0.2,1
42.23,2.71,6.08,16.05,1.0,1
48.86,4.7,10.95,24.96,0.5,1
34.98,4.12,11.78,37.98,0.3,0
56.51,2.32,1.7,16.74,1.0,1
25.78,8.06,6.77,27.64,1.0,0
64.33,3.93,7.01,34.94,0.5,0
34.44,2.26,16.6,13.83,0.3,0
62.35,4.86,8.27,13.96,0.85,1
39.14,1.87,6.79,44.12,0.3,0
54.26,3.65,4.42,35.12,0.2,1
43.58,5.58,15.49,3.38,1.0,1
29.27,1.75,16.6,70.95,0.2,0
43.3,6.64,22.63,26.41,0.2,0
41.45,5.0,16.92,4.1,1.0,0
55.14,7.18,13.63,11.26,0.3,1
53.02,7.14,8.89,3.06,0.85,1
54.19,3.57,12.64,8.97,0.85,1
63.07,3.63,10.49,4.67,0.2,1
42.18,6.14,13.21,8.93,0.2,1
31.19,2.45,12.31,69.01,0.85,0
59.59,2.46,8.35,79.2,0.5,0
56.92,3.29,8.59,11.33,0.2,1
57.76,1.98,11.35,2.13,1.0,1
49.49,2.24,16.2,12.67,0.85,0
43.5,2.29,8.31,3.52,0.5,1
61.3,3.94,7.24,2.5,0.85,1
55.99,3.84,15.78,1.16,0.5,1
64.83,7.76,6.07,1.15,0.85,1
48.82,3.98,18.19,31.38,1.0,0
38.52,4.5,9.56,47.77,0.5,0
23.4,11.03,7.06,12.0,0.2,0
36.09,0.92,7.59,42.2,0.3,0
48.8,5.29,9.63,28.13,0.5,1
34.88,4.17,6.5,12.71,0.5,1
50.91,5.58,13.74,11.35,0.5,0
50.98,3.41,23.7,26.53,0.2,0
55.48,3.96,14.87,60.92,0.2,0
58.06,8.84,3.54,4.49,0.85,0
18.72,6.09,6.6,25.05,0.85,0
32.2,4.08,9.18,36.03,0.2,1
54.58,2.97,16.81,52.61,0.85,0
51.77,2.45,8.45,13.83,1.0,1
40.87,3.54,6.5,23.55,0.5,1
57.81,4.29,13.75,56.08,0.2,0
62.04,11.01,12.96,32.37,0.5,0
68.2,5.08,3.86,6.73,0.85,1
60.47,3.18,4.23,12.94,1.0,1
57.1,0.93,9.09,33.81,1.0,0
42.91,2.92,15.95,22.26,0.5,0
63.08,3.54,5.92,49.21,0.2,0
55.25,5.35,11.03,33.15,0.85,0
48.47,3.61,7.96,14.43,1.0,1
28.51,11.28,1.38,2.36,0.85,0
50.92,4.12,8.55,6.2,0.85,1
51.32,7.9,11.06,15.24,1.0,1
29.71,1.65,16.21,9.91,1.0,0
38.27,4.56,6.03,6.76,0.5,1
54.2,2.94,10.33,19.28,0.5,1
27.15,8.01,18.74,3.7,0.3,0
18.42,3.75,10.51,59.26,0.85,0
56.14,8.97,17.8,52.47,0.85,0
44.69,6.59,10.37,29.32,0.5,0
41.81,3.47,10.64,20.52,0.5,1
62.08,2.42,12.54,38.51,0.3,1
42.88,3.04,13.19,49.08,0.5,0
56.21,3.97,9.09,8.61,1.0,0
44.95,6.57,11.27,16.61,0.85,1
44.62,4.64,12.13,16.53,0.2,1
36.92,7.2,4.13,37.62,0.2,1
49.05,9.34,6.26,81.55,0.5,0
39.22,4.78,17.24,55.83,0.85,0
37.29,2.58,5.36,0.41,0.2,1
55.28,5.72,11.09,61.66,0.5,0
27.78,11.93,2.2,18.23,0.5,0
27.98,7.42,14.92,19.28,0.2,0
47.07,5.49,10.35,68.22,0.5,0
58.73,2.79,9.04,22.45,0.2,1
33.97,4.2,13.01,15.29,0.85,1
30.57,1.72,13.46,24.24,0.5,0
43.69,2.33,5.45,7.78,0.85,1
60.88,5.79,22.83,31.75,0.2,0
24.31,1.48,18.0,2.21,0.5,0
40.3,3.86,4.96,18.93,1.0,1
58.83,2.17,6.59,42.97,0.85,0
27.1,2.4,7.23,24.27,0.85,0
54.05,4.83,13.94,10.02,1.0,1
32.55,3.05,6.67,40.52,1.0,1
55.95,1.91,11.63,26.51,0.2,1
55.86,3.4,11.44,16.28,1.0,1
36.77,1.87,9.95,12.28,0.5,1
58.67,8.68,10.81,48.53,0.3,0
27.83,6.76,5.18,27.88,0.5,0
35.74,6.75,4.05,2.8,0.85,1
33.39,2.87,6.7,13.01,1.0,1
40.73,5.89,8.8,15.29,0.85,1
49.61,5.22,9.46,11.74,0.85,1
41.88,3.01,4.38,35.02,1.0,1
53.83,4.48,12.21,13.58,0.2,1
31.19,1.67,3.1,10.29,0.5,0
62.73,2.46,24.83,19.63,0.2,0
64.79,4.41,14.11,28.97,0.5,1
53.8,3.52,17.57,14.6,0.85,0
33.51,5.61,8.45,6.07,0.85,1
58.83,3.05,20.54,49.95,0.85,0
29.48,3.82,24.26,4.1,0.2,0
38.68,4.62,8.61,64.69,0.5,0
42.78,2.9,15.31,2.42,1.0,1
45.33,3.78,11.66,58.62,0.2,0
37.6,5.2,4.82,5.76,0.2,1
36.89,9.96,7.62,48.11,0.3,0
41.74,2.91,12.51,10.18,0.85,1
29.06,3.53,4.12,2.78,1.0,1
25.5,7.38,6.51,67.74,0.2,0
41.26,8.34,6.6,13.32,0.2,0
54.28,6.19,7.79,18.84,0.5,1
36.54,8.23,1.0,33.18,0.5,0
45.64,2.82,6.23,0.95,0.2,1
32.53,7.82,4.92,21.22,1.0,1
61.72,6.89,19.51,39.25,0.85,0
46.0,2.38,15.24,21.33,0.85,1
37.93,3.85,9.36,49.62,0.5,0
58.89,1.09,2.98,7.81,1.0,0
35.8,4.99,19.99,24.83,1.0,0
36.95,7.75,7.46,18.22,0.85,1
48.03,3.42,13.61,63.27,0.3,0
53.02,2.55,5.16,17.15,0.85,1
54.13,2.45,10.96,13.98,1.0,1
36.92,4.58,8.11,23.19,0.85,1
65.24,6.16,9.08,8.95,1.0,1
56.96,10.07,4.81,20.24,1.0,0
43.01,1.03,16.43,49.24,0.2,0
55.66,9.44,11.98,29.18,0.85,0
30.78,5.14,7.7,18.19,1.0,1
54.52,7.56,7.11,10.01,0.85,0
23.51,6.68,2.28,76.39,1.0,0
61.3,4.74,7.5,40.47,0.2,1
57.21,4.64,5.18,37.42,0.3,1
62.88,5.7,15.45,29.38,0.2,1
39.18,4.02,6.16,54.55,0.2,0
59.39,4.2,10.2,16.27,0.5,1
30.03,0.8,11.27,29.22,0.2,0
24.38,6.32,10.67,14.92,0.85,0
43.28,2.91,10.81,13.13,0.85,1
42.56,7.93,14.02,21.63,0.85,1
48.51,7.59,8.16,9.84,1.0,1
60.35,3.54,4.1,7.81,1.0,1
33.01,6.35,8.9,9.78,1.0,1
36.0,5.93,1.05,16.85,0.2,1
24.49,3.33,12.72,17.41,1.0,0
30.2,6.6,3.08,3.97,0.85,1
50.17,9.79,5.96,35.3,0.5,0
31.32,8.07,6.93,53.7,0.2,0
47.24,1.89,15.84,72.51,0.85,0
46.62,6.04,13.61,19.33,0.3,1
46.08,7.4,16.19,33.33,1.0,0
43.25,3.2,27.11,27.29,1.0,0
58.86,7.93,9.97,48.49,0.85,0
39.35,2.99,3.93,20.04,0.85,1
41.2,3.99,8.94,33.6,0.85,0
31.73,3.06,15.74,54.24,0.5,0
41.84,2.77,6.16,8.34,0.85,1
59.27,5.69,10.11,4.23,0.85,1
44.37,2.01,4.1,25.52,1.0,1
20.85,4.12,4.08,9.26,0.2,0
48.81,5.7,10.52,34.78,1.0,1
50.12,3.09,19.86,11.57,0.3,0
46.69,8.64,5.64,13.36,0.85,0
57.18,4.31,11.88,8.91,0.85,1
25.24,10.6,13.94,34.5,1.0,0
54.25,1.86,5.63,44.63,0.5,0
54.84,5.82,5.38,25.54,0.5,0
48.17,5.21,14.44,27.55,0.2,1
42.64,3.75,2.58,10.51,0.5,1
43.24,4.75,6.55,14.19,1.0,1
57.08,6.28,9.32,54.17,0.85,0
40.73,6.91,5.77,28.78,0.3,1
55.46,4.38,3.19,32.51,0.5,1
53.14,5.86,17.38,31.64,0.2,0
37.38,2.9,8.3,8.17,0.85,1
49.11,6.98,4.23,36.8,0.2,0
61.19,9.52,22.23,38.66,0.5,0
47.46,7.26,17.72,7.1,0.5,0
56.73,3.07,5.86,16.76,0.85,1
47.51,2.63,1.79,44.83,0.2,0
41.62,12.5,6.54,67.16,0.85,0
50.55,9.19,3.2,26.57,0.2,0
37.77,6.92,8.1,2.04,0.3,1
39.14,9.84,9.94,61.21,1.0,0
31.61,4.67,2.34,6.05,1.0,1
31.1,6.85,23.15,40.29,0.85,0
31.19,8.59,8.93,25.43,1.0,0
38.22,4.02,11.36,39.18,0.5,1
20.25,6.04,5.71,50.95,0.5,0
31.23,8.1,10.47,2.81,0.5,1
53.84,2.52,8.67,5.6,0.3,1
21.08,3.79,15.88,30.57,1.0,0
42.18,8.01,5.02,59.05,0.5,0
64.13,5.29,1.0,46.13,0.85,0
36.0,4.91,4.48,35.2,0.2,1
32.63,4.6,5.15,15.41,1.0,1
30.38,8.44,8.12,15.59,0.2,0
52.23,2.68,7.25,23.78,0.5,1
41.68,3.65,5.85,24.98,1.0,1
60.33,2.0,6.07,60.27,1.0,0
39.58,3.95,4.86,16.32,0.5,1
65.34,5.15,2.7,6.26,0.2,1
17.21,1.34,13.74,52.9,0.2,0
64.37,2.93,1.72,21.55,0.5,1
56.96,5.28,10.9,12.9,0.2,1
48.15,5.99,16.08,27.34,0.5,0
27.16,10.99,7.23,18.43,1.0,0
26.88,6.46,10.55,31.08,1.0,0
25.82,4.29,10.9,18.93,1.0,0
60.75,5.07,3.52,38.77,0.3,1
31.44,5.17,5.1,54.87,0.5,0
42.61,3.65,4.91,57.97,0.5,0
55.52,5.4,3.36,32.23,0.85,1
44.77,3.55,11.53,19.95,1.0,1
56.19,5.55,8.42,54.18,0.3,0
34.56,4.59,7.21,34.98,1.0,1
30.02,4.18,16.18,12.25,0.2,0
54.93,4.25,20.08,31.89,0.85,0
27.67,7.03,8.83,1.53,0.2,0
48.1,6.68,15.51,25.4,0.85,0
69.82,4.06,18.13,10.64,0.85,0
44.15,6.89,6.35,40.87,0.2,1
43.41,4.55,1.32,27.66,0.85,1
43.93,4.58,12.69,31.81,0.85,1
53.25,3.65,6.18,0.19,0.2,1
49.88,10.4,1.37,10.6,0.85,0
62.52,9.83,7.58,38.27,0.3,0
52.3,3.22,8.72,20.2,1.0,1
62.0,3.93,7.49,12.92,0.2,1
62.18,5.78,5.87,78.87,0.5,0
47.22,6.35,15.94,6.64,0.85,1
30.25,2.55,9.1,18.15,0.2,1
40.88,2.81,14.09,23.74,0.85,0
40.5,0.8,6.71,11.72,0.85,0
53.53,6.36,6.25,52.25,1.0,0
37.29,1.88,14.35,39.57,0.2,1
40.81,3.23,17.85,8.42,0.2,0
61.46,7.44,12.75,54.31,0.85,0
38.85,7.26,6.74,30.03,0.2,1
48.74,10.1,19.54,27.04,0.2,0
47.41,11.85,13.12,65.55,0.5,0
55.36,12.5,10.68,21.95,0.5,0
51.36,3.87,9.25,12.53,0.2,1
27.62,3.36,11.04,20.56,0.5,0
59.57,5.9,1.92,20.05,0.5,1
36.36,2.03,11.32,5.16,0.85,1
35.29,4.14,6.03,9.16,0.5,1
50.59,5.14,7.67,17.91,0.2,1
65.43,6.13,10.16,65.14,0.5,0
59.73,6.49,6.21,12.49,0.3,1
33.66,4.07,4.75,64.9,0.5,0
30.8,2.22,4.94,2.99,0.85,1
56.9,2.53,22.18,23.17,0.5,0
42.39,1.23,4.06,24.6,0.3,0
25.81,3.43,13.12,1.81,1.0,0
62.83,2.0,19.25,6.32,0.85,0
42.41,3.57,17.25,28.37,1.0,0
51.66,5.87,9.54,55.94,0.3,0
36.03,2.26,7.17,10.2,0.3,1
55.54,4.98,8.64,38.41,0.2,0
43.92,4.05,1.31,47.12,0.2,0
48.73,5.7,11.67,4.42,0.2,1
28.65,6.42,10.6,24.52,0.2,0
48.4,3.9,7.97,19.47,0.85,1
54.87,4.76,22.74,19.0,0.3,0
38.95,4.05,4.38,11.77,0.85,1
27.69,3.63,10.19,22.33,0.2,0
52.8,3.14,9.84,25.13,0.3,1
35.7,6.11,3.29,21.7,0.85,1
52.3,9.18,8.6,37.25,0.2,0
38.5,8.61,2.07,44.95,0.5,0
28.11,2.12,7.92,22.33,0.2,1
62.54,9.09,1.19,4.31,0.5,0
56.46,2.72,4.0,16.15,0.2,1
36.08,5.14,8.42,30.78,1.0,1
19.17,5.64,13.12,37.02,0.85,0
43.76,1.79,9.06,12.56,0.85,0
60.73,4.3,9.42,0.85,0.5,1
39.24,9.38,7.3,6.71,0.2,0
30.54,0.95,10.55,11.45,0.85,0
55.15,12.5,14.86,42.12,0.85,0
54.98,1.19,17.82,37.91,0.5,0
46.08,5.56,27.14,45.69,1.0,0
40.03,1.84,13.23,5.22,0.5,1
39.8,6.04,3.41,12.03,0.5,1
29.12,8.41,3.95,20.23,0.2,0
47.64,7.24,8.95,22.89,0.2,1
35.36,1.88,11.74,40.06,0.3,1
39.31,7.87,3.65,6.68,0.2,1
29.95,4.06,7.55,16.51,1.0,1
44.5,1.92,10.21,23.63,0.2,1
48.71,9.35,4.79,31.18,0.5,0
15.74,12.5,12.18,31.43,0.2,0
28.3,5.0,6.73,12.37,0.85,1
41.65,3.81,5.81,25.86,0.85,1
55.36,2.96,2.62,1.98,0.2,1
53.17,7.0,11.87,4.03,0.2,1
33.9,8.06,5.03,14.43,0.5,1
44.08,3.81,3.49,32.51,1.0,1
51.16,10.42,6.25,50.31,0.2,0
48.18,6.69,12.77,33.86,0.3,1
40.16,4.97,5.97,27.56,0.2,0
44.92,5.66,1.58,53.88,0.5,0
52.85,2.57,10.61,13.97,1.0,1
32.19,6.95,10.17,8.98,0.85,1
43.18,2.68,16.29,24.02,0.2,0
39.38,3.53,4.25,10.39,0.5,1
44.02,4.56,20.12,56.59,1.0,0
40.91,11.79,2.11,48.91,0.5,0
67.61,5.41,9.98,46.02,0.2,0
49.07,2.84,13.87,34.83,0.85,1
49.7,5.67,13.47,30.29,0.5,1
45.18,6.47,11.43,37.12,1.0,1
25.92,8.76,21.32,36.72,0.85,0
47.28,4.69,7.97,12.13,0.85,1
24.58,3.1,11.44,1.34,0.85,0
37.26,12.5,3.54,4.84,1.0,0
38.71,5.68,6.97,15.24,0.85,0
26.5,2.85,3.47,54.1,0.3,0
54.96,4.66,9.98,55.81,0.5,0
20.87,3.53,16.82,22.92,0.85,0
59.3,9.04,7.0,0.56,1.0,0
33.54,6.44,12.12,23.72,0.2,1
44.95,3.96,5.53,19.12,0.2,1
34.73,8.07,9.8,40.29,0.5,0
55.89,4.45,3.92,33.78,0.5,1
35.21,4.6,1.0,21.19,0.85,1
44.57,3.05,25.91,12.85,0.2,0
38.47,3.04,15.38,47.95,0.85,0
32.99,12.5,10.97,1.93,0.5,0
34.46,7.87,5.73,17.56,1.0,1
52.83,1.37,13.08,40.09,0.85,0
46.36,2.64,3.19,24.1,0.2,1
42.22,2.31,11.01,9.43,0.5,1
34.92,4.91,14.42,26.49,1.0,1
42.75,3.73,11.7,6.94,0.5,1
57.14,9.99,13.43,3.94,0.2,0
29.74,3.93,2.65,22.16,1.0,1
53.64,12.26,1.86,9.8,0.2,0
56.15,4.53,8.01,32.04,0.3,1
49.6,12.5,14.12,17.46,0.2,0
44.78,4.23,6.21,2.28,0.2,1
39.15,4.28,12.95,27.93,1.0,1
59.32,7.78,2.6,9.68,0.85,1
56.78,7.18,11.39,2.08,1.0,1
34.17,2.07,18.6,47.96,1.0,0
55.03,4.98,8.41,42.75,0.2,0
28.47,3.71,2.29,21.94,0.2,1
51.97,3.56,12.6,38.15,0.2,1
49.28,4.96,16.84,29.32,0.2,0
41.76,4.02,7.06,28.87,0.2,1
23.55,5.26,7.19,21.35,0.2,0
38.77,2.56,6.62,88.5,1.0,0
52.65,1.76,3.27,27.73,0.5,0
27.6,7.93,6.29,16.91,0.2,0
32.98,8.59,7.91,45.24,0.2,0
39.9,7.67,7.83,30.12,0.85,0
41.35,4.84,4.87,3.04,0.2,1
45.6,3.85,9.79,22.35,0.3,1
42.48,3.28,9.57,13.46,0.85,1
63.2,2.93,7.33,50.94,0.5,0
42.96,4.53,19.22,8.14,0.5,0
44.08,8.47,21.59,36.14,0.2,0
34.3,3.12,11.82,11.67,0.85,1
46.77,8.48,6.0,63.72,0.3,0
53.11,1.82,19.43,31.62,0.5,0
55.23,5.41,12.6,31.9,0.5,1
35.53,6.03,8.14,53.52,1.0,0
38.1,3.49,16.66,15.68,1.0,0
55.18,2.46,4.08,12.09,0.3,1
62.28,7.39,11.56,34.01,0.5,0
42.15,4.86,5.9,23.9,0.5,1
40.1,12.5,9.73,14.78,0.2,0
38.35,8.54,6.07,31.25,0.2,0
67.22,8.58,10.16,22.25,0.2,0
32.54,0.8,7.99,19.43,1.0,0
27.77,3.16,10.21,12.34,1.0,0
69.31,2.28,2.69,0.88,1.0,1
28.85,1.18,1.0,47.01,0.5,0
42.45,4.65,13.93,10.92,0.2,1
58.86,7.29,5.86,10.51,0.85,1
39.9,2.61,12.11,9.58,0.85,1
47.04,1.23,1.83,13.97,1.0,0
49.03,2.75,11.5,10.37,0.2,1
53.47,4.34,12.5,36.38,0.5,1
43.36,4.16,12.35,26.26,1.0,1
36.89,4.78,15.72,18.62,1.0,1
54.79,5.96,16.12,5.08,1.0,0
40.46,4.71,4.79,8.82,0.2,1
32.62,7.5,10.14,6.65,0.85,1
37.82,2.65,1.28,10.49,1.0,1
45.68,4.06,2.94,50.42,0.2,0
51.88,6.49,7.83,1.36,0.85,1
37.41,5.54,1.82,4.11,0.5,1
39.35,11.51,6.83,15.81,0.5,0
58.89,2.71,11.13,56.71,0.2,0
44.33,6.55,14.72,12.05,0.2,1
62.9,3.26,8.06,17.83,0.85,1
50.55,3.05,8.76,27.46,0.85,1
27.98,8.27,1.0,31.04,0.5,0
39.14,4.68,16.23,17.72,0.5,0
50.44,5.49,24.23,22.43,1.0,0
52.33,3.41,8.28,16.92,0.85,1
38.3,3.53,6.25,8.68,0.85,1
58.67,1.74,4.42,13.17,0.2,0
47.74,5.25,12.67,11.56,0.85,1
46.25,2.49,7.73,50.37,0.2,0
33.53,4.38,6.73,0.99,0.85,1
42.9,7.5,10.33,44.03,0.5,0
31.97,1.42,14.62,50.45,0.5,0
55.27,12.5,12.36,8.6,1.0,0
29.77,3.01,14.61,1.28,1.0,0
53.26,4.45,9.42,30.45,1.0,1
57.13,5.49,10.1,52.89,0.5,0
47.26,2.95,1.0,19.9,0.85,1
33.66,3.6,8.0,17.02,1.0,1
61.09,8.42,14.41,22.56,0.5,0
37.64,7.07,10.81,69.29,1.0,0
29.72,4.11,12.04,28.0,0.85,1
62.95,4.75,3.99,36.46,0.2,0
26.65,5.13,18.12,61.51,0.85,0
42.77,6.4,13.17,2.95,1.0,1
35.72,6.65,17.38,72.1,0.5,0
38.0,6.55,6.04,40.96,0.2,1
64.81,3.74,10.23,29.99,0.2,1
21.35,5.04,14.42,3.06,0.2,0
60.13,7.94,7.79,3.28,0.2,1
61.66,12.5,6.75,25.27,0.5,0
30.71,4.97,7.64,42.58,0.5,0
42.33,3.45,11.08,14.68,0.3,1
34.48,2.92,7.15,51.44,0.2,0
54.0,6.58,5.08,34.72,0.3,1
61.57,1.68,9.08,7.29,0.5,0
46.63,6.61,2.53,32.18,0.2,1
23.65,6.68,17.69,43.53,1.0,0
37.83,3.52,19.11,8.99,0.5,0
63.25,5.42,24.25,44.75,0.2,0
46.76,4.18,13.33,28.96,1.0,1
69.02,2.01,14.39,17.54,0.2,1
66.31,6.36,15.37,19.2,0.3,1
39.03,6.05,4.38,31.54,1.0,1
50.26,3.69,4.86,61.91,0.2,0
28.26,12.5,14.84,5.82,0.5,0
29.77,4.77,7.81,22.35,0.85,1
40.72,1.33,14.13,11.96,0.5,0
34.41,8.16,3.92,55.9,0.2,0
36.56,7.18,2.08,3.42,1.0,1
51.96,7.63,7.54,13.28,0.5,1
43.59,2.57,5.81,0.2,0.3,1
28.23,5.34,14.62,25.03,0.2,1
46.23,4.72,18.26,8.06,1.0,0
37.54,4.3,11.37,0.44,0.2,1
33.87,9.29,3.25,18.83,1.0,0
47.12,4.8,1.08,51.79,0.5,0
40.43,3.76,13.82,32.84,0.85,0
35.62,3.74,16.4,16.94,0.2,0
51.12,2.45,20.07,53.03,1.0,0
34.15,5.06,12.53,33.35,0.85,0
43.78,9.67,1.64,33.55,0.5,0
26.4,3.94,8.67,3.57,0.2,0
59.13,5.5,8.83,26.21,1.0,1
48.96,4.26,1.93,7.53,0.2,1
50.45,4.52,17.96,53.7,0.2,0
54.46,7.35,13.49,59.1,1.0,0
49.4,2.43,4.86,14.66,1.0,1
55.51,1.8,11.34,18.58,0.3,0
34.87,8.17,14.65,64.36,0.5,0
54.07,3.47,15.83,9.98,1.0,1
31.94,3.79,16.28,59.64,0.85,0
41.61,12.5,13.96,19.03,1.0,0
51.63,7.16,10.79,0.84,0.2,1
60.7,2.8,2.89,26.11,1.0,1
58.88,8.47,5.66,4.36,1.0,0
36.65,7.24,9.45,28.17,0.2,1
23.72,0.8,7.13,42.76,0.2,0
46.93,5.17,12.41,1.39,0.5,1
45.91,2.51,3.48,70.84,0.5,0
64.77,4.52,19.77,25.72,0.5,0
33.73,12.5,6.74,26.8,0.5,0
36.12,7.52,9.23,35.28,0.2,0
60.64,8.05,6.69,37.41,0.85,1
31.46,4.27,14.29,14.48,0.85,1
51.46,8.07,4.07,24.11,0.5,1
54.19,3.07,6.95,18.61,0.5,0
34.84,5.13,10.72,34.59,0.85,1
61.52,7.33,2.01,32.56,0.5,0
19.89,7.21,10.65,15.25,0.2,0
51.37,1.87,12.12,15.27,0.5,1
62.65,11.9,20.27,39.79,0.5,0
32.42,2.73,22.75,4.85,0.85,0
29.69,12.5,5.66,43.19,1.0,0
32.35,7.45,11.63,9.71,0.5,0
55.74,7.11,2.84,12.45,1.0,1
56.36,2.87,12.61,36.3,1.0,1
44.79,3.55,6.66,23.94,0.2,1
41.42,11.39,4.97,13.77,1.0,0
54.56,10.62,1.18,6.3,0.2,0
59.16,4.34,9.35,10.33,0.2,1
31.58,4.13,4.47,10.42,1.0,1
34.42,4.2,10.16,67.74,1.0,0
51.33,8.5,9.13,42.26,1.0,0
39.64,8.07,10.78,3.13,0.3,1
32.16,5.86,5.42,1.35,0.3,1
44.77,5.16,3.47,38.64,0.5,1
45.98,4.31,13.92,28.11,0.5,1
65.77,12.5,26.12,35.63,0.5,0
46.52,2.01,7.3,14.96,0.85,1
49.8,3.81,7.4,13.36,0.2,1
56.25,5.64,16.21,39.88,0.5,0
48.9,1.76,4.39,29.9,0.2,0
57.44,3.41,6.83,39.43,1.0,0
32.72,12.5,5.91,42.29,0.5,0
31.88,7.78,3.62,13.74,0.5,1
55.68,3.4,9.61,51.43,1.0,0
40.04,3.34,10.91,20.11,0.2,1
48.26,2.02,16.65,6.93,0.5,0
63.05,3.68,11.27,29.05,0.2,1
29.41,6.44,2.12,18.63,0.2,1
42.55,5.85,2.08,1.99,0.5,1
51.01,3.79,2.32,4.68,0.5,1
32.26,2.7,5.55,0.73,0.2,1
57.73,4.27,5.52,16.81,0.2,1
59.36,4.22,13.76,35.19,0.2,1
45.06,7.26,2.1,51.79,0.5,0
32.95,5.39,10.64,20.4,0.85,1
33.93,5.0,10.42,24.32,0.5,1
42.65,8.9,9.16,56.76,0.3,0
46.35,10.57,1.36,5.32,0.85,0
43.09,5.81,14.98,12.4,0.3,1
35.62,5.89,7.27,23.4,0.85,1
43.06,4.44,8.24,55.4,0.5,0
58.18,2.85,11.65,29.71,0.2,1
42.93,7.56,11.53,7.96,0.2,1
51.69,6.79,5.88,9.97,0.5,1
27.6,4.65,1.0,39.4,1.0,0
44.93,5.4,14.46,9.65,0.5,1
48.87,8.59,13.32,16.33,1.0,0
62.86,9.35,11.15,3.21,1.0,0
57.2,0.82,19.22,39.51,0.5,0
63.6,3.27,4.85,24.88,0.2,1
28.21,4.64,3.22,5.09,0.2,1
48.72,2.45,31.88,1.25,0.85,0
66.08,5.48,16.29,33.92,0.85,0
36.24,3.37,1.9,80.0,0.3,0
51.51,5.58,6.62,9.1,0.85,1
55.69,3.43,9.23,43.06,0.85,0
45.78,3.51,10.94,19.31,0.85,1
24.09,5.56,7.8,7.97,0.3,0
50.45,7.74,2.92,22.25,0.85,1
64.05,6.58,8.59,10.59,0.5,1
46.05,4.66,9.66,11.24,0.2,1
35.9,1.41,6.41,2.66,1.0,0
58.97,3.46,4.15,20.9,0.2,0
45.87,3.24,9.23,62.47,0.85,0
57.13,7.02,5.9,15.28,0.2,1
44.24,5.18,5.35,39.54,0.3,1
30.84,5.29,12.65,5.16,0.85,1
36.5,2.93,9.85,2.18,1.0,1
49.06,9.55,13.05,8.11,0.5,0
43.28,5.27,8.24,20.05,1.0,1
50.68,2.82,2.72,15.03,0.85,1
29.63,2.94,8.87,7.73,0.85,1
54.69,5.69,10.4,30.02,0.2,0
35.39,2.76,13.78,30.6,0.5,1
57.83,3.27,10.21,23.79,0.5,1
37.26,2.38,14.23,32.94,0.2,0
30.68,6.98,9.16,3.5,1.0,1
40.77,2.8,10.67,42.02,1.0,0
54.4,10.38,1.35,24.5,0.2,0
44.35,6.08,16.06,6.09,0.85,0
46.0,2.37,4.26,12.63,0.85,1
60.74,6.55,12.96,29.64,0.2,1
30.81,9.56,8.19,26.96,0.5,0
52.83,4.55,17.17,9.2,0.2,0
63.28,10.15,6.26,12.89,0.2,0
43.61,6.14,22.33,24.1,0.2,0
52.91,3.37,12.89,18.94,0.2,1
31.89,12.5,10.71,16.68,0.85,0
47.31,1.98,19.6,11.3,0.2,0
58.03,3.94,9.56,26.52,0.3,1
61.21,4.66,7.07,29.47,0.85,1
40.76,12.26,12.1,76.45,0.2,0
41.06,7.07,5.42,19.28,0.2,1
59.84,6.44,9.3,36.94,0.5,1
63.99,3.07,17.25,23.39,1.0,0
45.18,4.45,8.13,1.75,0.2,1
48.12,3.42,7.91,40.27,1.0,0
40.52,6.33,6.71,18.53,0.2,1
43.52,8.76,11.42,6.99,0.5,0
41.04,12.5,5.74,46.01,1.0,0
49.14,3.64,14.52,69.15,1.0,0
22.88,1.95,11.0,7.07,1.0,0
50.3,3.98,20.88,2.17,0.2,0
53.15,8.13,18.54,2.64,0.85,0
42.23,2.85,6.45,18.57,0.3,1
23.05,4.76,14.92,54.9,1.0,0
25.06,6.49,2.18,2.44,0.5,0
66.97,3.69,6.55,22.52,0.85,1
35.57,5.4,13.66,48.05,1.0,0
56.5,2.68,2.63,51.89,0.85,0
59.4,9.09,10.42,39.08,0.5,0
52.71,4.15,13.37,9.67,0.5,1
58.76,5.31,12.34,9.83,1.0,1
49.83,1.45,13.75,0.91,0.5,0
32.91,2.45,4.23,6.04,0.3,1
40.03,7.99,6.44,2.86,1.0,1
56.76,3.66,13.37,11.92,0.85,1
46.61,2.76,10.28,30.84,1.0,1
47.83,1.85,2.9,57.5,0.85,0
61.6,9.0,18.59,12.26,1.0,0
46.59,6.91,4.33,6.97,0.5,1
52.53,6.67,10.35,36.9,1.0,1
61.38,10.88,4.9,53.16,1.0,0
30.17,3.94,14.77,0.94,0.2,1
42.32,1.96,10.2,13.66,1.0,1
59.84,4.91,7.72,8.27,0.3,1
21.46,11.97,12.87,15.7,0.5,0
38.65,4.97,6.89,8.74,0.2,1
30.42,8.64,1.0,14.94,0.85,0
35.81,2.01,2.95,5.62,0.5,1
58.46,3.03,2.34,10.5,0.3,1
49.59,7.74,5.07,21.73,1.0,1
45.24,5.25,17.94,43.55,0.5,0
22.73,4.5,4.61,39.23,0.2,0
21.09,8.58,10.24,7.81,0.2,0
56.0,7.68,13.99,43.73,0.85,0
33.17,5.33,12.96,33.41,0.85,1
35.51,0.83,6.58,29.76,1.0,0
44.63,4.8,8.63,13.47,0.5,1
38.64,6.04,2.69,9.69,0.2,1
32.49,1.48,3.12,21.85,0.85,0
52.62,5.93,5.46,0.96,0.2,1
65.95,8.79,4.01,50.14,0.5,0
42.99,4.79,2.51,0.35,0.2,1
49.74,2.57,5.64,9.58,0.85,1
67.06,0.91,9.48,1.49,0.2,0
42.52,6.0,4.94,60.81,0.5,0
69.82,1.61,5.94,26.61,0.2,0
47.83,6.64,14.94,27.76,0.5,1
64.46,11.67,13.21,32.17,0.85,0
48.75,3.12,1.6,29.61,0.2,0
64.45,4.21,2.77,48.29,0.2,0
56.03,12.02,18.84,66.65,1.0,0
39.13,5.12,7.05,9.83,0.2,1
45.4,3.68,1.38,9.81,0.5,1
49.9,8.13,7.44,49.3,0.2,0
42.92,3.8,13.5,15.92,0.85,1
15.62,2.99,17.58,39.66,1.0,0
39.21,6.58,12.21,5.06,0.2,1
49.11,8.48,5.83,19.75,0.2,0
38.87,2.98,24.84,29.68,0.3,0
48.72,5.36,4.04,43.34,0.2,0
38.35,4.32,7.14,7.7,0.2,1
37.17,4.72,6.97,38.61,0.5,1
49.48,2.59,8.86,2.74,0.85,1
58.12,6.85,3.43,19.23,0.2,1
46.92,10.36,10.7,24.56,0.3,0
50.22,2.94,11.1,11.55,1.0,1
33.52,6.85,8.31,24.21,0.85,0
40.64,8.03,3.12,60.54,0.85,0
51.29,5.34,13.43,17.95,1.0,1
36.39,6.69,18.83,21.35,1.0,0
31.62,3.15,6.92,20.42,0.85,1
32.37,10.05,5.31,23.18,1.0,0
42.67,8.51,20.52,18.77,0.2,0
52.56,9.03,3.83,32.76,0.85,0
51.3,2.32,8.68,58.14,0.5,0
55.54,6.24,12.08,35.85,0.5,1
53.66,3.29,1.95,12.46,1.0,1
56.8,10.51,14.58,15.01,0.2,0
22.14,2.98,11.64,75.35,0.85,0
56.99,5.46,13.12,6.51,0.85,1
52.44,1.19,4.93,1.86,0.3,0
50.78,5.44,5.78,67.68,1.0,0
52.72,2.34,27.92,55.52,0.85,0
51.06,6.42,7.02,48.48,0.2,0
36.62,4.39,1.41,17.93,0.85,1
62.13,3.86,6.95,35.98,0.85,1
61.98,10.65,7.31,25.95,0.85,0
47.38,12.5,16.86,35.9,1.0,0
44.49,1.91,5.9,63.91,1.0,0
33.14,3.93,14.17,4.45,0.85,1
49.62,7.43,3.32,28.7,1.0,1
51.43,5.85,9.13,27.23,0.2,1
62.53,7.22,7.67,14.5,0.2,1
20.26,4.57,6.57,43.99,0.5,0
47.3,8.7,13.76,6.69,0.3,0
25.84,5.33,10.51,35.02,0.85,0
54.63,6.04,20.3,9.11,1.0,0
47.23,2.34,7.04,10.14,0.85,0
62.35,5.03,3.55,11.59,0.5,1
49.9,7.48,5.32,11.33,0.5,1
42.96,5.68,11.88,37.49,0.3,1
45.54,12.5,11.41,27.61,0.5,0
41.44,5.15,10.97,14.48,0.85,1
47.38,6.25,12.56,39.43,1.0,0
42.71,5.31,3.26,81.72,0.5,0
25.32,4.66,6.04,16.99,0.85,0
44.64,7.6,10.08,1.62,0.3,1
32.56,4.48,8.07,37.96,0.2,1
61.82,2.24,9.08,2.17,1.0,1
55.11,10.39,4.97,61.14,0.3,0
69.85,3.35,10.64,19.65,0.5,1
43.65,1.85,6.69,55.65,0.5,0
60.42,6.67,14.32,36.45,0.5,0
31.31,11.09,10.28,61.07,0.5,0
44.01,6.75,29.68,10.37,0.85,0
29.78,9.62,10.35,30.82,0.5,0
42.16,2.78,2.19,40.8,0.85,1
42.68,2.26,5.04,7.08,1.0,1
42.51,3.93,5.53,5.93,0.2,1
42.23,8.36,1.44,40.18,0.85,0
24.81,6.43,18.34,23.59,1.0,0
55.21,6.69,10.91,28.74,0.2,1
45.21,5.15,14.63,18.28,0.2,1
40.65,3.97,10.27,45.63,0.5,0
49.85,5.28,15.93,6.52,0.5,0
44.48,4.39,10.92,67.86,0.2,0
57.54,3.81,2.81,12.66,0.3,1
42.98,5.94,1.56,4.8,1.0,1
47.76,4.15,8.17,6.31,1.0,1
59.89,5.58,11.17,48.28,0.5,0
48.66,1.29,15.61,14.92,0.2,0
59.09,5.32,17.28,82.07,0.2,0
48.84,4.14,14.87,5.57,1.0,1
44.42,9.89,3.26,53.02,0.5,0
44.31,1.79,13.31,69.69,0.2,0
32.32,5.11,6.88,27.74,0.3,1
40.38,7.52,15.93,10.51,0.3,0
53.27,4.49,14.99,41.41,1.0,1
62.69,4.06,11.31,65.74,0.5,0
40.11,7.51,18.19,38.93,1.0,0
36.18,6.34,9.59,41.53,0.5,1
54.76,6.6,5.38,11.29,0.85,1
65.14,3.82,11.35,36.8,0.3,1
38.44,3.54,4.65,37.0,0.2,0
44.44,5.58,13.45,18.72,0.85,1
35.74,7.84,16.68,6.7,1.0,0
53.92,2.06,11.57,30.46,0.2,1
55.14,4.58,8.84,10.71,0.85,1
58.02,3.64,20.4,35.9,0.85,0
19.74,4.89,14.09,56.45,0.5,0
65.4,7.15,8.41,6.67,0.2,1
26.5,2.94,9.7,34.63,0.3,0
61.87,6.73,12.53,85.42,1.0,0
54.34,3.89,8.13,23.43,1.0,1
36.25,8.5,7.62,3.83,0.5,0
36.59,3.05,16.27,35.45,0.5,0
53.42,7.79,7.04,20.3,0.3,1
62.42,2.21,26.67,6.65,0.5,0
28.1,5.38,6.75,29.39,0.2,1
35.48,6.8,13.2,36.72,0.2,0
51.83,3.1,9.1,67.76,1.0,0
44.35,1.05,2.32,33.22,0.5,0
30.05,3.71,14.3,21.41,0.85,1
36.08,4.92,15.18,50.32,0.2,0
19.06,4.05,13.1,39.91,0.85,0
29.38,3.51,18.47,24.29,0.3,0
41.97,7.57,2.39,71.48,0.85,0
43.0,8.95,6.33,5.31,0.3,0
50.26,8.68,24.71,33.43,0.3,0
30.55,6.2,9.04,66.45,0.5,0
35.21,6.65,5.77,9.94,1.0,1
61.63,2.79,7.09,37.83,0.85,1
35.26,4.67,19.7,14.21,0.3,0
45.65,5.15,12.62,7.57,1.0,1
50.38,5.69,3.53,3.32,0.85,1
53.19,5.64,5.56,20.36,0.85,1
60.12,4.93,3.29,44.05,1.0,0
25.56,6.16,16.08,28.28,0.5,0
50.99,5.5,7.1,7.84,0.2,1
36.41,5.49,23.07,53.27,1.0,0
37.78,3.22,23.68,24.71,0.3,0
44.66,2.41,11.49,17.08,0.2,1
35.39,5.7,12.01,13.48,0.85,1
62.02,3.8,8.88,17.07,0.5,0
65.69,3.31,7.82,2.05,0.85,1
44.33,6.9,7.33,17.6,0.5,1
38.8,4.7,18.73,53.47,0.85,0
40.04,9.64,7.56,29.5,0.2,0
38.03,6.51,21.46,21.52,0.5,0
32.89,3.1,13.93,21.27,0.2,1
28.56,6.94,5.24,15.59,0.85,1
44.75,6.01,6.78,0.78,1.0,1
28.83,3.03,3.97,24.44,0.3,1
60.43,3.54,4.11,11.51,0.85,1
30.54,6.77,9.78,26.98,0.85,0
28.03,1.55,5.89,26.32,0.85,0
55.64,1.16,19.95,12.68,0.5,0
61.66,5.33,7.1,19.67,0.2,1
51.22,5.11,2.04,12.47,0.85,1
48.41,5.58,3.49,81.1,0.85,0
21.54,5.12,7.14,7.26,1.0,0
30.19,6.12,9.36,37.88,1.0,0
51.23,9.02,1.47,11.84,1.0,0
34.33,4.87,6.82,30.93,0.85,1
47.63,1.96,12.97,4.31,0.2,1
56.12,1.42,3.19,2.59,0.5,0
45.54,3.99,3.38,21.46,0.5,1
47.36,4.05,6.41,14.81,0.2,1
45.72,2.17,3.18,24.86,0.5,1
59.21,1.01,7.32,49.58,0.85,0
52.1,3.83,12.58,20.72,0.85,1
34.3,11.06,24.04,10.88,0.85,0
53.76,5.99,2.0,25.39,0.2,1
38.28,5.71,10.14,4.91,0.85,1
35.12,4.42,5.15,38.64,1.0,1
45.99,3.99,8.17,10.56,0.85,1
37.12,6.31,27.16,9.26,0.2,0
57.34,2.34,26.88,14.87,0.3,0
25.74,12.5,10.59,44.34,0.2,0
41.7,2.45,4.26,21.98,0.5,1
64.6,6.62,8.98,16.29,0.2,1
53.7,2.59,15.29,10.81,1.0,1
45.7,5.19,10.06,40.07,0.3,1
52.15,6.99,12.53,0.03,1.0,1
62.39,1.71,13.65,30.27,0.2,0
58.54,2.77,8.34,46.64,1.0,0
49.43,2.88,11.65,31.08,0.3,1
46.55,4.18,3.59,1.55,1.0,1
33.09,5.54,7.34,22.95,0.2,1
42.14,11.18,9.12,22.53,0.85,0
41.27,3.52,12.73,0.5,1.0,1
34.03,10.81,8.46,17.61,1.0,0
48.03,5.88,20.89,23.83,0.2,0
54.97,2.4,5.99,24.26,0.85,1
54.82,4.43,4.45,24.43,0.85,0
45.57,1.98,4.76,32.07,0.85,1
33.78,3.99,7.17,27.68,0.2,1
41.68,3.84,9.43,8.45,0.2,1
66.28,5.24,6.37,21.35,0.2,1
63.68,6.63,16.26,13.66,1.0,0
26.9,4.62,12.22,3.15,0.2,0
38.57,2.57,5.72,35.88,0.2,1
53.69,9.62,13.49,10.78,0.5,0
63.34,11.56,10.11,0.8,0.2,0
36.01,4.37,11.93,69.19,0.85,0
32.91,5.74,19.71,14.71,0.5,0
54.46,4.24,5.44,21.47,0.2,1
36.63,5.26,18.39,2.6,0.2,0
29.12,5.41,12.26,28.62,0.85,1
23.01,2.2,4.91,62.49,1.0,0
53.77,4.04,17.86,60.76,0.5,0
52.4,8.14,8.13,22.46,0.2,1
31.37,7.77,4.89,14.08,0.2,1
45.15,3.99,5.74,28.35,0.2,1
30.86,5.47,12.74,28.69,1.0,1
52.48,4.17,19.75,12.47,1.0,0
47.82,6.76,5.34,31.64,0.5,1
67.06,1.7,18.25,20.61,1.0,0
40.91,6.32,2.43,10.42,0.5,1
23.27,9.95,3.59,45.28,0.5,0
62.59,3.2,7.06,57.17,0.5,0
44.06,9.25,10.29,46.48,1.0,0
60.6,5.62,10.07,33.26,1.0,1
40.32,4.61,1.98,7.41,1.0,1
53.33,3.98,1.76,11.33,0.3,1
30.88,9.42,11.45,27.22,0.3,0
54.25,4.17,8.21,25.34,0.5,1
56.01,10.73,8.7,51.88,0.2,0
61.09,10.09,1.58,5.93,1.0,0
30.08,3.66,31.57,13.51,0.5,0
45.12,4.35,10.3,28.2,0.5,1
55.44,1.37,18.12,20.35,0.85,0
40.1,4.7,7.11,13.58,1.0,1
55.9,5.03,9.87,32.85,0.85,1
37.17,8.6,7.92,51.74,0.3,0
40.43,10.38,3.5,6.31,0.85,0
28.08,7.1,8.06,1.88,0.2,1
43.29,8.23,5.3,14.11,0.2,0
59.07,4.35,5.68,5.09,0.85,1
63.6,2.28,13.25,33.39,1.0,0
50.52,5.61,6.77,3.44,0.85,1
20.44,8.52,13.04,55.1,0.5,0
66.44,0.8,24.03,24.28,1.0,0
26.61,5.16,6.56,45.25,0.3,0
43.31,1.5,5.3,38.6,0.3,0
50.47,3.05,13.24,13.79,0.2,1
54.24,5.27,10.08,34.48,0.5,1
47.36,10.47,14.23,14.3,0.85,0
36.38,4.88,4.14,21.69,0.2,1
56.94,6.86,11.39,19.21,0.2,1
64.33,5.58,12.59,10.23,0.2,1
57.01,3.16,3.74,81.36,0.85,0
38.56,6.18,4.07,41.82,0.2,0
58.12,2.25,19.55,4.21,0.2,0
36.63,4.84,4.63,9.14,1.0,1
21.69,9.33,11.95,26.57,1.0,0
30.67,5.35,9.61,21.69,1.0,1
38.96,5.58,15.04,11.36,1.0,1
44.26,3.99,2.12,6.43,0.3,1
45.77,1.79,1.05,28.47,1.0,0
53.07,4.25,13.2,8.74,0.85,1
40.51,7.57,16.64,4.2,1.0,0
52.42,5.97,11.02,78.19,0.2,0
50.83,2.33,7.35,13.72,0.85,1
50.96,1.45,8.15,46.96,0.2,0
50.47,3.14,13.78,7.4,0.2,1
51.07,4.28,9.2,13.1,0.5,1
63.76,4.45,11.96,25.32,0.5,1
62.26,4.48,20.12,8.02,1.0,0
25.72,4.85,5.85,19.91,0.85,0
43.75,6.08,4.11,12.22,0.2,1
25.69,3.84,15.69,45.45,0.2,0
30.21,2.74,12.12,2.52,0.85,1
48.16,6.45,8.73,52.74,0.2,0
49.32,7.66,9.99,24.43,0.85,0
54.86,3.49,17.91,7.58,0.2,0
36.51,12.5,20.81,20.97,0.3,0
41.19,10.17,1.0,50.5,0.5,0
40.58,2.44,12.66,56.45,0.85,0
66.9,1.52,22.7,11.29,0.3,0
19.73,4.38,4.59,29.08,1.0,0
36.92,5.6,4.47,19.53,0.2,1
45.94,12.5,3.6,62.86,0.85,0
14.68,12.3,7.91,5.36,1.0,0
41.51,6.86,13.86,28.01,1.0,1
52.9,3.88,9.57,2.36,0.3,1
33.26,8.79,7.4,45.91,0.85,0
45.9,5.18,10.06,10.88,1.0,1
41.53,2.11,6.9,2.75,0.85,1
54.27,2.17,9.08,39.33,0.5,0
46.15,3.9,8.56,32.68,0.2,1
32.41,8.03,18.2,17.07,0.85,0
39.28,2.57,9.46,19.0,0.2,1
43.44,3.89,11.46,42.72,1.0,0
47.17,10.13,6.15,18.22,0.5,0
46.97,5.96,7.06,28.65,0.2,1
22.26,11.59,22.97,2.0,0.85,0
43.34,6.34,10.63,34.95,0.3,1
58.02,8.19,6.2,25.42,0.2,1
45.47,3.94,2.58,1.9,0.5,1
24.71,10.49,10.59,26.47,0.85,0
62.11,6.97,2.83,31.9,0.2,1
25.83,4.53,4.2,29.15,0.85,0
40.29,9.46,5.02,4.89,0.85,0
64.75,6.81,11.15,1.51,0.5,1
56.92,4.79,7.62,66.94,0.5,0
50.06,6.44,12.79,9.68,0.85,1
31.41,2.89,5.09,24.57,0.2,1
53.51,8.81,16.86,40.19,0.2,0
62.37,12.41,4.96,32.62,0.3,0
65.58,1.73,1.67,61.99,0.5,0
42.93,3.47,8.29,2.55,1.0,1
46.48,3.3,3.58,5.81,0.2,1
27.08,7.21,7.93,23.86,1.0,0
63.21,5.45,22.09,7.39,0.2,0
33.25,3.78,14.35,41.74,0.85,1
60.53,4.12,8.42,37.58,0.2,1
41.33,3.58,12.75,11.12,0.85,0
55.0,6.73,7.93,50.81,0.2,0
38.95,5.4,1.0,61.79,0.2,0
34.8,4.01,14.35,26.4,0.2,1
61.36,3.62,13.46,61.7,0.85,0
47.35,9.54,18.28,3.81,1.0,0
37.69,8.69,3.42,0.82,0.85,0
54.07,6.78,14.66,30.2,0.5,1
58.67,8.21,14.57,44.46,0.85,0
45.5,2.13,7.07,26.98,0.85,1
48.74,2.55,7.61,0.98,0.85,1
48.15,2.38,7.85,36.37,0.2,1
32.43,4.87,6.95,2.03,1.0,1
32.64,8.35,10.19,30.63,1.0,0
42.25,3.81,9.18,57.99,0.85,0
42.36,8.96,10.1,63.75,0.5,0
28.62,3.46,10.49,45.68,0.85,0
38.26,4.5,12.08,76.33,0.2,0
46.76,3.79,6.13,29.94,0.85,1
58.84,4.31,4.63,69.1,1.0,0
50.0,4.58,9.4,23.16,0.2,1
54.83,1.49,8.01,13.32,0.5,0
48.79,5.87,12.44,0.27,0.2,1
28.88,4.52,10.0,4.7,0.5,1
24.74,10.48,12.06,26.26,0.2,0
57.16,6.6,4.69,13.52,0.2,1
54.17,5.74,25.91,30.63,1.0,0
51.19,10.15,5.21,61.56,0.85,0
61.44,9.61,7.54,37.38,0.3,0
56.63,10.72,12.57,78.34,0.5,0
24.56,3.59,1.44,82.0,0.85,0
64.14,2.34,15.03,41.34,0.85,1
56.29,1.5,10.15,56.73,0.5,0
43.03,8.15,16.73,8.95,0.85,0
49.43,1.33,9.59,1.24,0.85,0
30.01,5.44,1.5,22.02,1.0,1
62.0,1.83,8.88,17.15,0.85,1
47.62,8.78,17.34,36.4,0.85,0
24.19,6.32,5.63,86.63,1.0,0
36.18,8.75,6.48,17.16,0.2,0
38.12,5.5,1.66,37.59,0.85,1
40.52,2.73,15.73,26.53,0.2,1
56.27,3.73,16.25,1.04,0.5,0
46.51,7.72,4.21,41.81,0.85,1
42.53,1.72,4.98,9.19,0.85,0
42.05,3.56,9.46,46.93,0.2,0
62.98,3.27,5.01,12.3,1.0,0
27.44,4.61,4.96,3.31,0.2,0
40.42,6.72,7.6,45.65,0.2,0
43.7,8.64,9.94,17.49,0.85,0
41.62,2.04,1.49,3.52,0.3,0
43.03,2.85,16.65,16.5,0.85,0
65.07,2.19,12.64,31.19,0.3,0
52.33,4.71,2.92,57.84,0.2,0
38.44,2.37,10.09,66.75,0.85,0
60.71,5.85,3.72,20.48,0.3,1
48.66,9.26,11.91,3.15,0.3,0
24.8,1.53,4.7,17.41,0.3,0
62.34,2.91,5.3,30.65,0.3,0
48.75,10.78,15.51,10.02,0.5,0
19.33,5.36,6.36,27.96,0.85,0
48.55,3.59,15.26,7.72,1.0,1
43.43,12.5,13.37,26.28,0.85,0
32.0,4.11,6.47,14.85,0.2,1
63.43,6.57,12.0,22.82,0.85,1
30.82,2.98,1.0,16.99,0.5,0
39.85,2.67,10.07,11.31,0.2,0
41.64,6.78,15.07,25.26,0.3,0
22.68,11.3,15.53,10.09,0.2,0
41.53,3.68,10.79,21.13,0.2,1
35.5,2.55,6.92,1.97,1.0,1
41.3,8.08,22.33,31.09,0.2,0
20.11,3.7,25.61,22.73,0.5,0
32.4,5.89,1.43,38.64,1.0,1
48.59,3.62,4.17,13.42,0.5,1
48.82,3.98,22.87,15.29,0.85,0
47.73,2.84,27.05,37.92,0.2,0
42.25,6.88,19.8,3.79,1.0,0
48.35,5.99,2.71,50.83,0.2,0
52.57,5.87,11.39,9.73,0.85,1
43.27,3.17,2.46,42.54,0.5,0
37.55,5.71,8.59,28.79,0.2,0
39.98,12.1,23.05,49.71,0.85,0
32.96,2.56,16.23,9.8,0.85,0
50.42,3.0,3.62,35.04,0.3,1
44.19,3.1,9.6,9.29,0.5,1
61.97,5.11,3.87,21.79,1.0,1
38.31,2.44,4.03,38.05,0.2,1
58.75,6.32,3.61,2.95,1.0,1
56.79,1.42,3.1,41.24,0.5,0
43.85,7.33,4.85,46.13,0.85,0
31.21,5.82,18.25,22.95,0.85,0
27.6,11.96,7.0,69.49,0.5,0
33.45,2.63,15.79,58.76,1.0,0
63.3,8.25,1.81,24.74,0.2,0
47.8,4.52,10.28,34.26,0.85,1
49.17,4.03,10.16,41.76,0.2,1
51.32,2.55,18.45,3.19,0.2,0
21.65,3.65,3.8,59.03,0.5,0
36.99,3.75,13.34,47.58,0.5,0
57.67,1.84,14.06,23.14,0.2,1
46.09,5.78,9.33,33.78,0.85,1
32.61,5.38,5.16,14.52,0.85,1
25.7,6.56,6.79,21.76,1.0,0
58.97,3.38,9.49,33.14,1.0,1
47.14,7.48,8.85,16.34,0.2,1
48.05,9.52,12.19,2.52,0.5,0
23.33,4.21,5.59,1.08,0.2,0
54.34,2.67,6.16,30.49,0.5,0
27.78,4.96,17.69,22.33,0.3,0
29.55,4.83,13.01,3.38,0.5,1
25.02,4.33,6.96,9.98,0.85,0
45.81,6.57,12.6,5.99,0.85,1
63.85,3.92,1.46,56.63,0.2,0
53.28,2.54,6.95,12.71,1.0,1
27.42,5.21,3.89,32.51,0.2,0
51.26,6.74,6.07,9.58,0.2,0
44.65,7.04,9.93,41.43,1.0,1
48.1,3.77,11.21,32.36,0.5,1
50.47,5.62,21.48,25.0,0.85,0
51.88,9.65,10.62,3.98,1.0,0
39.18,9.61,6.14,44.26,0.2,0
28.46,8.38,13.94,16.45,0.5,0
40.32,1.76,7.42,9.71,1.0,0
56.81,3.94,3.52,50.75,0.85,0
27.65,9.28,10.59,12.38,0.85,0
67.74,1.76,9.64,6.54,0.85,0
41.68,4.62,1.55,16.84,0.85,1
50.9,3.34,4.66,15.61,0.3,1
16.7,5.69,3.89,11.4,0.85,0
48.08,1.1,8.05,46.61,0.2,0
40.71,8.81,27.71,19.95,0.85,0
33.77,4.74,13.3,19.03,0.2,1
55.12,2.43,6.35,4.71,0.85,1
55.25,3.07,20.29,7.88,0.5,0
58.15,5.8,9.43,52.25,0.2,0
53.46,2.93,15.51,13.83,1.0,1
61.54,11.1,24.33,21.89,1.0,0
59.06,4.44,14.56,43.19,0.5,0
45.89,10.05,15.07,46.66,0.85,0
32.76,5.22,20.25,19.06,0.85,0
42.19,6.88,5.02,56.77,1.0,0
43.25,6.66,15.69,57.74,0.3,0
61.62,3.59,4.35,18.09,0.85,1
24.34,6.93,9.79,10.24,1.0,0
24.39,3.78,3.27,46.51,0.2,0
43.43,1.65,6.68,10.4,0.85,0
57.28,4.22,3.95,31.92,0.2,1
51.64,2.22,15.2,50.97,0.85,0
51.68,3.7,10.64,4.57,1.0,1
55.81,4.66,4.75,73.7,0.5,0
36.07,2.72,15.86,19.87,0.85,1
42.86,6.4,11.17,28.05,0.2,0
43.77,3.75,2.7,17.56,0.3,1
44.32,2.17,6.43,33.92,0.5,1
42.19,2.74,3.71,31.69,0.85,1
41.43,5.04,3.0,19.55,0.85,1
46.42,4.11,11.84,39.89,1.0,1
56.72,5.57,3.68,17.71,1.0,1
23.14,5.06,3.97,27.84,1.0,0
49.04,2.59,13.85,49.41,1.0,0
39.47,3.3,18.53,35.26,1.0,0
63.21,7.45,5.69,53.33,0.85,0
34.17,2.86,20.13,25.34,0.2,0
27.74,10.17,5.93,61.47,0.2,0
39.27,1.88,7.09,30.39,0.3,1
31.48,7.32,11.31,37.31,1.0,1
62.71,4.48,13.0,32.63,1.0,1
43.59,2.6,24.98,2.67,1.0,0
53.01,4.97,13.62,5.12,0.2,1
51.94,2.92,8.13,24.03,1.0,1
43.3,3.42,3.3,42.63,0.2,0
54.05,3.8,10.9,2.25,0.3,1
58.82,7.01,15.45,62.56,0.5,0
28.88,3.27,15.18,14.3,1.0,1
37.93,5.39,12.52,39.43,0.5,1
56.2,7.16,13.33,15.56,0.5,0
35.11,4.89,3.68,4.09,0.2,1
44.13,5.84,3.61,8.99,1.0,1
36.0,4.64,10.13,23.79,0.85,1
44.94,6.33,2.4,11.09,0.85,1
30.91,2.13,4.51,17.19,0.85,1
51.14,9.7,12.85,55.96,0.85,0
25.92,3.15,1.42,16.87,0.2,0
50.44,4.5,4.19,0.77,0.85,1
58.28,1.32,14.12,19.29,0.3,0
36.18,3.52,18.64,18.89,0.85,0
57.17,5.51,5.51,29.79,0.3,1
47.78,10.39,9.1,41.47,1.0,0
43.89,6.49,16.87,3.47,0.85,0
45.25,3.68,14.48,29.17,0.85,0
65.61,1.78,15.83,25.37,1.0,0
70.05,9.11,6.51,77.5,0.2,0
44.94,3.58,6.09,8.24,0.5,1
42.98,5.5,12.64,32.9,1.0,1
33.47,3.69,9.27,48.99,1.0,0
39.63,5.88,16.33,23.48,1.0,0
53.41,8.9,13.05,9.12,0.5,0
37.88,6.97,6.88,17.02,0.5,1
43.06,4.07,15.0,65.32,0.85,0
44.19,9.23,18.54,19.03,0.5,0
42.82,11.59,3.47,1.99,0.5,0
57.82,7.92,9.52,53.15,0.2,0
38.76,3.75,10.01,18.9,1.0,1
51.8,7.32,2.34,11.52,0.5,1
31.52,7.87,1.06,54.78,0.2,0
56.67,4.11,4.48,9.25,0.5,1
57.71,11.59,15.25,57.91,0.85,0
37.07,8.69,11.14,46.45,0.2,0
26.28,4.23,4.49,19.45,0.85,0
31.24,3.75,10.59,14.7,0.5,1
45.63,7.78,10.93,16.87,0.2,0
53.19,12.5,8.51,17.96,0.85,0
32.67,2.23,9.34,38.98,0.85,0
25.47,6.03,12.05,51.61,1.0,0
44.54,7.25,17.53,19.32,0.85,0
48.81,8.86,15.93,18.87,0.85,0
34.21,7.29,12.36,7.64,0.3,0
42.39,3.61,15.89,12.8,0.3,1
59.3,2.07,10.92,45.4,0.5,0
44.56,3.99,13.2,22.01,1.0,0
48.9,7.16,16.83,19.55,0.3,0
35.56,3.39,16.66,50.94,0.85,0
43.79,9.59,14.62,42.07,1.0,0
69.38,4.42,9.68,73.61,0.85,0
33.49,3.26,4.63,13.37,0.85,1
45.32,6.39,15.41,1.64,0.5,1
33.56,4.17,13.37,32.07,0.2,1
47.37,3.69,13.66,53.91,0.3,0
67.04,12.38,3.6,59.74,1.0,0
69.6,3.38,15.9,7.06,0.5,1
65.83,3.91,14.28,13.37,0.2,1
44.83,6.44,7.53,13.21,0.2,1
41.02,9.51,8.67,1.06,0.3,0
53.91,6.12,20.58,9.67,0.3,0
66.22,5.03,1.96,8.63,1.0,1
59.18,12.5,3.72,2.16,0.3,0
27.24,3.8,14.75,5.79,0.2,0
49.23,3.82,10.68,40.18,0.85,1
48.74,3.4,2.21,38.46,0.85,1
38.22,5.92,12.17,13.68,0.85,1
64.55,2.83,7.41,10.06,0.5,1
65.64,2.41,8.37,1.83,0.5,1
57.17,3.9,5.15,12.42,0.3,1
67.49,1.72,4.41,36.31,0.5,0
25.95,5.51,7.95,35.3,0.85,0
47.81,5.92,10.23,26.28,0.5,1
66.68,6.48,5.01,10.58,0.5,1
44.91,7.5,8.33,24.94,0.85,1
38.69,3.97,10.27,6.42,0.5,1
32.99,8.94,8.73,32.81,0.5,0
42.76,8.48,8.52,19.6,0.85,0
30.79,2.6,6.05,5.17,0.5,1
46.39,4.65,3.37,9.03,1.0,1
64.42,0.97,20.24,42.94,1.0,0
48.79,9.01,17.61,52.14,1.0,0
45.67,7.43,18.95,2.75,0.3,0
54.29,10.09,9.66,31.83,0.5,0
53.64,1.87,5.66,70.77,0.2,0
52.19,6.21,6.61,2.03,0.5,1
48.83,3.54,10.49,14.87,0.2,1
61.95,1.3,12.48,44.56,0.3,0
29.35,8.01,11.2,25.18,0.85,1
25.32,2.26,4.43,40.95,0.5,0
60.51,5.78,17.08,12.86,0.2,0
39.49,3.51,10.71,29.91,0.85,1
40.29,5.25,16.15,7.14,0.2,0
36.45,7.55,10.77,22.2,0.2,0
54.04,5.26,7.63,34.69,1.0,1
32.61,2.8,2.88,70.3,1.0,0
46.53,12.5,6.25,74.78,1.0,0
53.46,4.0,4.65,39.4,0.2,1
45.49,3.13,21.26,9.18,0.85,0
53.27,4.57,7.58,0.49,0.5,1
47.36,1.9,17.7,35.14,0.85,0
62.37,3.3,6.63,31.65,0.2,0
22.05,4.14,3.57,17.57,0.2,0
36.25,5.49,14.58,23.61,0.3,1
48.04,4.92,8.53,24.46,1.0,1
28.06,6.22,15.72,32.28,0.2,0
18.68,4.67,9.96,7.4,0.3,0
23.0,8.42,3.15,4.64,0.85,0
68.51,6.8,1.63,18.4,0.2,1
41.88,5.96,4.16,50.12,0.85,0
42.64,9.15,6.49,16.61,0.2,0
29.5,9.15,7.7,12.42,1.0,0
42.12,5.12,16.17,43.74,1.0,0
27.97,3.89,16.67,23.1,0.3,0
59.61,5.38,8.36,30.86,0.2,1
29.5,4.45,11.41,28.78,0.2,0
17.65,3.8,3.68,24.44,0.5,0
40.54,5.27,20.36,50.79,0.2,0
59.37,5.86,6.72,26.75,0.2,1
57.89,6.62,11.27,34.5,1.0,0
21.83,9.92,9.75,28.36,0.85,0
40.57,5.55,13.54,35.27,0.2,1
35.34,4.73,26.54,38.09,0.2,0
53.34,7.9,8.06,13.13,0.2,1
49.96,2.97,6.16,7.38,0.2,1
20.66,1.73,3.17,25.28,0.85,0
27.17,6.16,14.13,41.78,0.3,0
50.66,3.99,6.37,37.43,0.2,1
55.6,4.16,8.18,1.71,0.2,1
64.59,2.92,20.77,42.63,0.85,0
49.22,8.74,20.02,35.98,0.2,0
37.81,1.78,12.09,8.15,0.5,0
48.73,6.5,3.22,29.41,1.0,1
32.59,4.77,8.25,32.36,1.0,1
61.47,10.24,17.86,52.16,1.0,0
48.73,7.92,9.03,41.75,0.2,0
52.78,2.47,24.22,18.11,1.0,0
51.34,6.8,4.61,60.58,1.0,0
51.67,6.07,10.44,0.47,0.85,1
42.09,4.58,4.62,1.57,0.2,1
23.7,6.52,14.23,11.61,0.2,0
40.66,3.29,18.29,0.6,0.2,0
31.69,5.03,2.38,36.25,0.85,1
54.05,4.81,7.94,24.49,0.2,1
36.3,3.01,1.81,33.26,0.85,1
41.84,3.99,2.54,33.61,1.0,1
44.01,3.62,7.14,49.31,1.0,0
33.12,5.86,10.21,11.03,1.0,1
59.28,9.01,15.75,52.76,0.5,0
40.72,2.14,20.03,22.84,0.3,0
28.69,5.96,5.77,20.03,1.0,0
47.68,3.54,5.13,20.27,0.85,1
56.33,7.66,4.14,18.55,0.85,1
52.33,5.92,1.25,19.15,0.3,1
52.87,1.82,9.49,49.27,0.3,0
51.85,5.27,9.43,19.33,1.0,1
26.19,4.44,2.87,4.93,0.85,0
53.82,2.28,1.16,28.82,0.2,1
56.72,3.57,7.32,6.88,0.85,1
30.97,5.14,2.74,27.33,0.2,0
49.87,3.63,2.26,25.31,1.0,1
35.28,8.13,8.89,50.8,0.2,0
53.91,4.42,14.64,14.32,0.85,1
34.53,3.43,11.63,11.61,1.0,1
26.82,5.3,4.07,2.28,0.2,0
28.51,5.67,11.49,39.41,0.85,0
23.68,7.7,6.9,5.41,0.85,0
54.69,4.92,2.89,26.98,1.0,1
39.81,5.55,7.16,13.5,0.85,1
19.26,3.99,16.2,4.94,0.85,0
47.18,10.37,4.84,86.19,0.2,0
32.9,5.9,8.85,30.27,0.5,1
61.22,5.21,6.89,31.52,0.3,0
55.76,3.63,14.32,28.25,0.85,1
60.33,8.22,10.46,63.79,0.5,0
33.85,1.7,7.71,38.86,0.85,0
58.21,5.32,8.06,4.4,0.2,1
50.02,3.32,17.63,8.23,0.2,0
50.03,7.3,5.54,11.75,0.5,1
42.51,5.7,2.84,55.82,0.2,0
54.92,5.25,15.8,46.28,0.85,0
51.65,2.63,8.65,16.52,1.0,1
39.81,4.61,2.07,21.52,0.5,1
44.64,5.82,17.69,4.7,0.2,0
47.53,7.7,10.93,35.36,0.3,0
47.17,6.22,5.53,29.54,0.85,1
41.54,7.3,12.17,0.35,0.5,1
43.5,2.04,5.76,28.6,0.2,1
51.92,5.18,7.44,6.91,0.2,1
69.02,7.86,6.93,37.42,0.2,1
40.49,1.09,13.1,25.44,1.0,0
38.83,4.22,3.27,29.83,1.0,1
34.69,5.85,5.95,6.64,0.85,1
68.92,8.41,17.53,26.56,0.2,0
47.92,5.06,16.87,24.14,0.85,0
32.0,4.75,22.17,61.7,0.5,0
48.32,5.58,1.49,43.97,0.5,0
56.98,5.88,3.42,1.06,0.2,1
35.33,2.91,21.87,21.2,0.85,0
64.08,3.63,6.05,9.49,0.85,1
55.94,1.52,12.72,44.86,0.85,0
34.23,3.32,19.99,21.97,0.85,0
22.64,2.52,15.08,50.62,0.5,0
49.58,2.89,7.37,6.5,0.2,1
28.52,12.5,10.77,2.27,0.5,0
34.88,8.16,7.89,23.82,1.0,0
24.13,2.55,6.34,3.67,0.85,0
50.0,2.18,13.04,23.01,0.2,1
32.27,3.43,23.62,9.08,0.5,0
62.5,2.13,8.29,7.68,1.0,1
45.58,5.5,9.73,19.57,0.5,1
67.29,5.45,8.05,35.87,0.2,1
55.71,2.86,22.85,72.4,0.85,0
35.57,6.83,12.69,6.32,0.5,0
51.84,6.83,9.01,17.77,0.5,1
21.8,3.23,13.42,17.12,1.0,0
47.78,2.81,3.99,0.33,0.85,1
31.31,3.8,1.68,30.64,0.85,1
49.53,6.39,9.12,60.02,0.85,0
53.05,12.5,12.07,7.36,0.85,0
39.46,6.31,3.22,44.87,0.85,0
45.35,2.42,5.69,3.45,1.0,1
31.64,5.66,23.74,20.55,0.2,0
44.94,5.07,4.42,7.47,0.3,1
36.44,4.91,4.19,1.51,0.5,1
57.89,2.17,7.26,30.55,1.0,1
28.5,5.65,32.93,34.6,0.5,0
25.93,4.69,6.34,16.97,1.0,0
40.3,2.36,4.83,3.22,0.5,1
55.5,10.95,4.44,15.58,0.5,0
35.83,2.21,14.18,2.86,1.0,1
59.03,6.05,15.28,1.94,1.0,1
33.83,4.39,12.47,8.33,0.2,1
56.1,3.91,16.78,6.45,0.85,0
63.76,8.94,17.6,29.66,0.5,0
51.5,7.64,14.14,37.36,0.85,1
34.27,4.4,11.26,0.7,0.85,1
56.48,2.96,13.65,15.29,0.2,1
54.57,3.66,21.0,0.96,0.2,0
42.1,4.06,12.48,28.25,0.5,1
48.93,7.71,12.98,42.88,0.85,0
21.79,5.81,6.78,9.07,0.85,0
35.15,7.84,8.69,15.86,0.5,1
54.95,2.12,21.2,57.0,0.85,0
24.57,8.19,16.96,1.17,0.85,0
22.25,9.61,4.0,1.08,0.2,0
48.52,3.08,3.06,4.35,0.2,1
56.66,7.21,8.32,25.84,0.85,1
25.74,9.2,4.43,59.14,0.85,0
30.02,3.45,21.12,24.05,1.0,0
52.44,2.5,13.27,60.46,0.5,0
39.98,5.38,15.37,26.71,0.5,1
44.57,1.48,11.42,16.01,0.85,0
52.82,8.13,14.08,38.6,0.3,1
65.06,2.85,5.17,20.32,0.85,1
48.33,4.15,24.92,7.18,0.85,0
45.12,6.83,10.34,4.42,1.0,1
29.15,6.37,6.73,1.17,1.0,1
40.05,6.73,24.84,24.86,0.2,0
33.53,3.07,1.28,8.76,0.85,1
54.88,5.63,12.02,34.46,0.5,1
38.09,7.43,15.06,19.7,0.2,1
59.13,3.39,2.9,21.13,0.2,1
39.23,11.36,14.63,21.66,1.0,0
22.47,4.25,12.28,43.33,0.5,0
45.11,1.4,6.22,31.49,0.85,0
58.63,4.24,3.43,66.56,0.5,0
40.56,9.14,13.72,22.11,1.0,0
50.57,2.75,18.48,66.1,0.85,0
26.92,2.62,7.99,19.04,1.0,0
31.87,5.87,10.04,40.67,0.5,1
41.91,2.49,7.58,55.41,0.85,0
42.44,2.43,13.46,13.64,0.85,1
50.08,2.95,16.05,36.09,0.2,0
44.95,10.38,10.66,18.11,1.0,0
34.08,6.22,8.79,22.4,1.0,1
52.83,4.92,12.34,17.66,1.0,1
64.71,3.06,7.92,60.66,0.2,0
55.6,7.38,10.75,51.88,0.85,0
61.97,6.55,9.18,17.67,0.2,1
37.52,10.77,4.44,62.86,1.0,0
38.27,2.73,7.54,1.01,0.5,1
35.45,2.53,5.65,11.15,0.5,1
62.45,1.43,5.9,45.47,1.0,0
58.64,6.3,1.04,33.9,0.85,1
63.55,5.43,15.04,30.85,0.85,1
48.57,3.83,1.53,8.12,0.2,1
55.58,1.41,13.55,23.48,1.0,0
41.19,9.7,4.31,7.67,0.5,0
45.12,5.28,19.16,18.26,0.3,0
44.7,8.7,14.46,23.85,0.2,0
40.78,9.14,3.43,79.45,0.85,0
54.64,6.2,14.42,4.95,0.5,1
58.96,6.69,7.0,29.9,0.2,1
47.66,3.33,18.11,37.24,0.85,0
57.27,5.05,9.1,28.48,0.85,1
49.63,7.95,12.84,52.04,0.5,0
25.96,2.95,1.34,43.37,0.2,0
52.13,7.66,2.25,14.33,1.0,1
38.27,7.4,1.0,20.88,0.2,1
37.44,7.3,1.65,28.64,0.5,1
62.19,4.86,9.74,8.75,0.5,1
49.38,3.09,13.94,2.07,0.5,1
45.89,11.33,2.16,5.17,0.85,0
34.11,9.39,5.83,14.23,0.5,0
51.16,4.93,8.42,9.44,0.5,1
37.14,5.44,9.07,32.03,0.5,1
25.06,4.1,11.56,16.44,1.0,0
43.08,1.5,2.65,27.77,0.5,0
34.56,4.53,13.57,17.96,0.5,1
36.85,6.23,3.97,12.36,0.2,1
37.77,3.45,7.76,16.01,0.5,1
41.52,3.98,5.98,18.06,0.2,1
50.59,3.96,8.87,16.58,0.85,1
54.03,5.09,4.91,13.42,0.2,1
27.51,4.19,12.47,45.48,0.2,0
38.18,2.86,10.69,43.36,0.3,0
44.75,5.08,10.96,16.56,0.2,1
49.52,6.06,12.56,21.38,0.5,1
52.72,5.33,4.95,23.12,0.5,1
41.32,1.42,9.96,12.29,1.0,0
36.22,6.66,9.83,14.46,0.5,1
40.11,2.37,11.42,30.82,0.85,0
56.12,6.0,13.88,9.4,1.0,1
24.43,6.14,17.48,13.6,0.85,0
57.91,1.85,3.53,37.53,0.5,1
50.42,7.53,3.49,34.31,0.85,1
35.11,11.27,3.4,16.25,0.85,0
31.92,4.05,17.16,22.35,0.5,0
35.14,6.0,6.82,11.47,1.0,1
48.21,3.67,11.6,21.43,1.0,1
28.89,2.35,7.1,9.38,1.0,1
55.29,7.9,8.63,22.03,0.85,0
28.52,6.08,10.83,6.53,0.5,1
50.63,3.2,7.88,7.34,0.2,1
28.98,2.41,2.97,14.66,0.5,0
40.09,11.59,10.12,28.12,0.3,0
26.66,2.04,16.9,0.91,0.5,0
27.33,6.54,9.18,21.31,0.85,0
52.57,5.23,17.84,28.51,0.85,0
35.35,7.12,10.16,8.7,0.2,1
37.27,10.01,11.67,44.28,0.5,0
52.16,0.8,6.41,41.53,0.5,0
48.12,2.58,7.82,5.0,0.3,1
31.57,4.45,10.6,38.19,0.85,1
49.63,10.42,14.21,28.39,0.5,0
67.62,3.76,12.54,48.67,0.2,0
37.38,3.36,11.4,29.08,0.3,1
41.5,1.06,20.25,21.1,0.5,0
40.83,3.17,1.98,16.31,0.3,1
56.79,6.42,17.15,6.81,0.3,0
53.49,4.47,7.96,73.12,0.85,0
42.22,3.12,4.49,15.66,0.2,1
42.84,11.67,3.3,48.75,0.5,0
60.2,4.04,23.54,14.18,0.85,0
27.5,5.09,20.68,27.36,0.5,0
34.31,3.01,25.28,57.89,0.3,0
55.28,2.34,10.49,5.4,1.0,1
40.88,6.87,9.05,24.18,1.0,1
17.2,1.62,11.71,7.43,0.3,0
54.25,6.13,6.62,8.15,0.2,1
30.41,0.8,6.37,46.19,1.0,0
50.57,5.67,9.83,30.67,0.3,1
29.92,2.49,16.3,10.27,0.85,0
38.31,2.81,21.18,16.65,0.2,0
51.99,4.06,6.79,24.94,0.5,1
65.85,2.22,17.45,1.54,1.0,0
49.96,1.34,3.68,50.72,0.5,0
22.09,4.29,3.82,38.27,0.2,0
40.1,7.06,20.57,16.9,0.85,0
35.56,5.38,19.12,10.63,0.5,0
61.7,8.4,3.48,36.43,0.85,0
33.23,1.46,18.04,30.78,0.2,0
51.32,3.78,8.72,37.54,0.2,1
59.09,4.84,15.34,5.11,0.2,1
52.94,2.81,6.09,22.12,0.5,1
47.4,4.96,12.3,18.51,0.2,1
60.05,8.16,16.67,56.6,0.85,0
17.08,6.22,14.3,21.46,0.5,0
37.18,8.78,6.94,46.88,0.2,0
52.44,5.55,2.8,57.99,0.5,0
60.74,4.48,15.75,21.17,0.85,1
42.63,10.07,7.22,30.1,0.2,0
44.97,5.07,10.45,65.42,0.2,0
48.15,11.21,1.08,3.84,0.2,0
66.61,7.62,21.95,48.27,0.3,0
56.71,3.19,3.8,33.02,0.85,1
48.96,4.23,11.27,57.98,0.85,0
18.72,10.02,14.54,41.81,0.2,0
57.79,8.4,3.31,58.94,0.5,0
39.77,7.0,10.02,15.67,0.85,1
41.76,6.6,21.27,63.93,0.2,0
42.17,2.09,17.89,9.74,0.3,0
40.97,2.41,5.84,43.02,0.5,0
43.13,5.4,21.18,5.55,0.85,0
39.43,2.85,21.43,27.84,0.85,0
32.51,4.08,8.33,63.32,0.3,0
39.44,3.91,4.11,14.3,0.3,1
48.99,6.43,2.48,5.83,0.85,1
46.96,5.52,8.26,23.4,1.0,1
30.95,8.07,9.52,12.02,0.3,1
40.56,5.57,5.64,58.59,0.85,0
41.21,5.34,1.0,37.6,0.85,1
20.8,4.75,3.78,7.36,0.2,0
70.98,8.71,5.38,32.31,0.85,0
66.96,4.78,6.38,24.99,0.85,1
61.56,3.14,7.79,16.55,0.2,1
46.86,6.77,12.53,28.77,0.3,1
42.59,4.46,13.92,27.77,0.5,1
17.58,7.57,6.89,8.44,0.85,0
58.77,9.2,18.41,46.38,0.5,0
51.02,4.24,4.41,6.6,0.2,1
53.74,9.03,6.52,32.95,0.5,0
44.32,7.67,3.87,13.15,0.5,0
44.14,3.46,11.69,22.9,0.5,1
46.17,2.88,5.05,10.0,0.2,1
58.07,2.74,11.84,0.66,1.0,1
36.36,2.37,1.89,4.72,1.0,1
28.35,8.57,4.89,4.64,0.85,0
46.66,4.27,8.72,2.95,0.3,1
32.95,10.82,13.77,20.57,0.85,0
51.25,3.23,4.15,6.86,1.0,1
57.64,3.58,4.98,12.65,0.2,1
66.84,6.26,10.63,4.52,0.5,1
28.78,10.53,14.74,50.8,0.2,0
37.5,3.49,9.88,2.17,0.85,1
28.84,7.22,10.73,14.67,0.3,0
58.63,4.77,23.55,45.89,0.2,0
33.35,6.3,14.18,43.82,1.0,0
60.7,2.98,8.39,12.65,0.3,1
43.23,6.83,2.9,12.02,0.85,1
43.05,4.08,16.78,25.12,0.5,0
49.14,3.68,14.58,12.56,1.0,1
49.04,4.66,7.95,9.65,0.5,1
44.19,6.51,14.36,4.9,0.3,0
36.26,4.34,12.73,10.4,0.5,1
40.63,3.7,4.77,15.17,0.2,1
46.94,4.42,4.41,37.91,1.0,0
37.57,4.37,13.89,2.9,0.85,1
52.5,6.23,9.86,16.46,1.0,1
62.67,3.84,8.21,5.04,0.2,1
55.64,3.78,7.16,44.07,0.3,0
40.55,3.0,12.56,28.89,0.85,1
28.38,6.44,7.62,3.61,1.0,1
44.87,5.13,1.0,36.21,0.85,1
24.3,8.69,6.38,69.1,0.5,0
45.24,8.11,17.71,2.21,0.5,0
66.07,5.4,7.15,61.33,0.3,0
36.76,4.5,1.88,49.48,0.5,0
53.2,4.77,12.78,44.95,0.2,0
44.68,3.35,5.87,0.39,0.85,1
41.28,3.01,2.31,8.94,0.85,1
31.34,2.77,14.3,11.98,0.85,1
44.01,4.3,1.0,2.19,1.0,1
40.09,0.83,4.17,0.1,0.2,0
40.68,10.31,4.75,37.26,0.85,0
37.76,11.88,11.98,11.62,0.85,0
48.53,2.59,3.37,7.83,0.5,1
30.32,11.78,12.29,10.36,0.5,0
37.84,2.61,6.44,69.38,0.3,0
34.09,4.79,9.16,4.09,1.0,1
59.53,5.86,14.75,6.2,0.2,1
63.06,5.02,8.16,16.11,0.2,1
38.73,3.49,4.07,4.82,0.5,0
46.14,3.39,3.79,2.06,0.2,1
61.07,7.26,7.36,16.37,0.5,1
42.61,8.82,4.08,7.7,0.85,0
50.04,1.54,10.98,55.52,0.85,0
27.41,5.45,10.42,16.61,0.3,0
46.71,6.54,12.41,21.77,1.0,1
52.81,5.25,10.54,21.58,0.85,1
33.26,2.03,7.01,39.86,0.5,0
59.47,6.27,10.43,33.41,0.5,1
57.09,8.2,16.17,11.05,0.2,0
43.86,2.97,1.92,19.85,0.85,1
38.22,3.47,3.0,17.98,0.85,1
39.53,5.3,23.19,36.49,0.85,0
69.01,4.57,13.58,14.62,0.85,1
47.09,3.48,2.61,1.56,1.0,1
65.19,2.33,19.53,8.71,0.3,0
33.34,3.65,19.69,55.19,1.0,0
40.04,1.16,11.79,13.63,0.85,0
65.16,6.6,18.36,53.65,0.85,0
53.51,3.17,6.78,55.73,0.5,0
67.49,7.16,7.63,1.67,0.5,1
31.94,4.2,8.14,55.68,0.85,0
31.02,5.14,18.19,14.16,0.2,0
57.95,1.73,19.6,10.08,0.85,0
39.24,6.85,10.4,21.85,0.85,1
44.95,12.5,17.72,46.67,0.5,0
35.7,3.85,15.89,16.9,0.2,1
26.95,5.08,7.91,32.62,0.85,0
58.32,5.44,12.25,34.69,0.2,1
42.17,2.15,4.55,39.01,0.5,1
61.4,2.52,3.99,7.94,1.0,1
68.93,6.34,11.81,61.09,0.2,0
50.53,2.97,8.07,21.21,0.2,1
55.76,4.18,12.12,19.25,0.85,1
53.92,5.14,14.19,26.83,1.0,0
49.72,6.46,7.84,53.15,0.85,0
44.98,4.31,20.34,20.02,0.85,0
33.36,4.37,18.16,26.36,1.0,0
41.58,12.5,3.1,28.73,0.85,0
34.99,7.76,3.77,8.98,0.3,1
37.31,3.91,3.71,20.5,1.0,1
37.96,4.4,9.38,9.89,0.85,1
20.79,11.41,8.54,50.22,0.2,0
37.18,6.47,16.84,21.61,0.85,0
44.41,8.29,7.15,4.03,0.85,0
32.75,3.85,8.35,9.89,0.85,1
50.33,3.6,16.69,26.49,1.0,0
57.73,9.98,9.74,17.42,0.2,0
25.61,4.58,10.49,29.78,0.2,0
49.57,4.54,3.47,6.54,0.85,1
57.42,3.71,1.62,4.56,1.0,1
42.46,8.12,14.06,5.9,0.5,1
62.22,5.29,6.06,2.3,0.2,1
46.75,2.43,8.99,42.24,0.3,0
47.17,3.48,15.61,22.95,0.85,1
22.07,9.02,7.65,52.3,0.2,0
43.95,5.35,19.04,32.46,0.2,0
55.08,8.16,11.75,8.6,0.85,1
29.54,5.89,2.34,60.31,0.5,0
26.89,2.63,3.55,30.29,0.2,0
39.95,6.24,14.67,22.64,0.3,1
22.48,4.64,26.08,23.75,0.2,0
54.87,3.53,4.3,9.69,1.0,1
34.08,3.71,9.8,39.9,0.85,1
34.82,8.06,7.96,62.92,0.3,0
43.4,5.45,7.01,29.3,0.3,1
34.79,5.25,12.87,20.01,0.5,0
49.43,10.5,1.18,51.38,0.5,0
44.52,3.2,11.87,1.02,0.5,1
25.5,4.52,3.57,36.67,1.0,0
32.09,3.36,7.51,2.57,1.0,1
43.48,6.17,7.35,24.11,0.85,1
39.21,5.3,6.47,10.1,0.5,1
36.58,3.9,20.4,12.76,0.85,0
38.95,4.17,11.33,7.04,0.5,1
58.61,7.64,7.5,39.67,0.85,1
56.13,8.67,3.46,38.97,0.3,0
26.54,3.47,3.18,32.7,0.2,0
58.75,12.5,12.15,24.03,0.2,0
52.23,2.11,4.35,45.03,1.0,0
42.24,2.57,11.9,57.11,0.5,0
36.25,4.07,20.75,34.74,0.5,0
34.13,3.1,13.03,49.55,0.2,0
56.42,2.88,8.35,4.47,1.0,1
58.45,8.56,11.37,18.65,0.5,0
48.59,6.29,3.89,13.83,0.2,1
51.47,5.0,7.54,28.58,0.2,1
56.57,3.54,9.47,35.09,0.3,1
20.29,2.63,6.65,1.99,1.0,0
34.32,2.56,9.93,70.95,0.2,0
48.32,8.54,4.25,41.09,0.5,0
54.29,8.36,14.05,13.14,0.5,0
43.04,4.12,7.14,36.03,0.2,1
40.03,2.0,5.11,54.65,0.85,0
60.17,6.58,8.9,28.81,1.0,1
35.38,4.13,10.53,31.71,0.3,0
29.67,7.81,9.05,10.53,0.2,1
45.07,2.54,2.47,1.97,0.5,1
38.77,4.98,6.65,55.53,0.2,0
50.18,2.4,4.97,52.02,0.5,0
39.9,3.15,14.31,58.94,1.0,0
55.55,3.1,21.55,47.99,0.2,0
30.63,4.09,11.62,32.9,0.5,0
40.86,8.92,18.74,13.53,0.2,0
47.1,5.12,14.58,9.16,0.85,1
28.55,7.14,2.22,37.95,0.5,1
48.75,4.95,15.19,10.37,0.85,1
64.46,3.78,12.35,3.3,1.0,1
37.28,1.29,5.51,6.41,1.0,0
62.2,2.62,6.5,11.61,0.5,1
42.42,4.75,13.43,11.22,0.85,1
28.61,5.21,18.96,11.66,1.0,0
51.27,7.82,4.91,6.79,0.3,1
24.35,1.68,13.62,18.88,0.2,0
26.82,12.5,12.94,19.02,0.5,0
42.34,1.28,13.98,3.3,1.0,0
26.51,4.59,8.94,19.09,0.2,0
14.92,3.4,1.78,8.82,0.85,0
38.18,2.64,3.74,56.09,0.3,0
28.64,10.16,7.9,26.88,0.2,0
46.09,3.48,12.62,15.44,0.5,1
25.84,1.6,15.12,53.67,0.85,0
45.73,2.19,14.14,9.89,0.5,0
55.43,8.32,12.12,25.3,0.2,0
49.55,2.26,15.01,47.8,0.3,0
66.14,1.92,10.01,25.31,0.2,1
58.12,5.26,1.0,11.26,0.2,1
52.33,4.07,10.99,14.0,0.2,1
46.3,6.05,16.14,17.84,0.85,0
48.26,3.79,9.0,0.5,0.85,0
47.32,6.92,10.84,23.89,0.85,1
38.92,2.06,16.45,53.45,0.5,0
20.06,1.82,17.14,38.26,0.3,0
56.45,5.52,12.91,26.14,0.5,1
50.29,4.07,5.66,24.09,1.0,1
57.51,3.67,2.99,11.4,0.85,1
48.63,6.58,5.92,19.6,0.85,1
33.34,12.5,23.23,37.65,0.3,0
63.0,1.85,9.05,49.15,0.2,0
27.93,9.09,14.46,60.24,0.3,0
33.95,6.73,5.61,25.51,0.2,1
50.75,3.58,15.79,40.71,0.5,1
38.57,10.56,6.37,66.71,1.0,0
56.27,2.2,22.27,11.98,0.85,0
49.66,5.94,10.1,39.83,0.85,1
64.85,4.27,16.88,9.05,0.3,0
46.18,3.58,1.0,3.89,1.0,1
44.35,2.4,6.75,4.47,0.2,1
27.78,12.5,7.37,26.93,0.3,0
37.04,3.56,11.48,17.39,0.85,1
54.34,0.95,9.58,21.69,0.3,0
44.07,7.31,11.77,13.56,0.2,1
66.65,5.66,8.04,21.87,1.0,1
40.42,4.04,5.67,10.55,1.0,1
42.31,3.83,20.1,47.76,0.2,0
45.39,4.54,4.93,24.27,0.85,1
28.92,7.35,15.46,26.53,0.5,0
38.42,5.7,17.5,8.65,1.0,0
55.43,6.21,5.84,25.61,0.85,1
52.47,6.21,10.21,18.78,0.85,1
55.1,7.52,12.95,19.74,0.2,1
37.61,8.68,16.53,45.37,0.85,0
37.28,3.19,15.2,11.68,0.5,1
47.31,5.26,14.77,7.71,0.85,1
26.4,8.47,2.55,8.12,0.3,0
55.41,3.17,23.01,8.75,0.85,0
41.29,9.48,9.29,23.15,0.2,0
33.58,3.16,6.33,2.53,0.2,1
55.01,5.82,4.71,26.37,0.3,1
42.8,4.08,21.17,25.53,0.2,0
41.68,3.71,2.31,21.25,1.0,1
53.76,6.05,18.95,21.09,0.5,0
60.11,8.72,5.0,13.84,0.5,0
31.78,4.03,22.92,71.25,1.0,0
46.16,9.13,1.88,51.49,0.2,0
44.06,3.09,3.72,57.96,0.5,0
34.07,8.79,1.0,20.57,1.0,0
48.16,5.04,1.0,21.92,0.5,1
37.9,5.63,18.69,5.28,0.3,0
45.25,2.35,13.54,21.68,0.2,1
28.06,3.62,17.31,60.58,1.0,0
46.27,4.68,1.57,26.02,0.2,1
49.06,8.21,2.47,46.1,0.85,0
28.15,4.22,27.1,5.42,0.85,0
57.06,2.94,8.84,21.87,0.5,0
39.53,5.38,3.77,59.05,0.5,0
37.46,12.16,8.2,61.75,0.5,0
56.56,5.7,3.23,18.97,0.85,1
41.21,4.19,23.68,0.48,0.3,0
42.96,5.41,12.55,49.09,0.5,0
54.98,2.82,4.76,10.7,0.3,1
39.06,9.79,9.88,30.18,1.0,0
43.53,9.7,12.66,16.77,0.85,0
43.27,2.75,12.98,22.31,0.2,1
54.34,9.57,6.21,10.38,0.3,0
27.5,5.44,2.69,23.17,1.0,0
54.34,6.8,16.7,39.47,1.0,0
17.01,4.73,18.99,36.03,0.85,0
30.72,4.93,9.6,9.56,0.5,1
48.51,3.32,16.16,18.05,0.2,0
45.95,2.78,9.57,8.15,0.5,1
35.51,2.69,5.67,36.92,0.85,1
31.84,8.34,11.43,75.56,0.5,0
38.38,5.24,9.95,28.12,1.0,1
22.77,2.86,17.76,45.77,0.5,0
36.34,5.01,19.65,22.77,0.85,0
57.14,1.66,8.12,39.62,0.85,0
53.68,2.82,4.38,2.61,0.5,1
39.67,8.77,14.0,25.46,0.85,0
59.6,3.52,5.27,12.95,0.2,1
63.11,8.21,10.22,29.39,1.0,0
44.42,4.52,11.62,89.9,1.0,0
67.29,6.82,15.67,22.27,0.2,0
27.68,2.42,4.89,8.44,0.5,0
66.15,6.28,15.26,40.61,0.85,1
46.77,1.08,9.13,6.03,0.3,0
44.58,3.71,9.43,28.66,0.5,1
18.86,9.02,19.29,8.13,1.0,0
57.34,4.84,7.31,63.81,0.85,0
46.05,2.74,1.57,53.06,0.85,0
40.76,8.63,5.72,7.93,1.0,0
30.37,12.5,13.55,8.85,0.2,0
22.9,4.13,15.7,8.04,0.85,0
37.74,1.74,9.02,39.75,0.85,1
43.07,4.87,8.51,21.7,0.3,1
68.83,7.04,6.94,25.19,0.85,1
35.98,4.25,15.08,3.72,0.5,1
52.5,1.18,7.79,69.91,0.2,0
49.11,6.67,5.47,4.63,0.85,1
35.32,3.1,12.67,18.51,0.2,1
54.98,3.68,9.22,3.41,0.2,1
62.9,1.8,2.74,11.27,0.5,0
33.38,0.88,11.82,40.85,0.3,0
30.43,2.36,7.73,50.49,0.2,0
68.38,3.5,15.8,24.96,0.5,1
54.8,3.45,19.8,62.45,0.2,0
49.28,10.02,21.58,1.13,0.85,0
50.23,2.55,25.38,34.4,0.2,0
49.42,7.85,15.89,13.66,0.85,0
66.63,5.14,7.1,14.93,0.3,1
44.67,10.79,5.61,12.33,0.3,0
54.07,4.56,4.82,42.18,0.5,0
42.7,1.28,12.96,85.68,0.3,0
42.69,4.34,11.14,14.73,1.0,1
51.54,0.92,10.11,14.09,0.85,0
38.42,2.34,7.74,39.47,1.0,1
43.11,4.37,13.63,34.12,0.2,1
31.27,4.43,7.65,17.64,1.0,1
58.86,7.71,8.24,26.12,0.85,1
44.55,6.0,6.69,27.85,0.2,1
31.98,10.23,8.53,40.32,0.5,0
34.06,7.7,3.56,14.98,0.2,1
36.7,7.2,18.3,46.31,0.3,0
57.56,12.37,13.22,21.4,0.5,0
40.58,7.5,9.89,25.76,0.85,1
29.33,9.34,16.2,30.26,1.0,0
28.43,1.67,3.87,13.41,0.5,0
33.76,3.98,3.76,12.6,0.3,1
60.55,5.87,13.66,25.03,0.3,1
44.89,4.95,7.3,49.62,0.2,0
27.35,3.03,13.84,9.2,0.85,0
33.57,7.25,14.24,22.11,0.2,1
43.33,8.17,18.14,2.79,0.85,0
30.88,4.54,6.44,1.87,0.5,1
27.76,4.09,2.16,14.34,0.5,0
57.8,3.54,8.74,11.69,1.0,1
48.73,7.41,2.81,4.17,0.85,1
40.18,4.05,9.2,42.78,0.5,0
38.85,4.87,16.33,12.25,0.85,0
28.08,8.82,9.5,38.12,0.85,0
54.01,5.57,4.58,25.85,0.85,1
38.81,4.87,5.16,46.18,1.0,0
57.57,3.37,16.33,40.22,0.2,0
29.84,4.72,15.56,3.83,0.3,1
32.63,3.09,8.45,25.92,0.5,1
43.5,5.38,13.45,9.52,0.2,1
23.0,3.63,1.13,32.88,0.2,0
39.76,3.9,16.2,21.73,0.5,1
27.59,4.74,4.73,14.39,0.5,0
39.67,10.91,5.32,27.8,0.5,0
56.31,5.81,9.58,8.14,1.0,1
32.46,2.35,8.46,2.73,1.0,1
34.49,4.05,3.88,26.98,0.2,1
51.19,3.42,12.2,13.84,1.0,1
39.68,3.33,10.12,33.86,0.2,0
27.89,3.4,17.81,52.75,0.5,0
34.05,4.11,21.55,42.24,0.2,0
33.92,3.14,7.46,11.16,0.2,1
52.73,3.15,7.34,4.85,1.0,1
45.21,3.43,15.82,11.29,0.85,1
46.24,3.33,3.49,41.04,0.85,1
49.85,2.86,1.73,24.51,0.85,1
38.88,6.51,1.16,18.65,0.3,1
55.79,3.8,20.47,3.28,0.5,0
43.77,4.22,8.13,23.83,0.2,1
44.93,4.04,11.16,25.85,0.3,1
54.26,3.26,3.78,26.56,0.5,1
42.33,2.8,1.89,42.67,0.85,0
34.12,6.85,16.93,1.77,1.0,0
45.84,2.89,12.97,61.42,0.2,0
53.99,2.98,13.31,16.99,0.5,1
40.22,7.93,8.49,16.16,0.5,1
42.61,3.46,10.89,13.17,1.0,1
21.23,4.72,10.83,34.75,0.2,0
42.42,3.93,25.29,33.45,0.5,0
50.02,4.62,8.53,32.32,1.0,1
41.67,9.86,7.5,66.19,0.5,0
46.96,3.09,12.38,53.13,0.2,0
41.13,6.52,11.94,39.16,0.85,1
39.26,6.84,10.48,16.42,0.85,1
48.17,6.57,7.45,49.79,0.85,0
31.13,9.63,8.18,15.21,0.85,0
57.13,1.22,5.47,21.41,0.2,0
39.91,2.0,5.28,16.17,0.3,1
36.01,2.76,16.07,10.05,0.2,0
53.82,3.58,5.04,25.12,1.0,1
62.13,5.43,15.59,20.73,0.85,1
25.77,2.85,4.46,70.95,0.2,0
36.51,2.83,9.61,30.38,0.85,1
45.16,4.97,8.63,9.14,0.85,1
29.22,6.13,13.5,7.69,0.2,0
56.62,4.67,16.97,38.14,0.85,0
23.12,6.29,5.56,2.5,0.5,0
48.75,1.75,8.33,22.53,0.85,0
38.37,3.14,4.5,46.67,0.2,0
69.66,2.68,6.79,39.43,0.2,1
49.96,3.46,5.48,16.36,0.85,1
29.95,4.53,21.67,6.02,0.5,0
32.95,1.5,8.08,14.28,1.0,0
58.06,3.44,5.78,18.92,0.2,1
42.3,3.12,3.23,15.87,0.3,1
56.06,1.86,6.87,37.22,0.5,1
38.82,6.37,17.53,1.53,0.2,0
37.72,4.66,12.38,45.42,1.0,0
54.02,3.48,3.83,28.79,0.5,1
66.58,10.54,1.0,47.89,0.85,0
68.66,1.96,10.56,40.63,0.2,0
63.24,10.85,20.91,47.49,0.5,0
33.06,4.09,5.98,9.42,0.3,1
42.78,2.97,7.29,16.84,0.3,1
60.8,3.53,14.81,8.99,0.2,0
47.2,3.74,7.25,0.37,0.3,1
48.71,11.6,9.52,21.14,0.2,0
40.41,5.44,1.68,25.82,0.5,1
59.86,2.43,11.82,34.72,0.3,1
58.99,6.83,1.14,26.94,0.2,1
30.34,3.76,7.15,36.95,0.85,1
40.86,0.8,2.85,12.95,1.0,0
25.25,6.74,2.08,38.31,0.2,0
22.14,6.83,1.0,34.04,0.5,0
34.65,3.88,1.29,11.36,1.0,1
25.48,3.23,10.3,36.37,0.85,0
49.87,7.2,1.25,52.97,0.2,0
45.76,3.13,2.65,21.32,0.2,1
48.67,8.05,7.73,20.81,1.0,1
41.47,3.18,7.67,34.95,0.2,1
54.28,4.36,5.69,12.95,0.3,0
54.43,5.75,11.55,44.31,0.85,0
56.22,5.12,2.5,24.76,0.5,1
39.02,3.02,6.02,2.35,0.85,1
44.08,5.57,12.1,17.09,0.3,1
44.6,6.66,3.26,14.39,0.85,1
38.74,2.5,12.4,27.03,0.5,1
61.85,5.83,1.11,51.41,0.2,0
41.9,4.28,12.23,41.6,0.2,1
47.02,2.61,14.01,44.89,0.2,0
37.11,5.44,12.13,32.73,0.2,1
22.86,7.05,13.38,25.86,0.2,0
38.64,3.35,15.05,35.47,0.85,1
63.56,5.6,8.54,26.16,0.85,1
55.91,3.75,7.11,50.0,0.3,0
32.98,6.33,11.51,18.29,1.0,1
35.48,7.74,10.17,38.63,0.5,0
25.37,5.29,12.37,19.84,0.5,0
33.63,6.62,14.73,5.91,0.2,1
64.57,7.24,1.73,67.82,0.85,0
29.51,3.33,10.41,18.0,0.2,1
58.36,3.71,10.26,34.07,0.5,1
46.69,5.67,13.15,10.84,0.2,1
48.11,8.64,17.53,40.62,0.85,0
24.28,2.25,5.21,3.15,1.0,0
46.04,6.0,17.32,20.46,1.0,0
52.93,8.27,13.26,12.7,0.85,0
29.44,4.21,5.42,16.46,1.0,1
59.77,4.6,11.47,8.46,0.2,1
54.59,4.54,11.71,12.64,0.85,1
37.24,4.4,6.58,2.31,0.5,1
33.6,2.96,7.27,23.42,0.2,1
33.04,4.3,2.91,15.82,0.85,1
31.34,3.02,9.35,19.94,0.85,1
33.73,6.39,23.29,20.21,0.85,0
46.98,1.6,2.28,11.81,1.0,0
47.02,7.09,10.64,23.51,0.2,1
28.5,7.66,1.25,22.95,0.85,1
45.35,5.09,1.97,27.58,0.5,1
30.53,10.42,10.23,30.55,0.85,0
52.33,5.79,12.22,22.69,0.5,1
50.07,5.43,10.66,57.11,0.2,0
53.97,1.54,9.0,31.22,1.0,0
60.58,7.92,13.61,3.94,0.85,1
37.25,2.77,4.33,33.18,0.5,1
37.06,2.58,18.78,8.68,0.2,0
37.95,5.2,12.47,18.82,0.85,1
34.93,3.03,13.8,13.67,0.2,1
40.33,4.18,2.04,9.42,0.2,1
57.77,8.24,10.04,43.72,0.2,0
43.65,9.79,9.09,16.05,1.0,0
34.44,3.35,15.7,15.6,0.5,1
64.16,4.27,14.14,0.51,0.85,1
48.38,12.5,6.55,10.94,0.85,0
52.84,9.74,3.89,6.09,0.85,0
54.63,7.32,5.78,7.75,0.85,1
43.2,3.03,17.4,7.48,1.0,0
30.46,3.38,7.37,39.04,0.2,1
27.91,7.28,18.92,8.91,1.0,0
41.5,1.4,7.4,86.49,0.85,0
62.82,7.98,25.43,12.62,0.5,0
59.18,9.01,6.08,9.35,0.2,0
33.68,3.93,7.84,9.32,0.5,1
52.59,9.87,6.41,24.19,0.2,0
38.1,5.93,25.82,64.25,0.5,0
50.38,2.35,7.93,28.63,0.85,1
48.52,4.95,14.59,46.94,0.2,0
55.25,3.21,4.13,13.03,1.0,1
46.97,5.29,3.11,51.66,1.0,0
33.28,2.25,17.38,41.51,0.2,0
38.41,10.26,7.53,19.41,1.0,0
20.68,6.34,12.52,35.15,1.0,0
21.93,3.69,7.88,27.69,1.0,0
45.4,5.36,14.64,30.17,0.3,1
48.55,4.64,10.69,27.69,0.3,1
39.3,10.45,12.67,49.81,0.5,0
64.84,4.59,13.46,20.43,0.5,0
39.8,5.2,4.39,45.2,1.0,0
48.8,2.05,6.95,10.01,0.5,1
36.73,5.26,6.43,46.42,0.85,0
47.56,5.81,10.73,2.07,0.85,1
63.88,2.56,2.14,11.98,0.85,1
53.56,6.8,4.17,29.37,0.2,1
35.33,1.3,1.0,35.11,0.2,0
45.75,4.25,7.43,21.61,0.85,1
54.86,2.0,8.11,55.22,1.0,0
60.69,4.84,4.47,13.04,0.3,1
33.21,3.8,4.35,19.95,0.2,1
31.56,6.03,7.96,47.6,0.5,0
60.81,4.55,5.49,7.39,0.85,0
26.06,5.94,2.65,7.3,0.85,0
56.31,4.9,18.51,3.97,0.85,0
42.25,8.18,16.19,0.69,0.5,0
54.16,7.58,2.17,15.82,1.0,1
44.29,3.11,4.86,5.52,0.85,1
32.74,7.86,12.32,4.59,1.0,1
45.69,5.78,2.51,38.31,0.5,0
38.64,8.58,18.35,10.94,1.0,0
46.6,2.62,1.07,28.19,0.5,1
32.8,2.24,9.52,41.14,0.2,0
34.17,2.27,7.59,8.0,0.85,1
50.45,9.86,8.65,48.44,0.3,0
60.19,8.67,12.67,16.76,1.0,0
56.8,7.57,1.51,24.29,0.2,1
36.55,2.09,10.83,64.83,0.2,0
33.46,7.62,15.28,17.51,0.85,1
27.17,2.18,12.28,1.81,0.2,0
55.53,0.8,7.13,46.68,0.85,0
27.68,3.75,4.55,29.04,1.0,0
56.01,4.31,12.47,16.58,0.5,1
55.08,9.24,7.06,27.7,0.3,0
49.54,2.6,14.32,33.25,1.0,0
63.87,12.5,1.48,29.91,0.85,0
51.05,5.27,1.0,24.93,1.0,1
55.08,4.47,8.86,11.94,0.5,1
56.25,4.45,3.45,31.02,0.3,1
59.18,2.24,14.98,32.55,0.2,0
49.57,3.93,2.83,22.39,0.3,1
66.93,5.48,20.05,16.47,1.0,0
56.82,7.7,5.95,36.87,0.3,1
36.02,3.85,16.53,29.21,1.0,0
35.73,5.24,5.86,4.66,0.3,1
30.78,7.09,7.69,7.04,0.85,1
21.04,3.78,4.92,25.52,0.3,0
64.38,7.96,2.09,7.81,0.85,1
60.57,6.37,10.42,0.53,1.0,1
47.84,7.31,14.47,32.24,0.85,1
51.09,1.47,12.77,13.61,0.85,0
46.68,4.04,22.15,42.61,0.2,0
45.45,3.29,17.82,19.16,0.3,0
21.83,1.26,3.84,33.14,0.3,0
57.82,11.25,10.9,34.48,0.2,0
53.91,7.61,8.61,29.48,0.85,0
53.68,1.83,4.58,17.97,0.85,1
38.95,9.41,13.23,2.02,0.5,0
32.15,4.63,8.74,37.97,0.2,1
58.71,6.06,12.17,27.51,0.5,1
57.28,3.34,2.37,29.41,0.85,1
57.79,7.93,3.39,0.56,0.3,1
40.29,4.54,8.17,50.44,1.0,0
54.55,6.23,1.23,49.5,0.5,0
24.41,8.38,4.62,31.36,0.2,0
59.98,6.68,15.33,5.44,0.3,1
48.63,3.8,8.56,33.48,0.2,0
57.33,4.55,12.49,22.61,1.0,1
54.91,7.44,4.22,9.14,0.2,1
31.79,0.8,7.34,29.77,0.2,0
47.87,4.09,14.81,2.89,0.85,1
32.77,4.78,1.93,25.56,0.3,1
46.99,5.61,6.42,42.69,1.0,0
57.12,3.34,9.13,20.73,0.2,1
53.11,4.5,10.83,42.65,0.85,0
64.73,5.25,3.96,31.45,1.0,1
66.33,5.2,18.7,39.76,0.5,0
43.92,5.1,12.92,40.97,0.85,1
40.86,3.87,2.43,35.86,1.0,1
45.56,5.38,8.2,15.91,0.3,1
48.77,9.12,17.06,43.45,0.2,0
55.01,4.54,17.49,26.8,1.0,0
43.2,5.35,16.68,41.43,0.2,0
33.4,4.5,3.49,49.68,0.3,0
41.96,8.88,8.98,37.37,0.2,0
45.4,4.09,8.33,9.97,0.5,1
63.46,2.81,7.87,86.39,0.2,0
52.16,6.8,7.3,50.65,1.0,0
28.26,3.98,15.98,39.16,0.85,0
21.99,6.61,14.13,11.87,0.2,0
55.89,3.63,4.6,37.57,0.5,0
37.05,2.44,13.92,25.43,0.3,0
22.74,4.62,11.81,21.44,0.85,0
38.91,1.96,2.04,20.04,0.85,1
29.26,5.54,3.24,27.49,1.0,1
39.5,7.25,20.13,20.12,1.0,0
61.81,11.69,9.41,22.66,0.2,0
64.94,3.54,30.42,19.87,0.3,0
44.56,3.08,21.6,30.96,0.2,0
34.23,7.16,13.59,11.46,1.0,1
55.57,6.9,6.51,2.56,0.85,1
25.94,7.14,4.69,4.85,1.0,0
62.27,11.79,1.0,40.66,0.5,0
27.29,4.78,4.1,0.63,0.85,0
31.66,12.5,16.66,14.07,0.5,0
64.55,3.91,12.45,29.6,0.2,1
39.41,3.23,15.62,4.79,0.3,1
33.69,3.06,15.41,21.22,0.2,1
59.26,2.95,22.71,32.89,0.85,0
54.12,12.08,12.19,37.8,0.85,0
61.59,8.64,9.88,20.86,0.5,0
57.37,11.52,10.33,40.17,0.85,0
55.59,1.42,11.86,14.58,0.2,0
51.76,2.17,8.38,6.3,0.85,1
37.61,3.99,11.87,61.46,0.5,0
22.37,3.65,10.38,2.46,0.85,0
46.1,5.36,4.18,28.46,0.85,1
39.26,4.84,3.37,11.72,0.85,1
53.43,2.56,5.06,69.59,0.5,0
39.23,3.43,13.76,23.58,0.85,1
33.61,4.12,5.61,25.48,0.5,1
29.56,2.33,15.99,13.14,0.85,1
36.38,4.42,6.02,8.52,0.2,1
69.34,2.42,10.78,7.13,0.3,0
26.51,4.35,16.23,4.62,0.5,0
60.03,2.79,15.62,62.58,0.2,0
61.29,7.6,15.26,22.16,1.0,0
44.17,5.92,14.89,25.64,0.2,1
26.79,5.84,11.96,57.23,0.2,0
33.02,6.84,12.57,42.56,0.85,0
55.92,6.09,20.6,4.99,0.2,0
39.87,7.63,13.88,78.94,0.5,0
43.67,5.12,3.89,64.94,0.2,0
15.55,6.79,5.27,21.45,0.85,0
65.7,5.74,6.7,44.88,0.2,0
51.69,5.72,2.93,15.33,1.0,1
30.71,1.87,16.8,4.07,0.2,0
32.0,2.59,7.83,28.71,0.5,1
55.38,5.39,7.98,27.41,0.5,1
48.84,3.07,7.69,27.45,0.85,1
40.8,4.54,8.6,25.08,0.5,1
56.11,3.5,4.75,17.8,0.2,1
32.17,3.58,12.78,15.36,1.0,1
35.1,4.83,16.72,34.84,0.3,0
32.8,4.06,12.61,36.33,1.0,0
45.09,9.32,5.83,12.22,0.5,0
50.01,1.99,1.54,43.97,0.85,0
29.27,6.34,3.85,7.45,1.0,1
59.44,6.99,11.75,1.15,0.5,1
46.54,9.65,13.44,9.34,0.85,0
56.73,4.89,8.83,5.19,0.2,1
53.43,6.63,1.48,21.68,0.2,1
40.81,9.26,8.76,2.24,0.85,0
23.35,3.34,16.96,44.58,0.5,0
42.27,2.8,3.54,2.5,0.5,1
47.91,5.02,17.84,8.18,0.85,0
38.97,4.17,20.28,39.9,0.2,0
63.25,6.7,11.53,35.25,0.5,0
45.39,2.07,2.41,2.21,0.85,1
48.68,8.94,6.69,5.09,1.0,0
39.79,5.41,16.09,21.18,0.2,0
39.2,4.1,12.57,22.37,0.5,1
44.77,4.73,8.85,57.93,0.5,0
45.96,7.86,4.19,2.47,0.2,1
47.55,6.15,8.74,3.77,0.5,1
51.08,4.68,3.02,20.29,1.0,1
34.07,4.23,10.72,28.16,0.85,1
54.1,4.33,13.83,0.95,1.0,1
52.2,6.56,10.93,18.64,0.2,1
26.26,4.04,1.03,10.96,0.2,0
33.64,6.29,11.64,48.14,1.0,0
61.05,2.85,8.78,22.94,0.85,0
34.34,3.13,7.98,36.2,0.3,1
34.55,4.65,5.97,31.57,0.5,1
46.58,4.21,3.44,37.36,0.85,1
35.23,3.24,9.86,44.02,0.3,0
18.43,2.41,15.21,13.8,0.5,0
42.99,2.98,24.6,24.63,0.2,0
44.08,10.07,11.03,30.5,0.3,0
46.98,3.23,6.36,31.18,1.0,0
50.58,1.13,7.76,34.71,0.2,0
33.68,4.84,12.65,27.89,0.85,1
52.23,3.23,8.64,45.39,0.5,0
56.96,3.99,9.3,5.91,0.5,1
33.56,7.37,3.84,40.54,0.2,1
34.12,4.16,9.51,33.67,1.0,0
36.23,3.89,22.29,24.36,0.2,0
50.83,3.34,6.7,13.42,0.3,0
31.32,4.07,4.29,22.41,0.85,1
49.46,5.74,8.61,3.5,1.0,1
32.06,1.53,9.25,45.38,0.85,0
50.47,2.2,29.87,34.15,0.3,0
30.99,5.81,4.99,5.84,0.2,1
59.97,4.8,9.6,4.37,0.2,1
40.66,3.44,7.21,13.75,1.0,1
29.74,5.98,13.12,29.88,0.5,1
29.31,3.79,16.37,32.22,0.85,0
36.51,7.31,13.42,13.34,1.0,1
37.14,3.36,4.63,9.22,0.85,1
55.64,2.81,11.31,21.79,0.2,1
49.8,12.5,5.25,29.09,0.3,0
30.63,6.57,24.16,21.04,0.85,0
37.44,3.03,9.85,10.43,0.5,1
40.68,3.8,8.0,28.85,0.85,1
48.83,3.37,11.24,24.12,0.2,1
40.43,1.75,10.47,18.56,0.3,0
43.38,3.93,18.27,12.55,0.85,0
33.83,5.06,9.16,66.2,0.85,0
26.44,9.08,13.32,41.11,0.2,0
51.42,4.43,24.34,9.19,0.85,0
54.81,3.62,10.99,20.02,0.2,1
27.51,9.65,3.81,45.11,1.0,0
64.9,8.61,28.41,35.25,0.85,0
39.96,5.04,11.19,26.21,0.2,0
47.45,4.79,25.47,32.2,0.2,0
26.4,5.71,9.3,24.87,0.85,0
41.87,3.34,2.11,40.12,0.85,1
53.71,4.69,18.83,20.33,1.0,0
63.52,3.27,16.94,20.31,0.3,0
60.73,8.76,8.79,42.09,0.85,0
31.62,2.89,6.85,16.79,0.85,1
48.66,5.25,3.98,7.36,1.0,1
45.16,5.38,18.86,12.49,1.0,0
47.67,9.13,9.3,4.2,0.85,0
66.4,3.59,13.91,9.02,0.5,1
16.25,3.19,10.75,38.23,0.5,0
20.41,6.39,3.46,55.02,0.85,0
54.64,5.96,2.06,6.1,0.5,1
18.93,11.66,7.28,16.41,1.0,0
39.43,5.09,1.0,34.9,0.85,1
50.82,8.67,4.95,32.66,1.0,0
48.96,8.18,18.26,21.65,0.5,0
20.59,3.18,10.16,9.02,0.2,0
48.02,1.92,12.09,37.42,0.85,0
29.58,3.97,13.84,7.7,0.2,1
37.72,7.17,19.99,3.7,0.5,0
48.38,9.2,4.06,27.21,0.3,0
23.26,0.8,10.1,0.18,0.3,0
36.78,2.88,7.42,3.32,1.0,1
59.06,5.71,7.33,10.15,0.2,1
55.0,6.53,11.84,54.49,0.2,0
57.69,2.64,4.83,28.11,0.2,1
32.37,3.26,11.03,47.28,1.0,0
57.96,1.67,7.07,63.52,0.3,0
34.2,10.24,3.48,30.57,1.0,0
58.18,5.27,15.64,50.99,1.0,0
24.24,3.24,3.9,17.7,0.85,0
61.81,8.37,9.06,18.6,1.0,0
45.16,5.26,5.9,43.62,0.5,0
54.19,9.12,20.5,18.7,0.2,0
60.91,9.78,10.7,19.62,0.85,0
37.12,2.64,11.08,17.99,0.2,1
53.31,8.63,9.6,9.8,0.3,0
52.24,8.47,17.33,55.65,0.5,0
32.32,5.99,6.24,34.54,0.2,1
26.97,6.24,9.98,7.81,0.85,0
32.51,5.07,5.14,30.2,0.5,1
63.93,2.35,4.72,7.94,0.2,1
50.98,2.24,8.71,24.37,0.2,1
45.2,10.45,5.84,26.62,0.5,0
54.62,5.26,13.15,6.38,0.3,1
27.01,4.12,1.93,17.34,0.85,0
37.63,6.44,3.45,20.18,0.2,1
30.85,3.16,10.8,25.79,0.3,1
50.69,3.72,2.68,16.24,1.0,1
51.69,4.81,6.45,19.03,0.2,1
46.76,3.46,10.9,31.88,0.5,1
50.35,6.11,5.03,19.8,0.85,1
42.61,4.41,13.81,40.63,0.3,1
61.28,6.09,21.06,58.91,0.2,0
39.24,6.39,19.31,3.35,0.85,0
53.19,8.27,2.91,1.45,0.2,0
37.99,3.98,12.57,68.51,0.85,0
48.75,2.61,13.34,40.59,0.85,1
48.84,12.5,4.43,15.13,1.0,0
52.28,9.12,3.04,8.5,1.0,0
51.59,1.58,3.22,45.07,0.2,0
63.73,12.5,8.93,43.67,0.2,0
55.75,3.34,16.47,9.75,0.85,0
51.46,4.44,6.65,8.3,0.2,1
40.86,2.37,4.27,7.88,1.0,1
52.73,5.03,10.52,38.47,0.2,1
46.28,3.44,7.25,11.95,0.85,1
31.87,2.41,23.87,51.28,1.0,0
69.73,2.08,9.38,13.78,0.2,1
45.29,3.02,1.09,73.95,0.2,0
38.69,6.75,13.45,33.14,0.3,1
21.48,6.14,19.3,9.34,0.2,0
41.21,2.7,13.19,22.15,1.0,0
60.93,3.88,5.92,49.71,1.0,0
42.86,7.59,16.2,9.9,0.85,0
63.28,3.96,10.26,35.43,0.2,1
52.62,9.24,9.2,16.65,0.5,0
49.1,12.5,4.62,35.92,1.0,0
38.32,3.04,7.96,3.59,0.3,1
50.52,3.27,12.09,7.03,0.2,1
59.21,9.96,15.05,48.91,0.5,0
22.86,3.92,16.83,24.11,0.2,0
40.67,7.87,9.73,12.71,0.2,0
31.83,5.25,16.46,0.41,1.0,0
43.79,4.21,21.1,13.8,1.0,0
30.47,6.57,12.28,65.99,0.3,0
37.07,10.03,16.26,30.61,0.85,0
49.79,8.52,20.22,21.92,0.2,0
31.23,4.58,6.94,39.41,0.85,1
38.26,5.33,14.82,40.26,0.2,1
27.92,7.9,10.71,4.86,1.0,0
31.71,5.5,13.69,5.38,0.2,1
70.25,10.79,3.37,37.67,0.2,0
58.24,1.04,17.85,5.87,0.3,0
37.67,3.14,12.59,35.0,0.85,0
63.67,6.29,5.52,17.04,0.2,1
49.74,3.65,11.81,16.62,0.2,1
48.39,10.2,11.45,40.02,0.5,0
49.03,3.26,9.74,29.49,0.5,1
32.46,5.03,4.44,19.29,0.5,1
24.87,3.01,9.28,21.4,0.2,0
47.37,4.49,11.07,17.38,0.2,1
36.45,1.52,9.73,3.78,0.3,0
37.66,2.02,6.67,3.78,0.2,1
28.55,12.5,12.25,44.0,0.85,0
40.47,4.79,11.12,33.47,0.85,1
46.02,3.84,5.26,34.73,0.3,0
33.18,2.37,7.28,74.78,0.3,0
52.28,2.62,8.57,33.46,0.85,1
46.36,12.1,15.73,22.31,0.2,0
53.38,4.96,3.23,23.07,0.85,1
58.67,8.39,7.6,38.99,0.85,0
63.11,0.8,3.04,44.15,0.2,0
45.73,3.38,11.74,27.05,1.0,1
39.12,11.18,7.68,22.61,0.2,0
57.43,3.53,6.1,53.52,0.85,0
40.52,2.53,15.54,24.35,1.0,1
41.11,5.99,27.72,22.14,0.2,0
51.44,1.83,12.74,36.11,0.2,1
46.73,1.55,1.0,1.53,0.5,0
45.39,10.2,22.52,46.97,0.5,0
34.7,3.0,3.84,47.08,0.2,0
22.1,6.61,6.15,22.36,0.85,0
32.26,12.35,7.79,56.33,0.5,0
55.52,4.87,3.9,12.06,0.2,1
56.9,6.49,7.93,28.66,0.85,1
57.75,1.54,17.55,38.26,0.85,0
40.77,2.83,5.69,49.28,0.5,0
36.58,11.09,5.73,21.76,0.2,0
35.36,3.85,10.33,45.18,0.3,0
53.94,2.06,11.64,42.35,0.5,0
24.17,6.31,10.39,25.81,0.85,0
32.45,9.37,2.72,10.57,1.0,0
59.66,3.54,16.7,18.0,1.0,0
37.95,6.32,12.85,0.84,1.0,1
61.44,7.71,10.05,5.33,0.5,1
57.93,4.25,8.21,40.3,0.85,1
35.86,3.9,22.7,15.05,0.3,0
59.62,12.1,15.34,15.42,1.0,0
25.07,2.17,5.66,14.77,0.2,0
47.5,5.12,10.91,11.03,0.3,1
58.69,4.47,5.27,17.99,0.2,1
49.67,4.45,10.03,19.39,0.3,1
49.34,7.48,12.82,7.95,1.0,1
53.45,6.57,8.49,19.53,0.2,1
44.75,5.6,6.22,7.47,0.85,1
46.79,1.56,6.77,35.54,0.3,0
17.43,2.68,16.06,13.46,0.85,0
51.28,4.08,2.57,16.21,0.5,1
50.11,5.01,18.02,43.53,1.0,0
43.84,11.02,5.63,14.37,1.0,0
56.5,4.93,10.73,4.6,0.2,1
32.94,7.29,9.0,19.33,0.85,1
63.09,4.57,6.4,1.95,0.2,1
54.1,6.96,17.45,25.83,0.85,0
51.79,4.77,15.06,43.31,0.3,0
58.03,2.41,9.73,57.01,1.0,0
61.62,6.47,7.68,13.82,1.0,0
43.64,6.11,11.76,30.77,0.85,1
51.51,1.86,3.48,43.52,1.0,0
37.9,4.57,20.04,32.49,0.85,0
51.37,4.54,17.05,41.94,0.2,0
43.47,3.3,9.14,31.78,0.5,1
40.05,2.32,15.25,18.09,1.0,0
36.56,5.4,18.37,58.12,0.5,0
50.71,10.45,3.7,29.48,0.5,0
35.51,6.8,5.7,25.38,0.85,1
55.82,1.7,4.94,19.63,0.85,0
51.99,10.01,11.56,2.16,0.85,0
38.5,9.23,24.02,26.94,0.2,0
55.8,3.42,1.65,37.03,0.85,1
45.94,1.78,27.83,50.37,0.85,0
48.04,3.51,3.43,71.35,0.5,0
44.92,3.66,10.86,31.81,0.2,1
44.97,1.88,11.81,34.07,0.5,1
57.22,5.35,1.79,21.86,0.85,0
36.57,2.9,6.66,63.62,0.5,0
35.77,2.13,8.51,34.01,0.85,1
42.14,4.03,17.79,24.07,0.85,0
42.47,10.28,12.23,2.44,1.0,0
26.58,7.54,10.93,15.89,1.0,0
49.45,5.96,3.67,50.58,0.5,0
21.17,3.44,6.07,28.3,0.2,0
39.33,1.89,8.12,10.61,0.85,1
51.81,2.35,6.23,49.24,0.2,0
62.43,7.3,8.09,40.94,0.5,0
51.81,2.88,18.41,18.47,0.85,0
55.37,5.09,10.56,19.77,0.2,1
49.43,6.0,9.24,35.47,0.85,1
55.3,1.63,9.52,38.76,0.5,0
40.04,4.69,13.7,35.96,1.0,1
29.61,5.73,22.73,31.23,0.2,0
34.22,11.72,23.8,56.73,0.85,0
47.97,5.03,11.46,4.85,0.5,1
31.19,7.11,7.14,18.54,1.0,1
54.83,3.48,10.33,20.01,1.0,1
61.93,8.08,2.52,22.27,0.5,1
40.32,2.04,4.2,32.46,1.0,1
32.83,6.11,17.11,12.9,0.2,0
42.17,5.17,13.15,15.81,1.0,1
34.42,8.86,5.43,29.35,0.5,0
45.23,6.02,7.74,23.7,0.5,1
58.47,4.14,2.39,5.68,0.5,1
54.69,8.06,16.16,30.53,0.2,0
39.1,5.97,6.22,19.83,0.5,1
41.77,2.52,9.66,3.33,0.85,1
46.26,4.3,24.68,9.05,1.0,0
58.72,2.33,4.49,57.23,1.0,0
31.69,5.71,16.78,47.07,0.2,0
32.92,6.06,5.63,4.14,0.85,1
52.83,10.77,3.42,34.72,0.2,0
32.99,4.25,1.33,39.31,0.3,1
27.25,3.86,15.38,26.86,0.2,0
36.22,1.73,1.0,19.0,0.2,0
57.77,4.25,20.4,26.42,0.85,0
53.32,3.98,4.53,12.52,0.85,1
46.09,4.98,14.64,48.76,0.2,0
48.13,3.91,16.07,22.94,1.0,0
46.83,3.92,2.86,42.64,0.5,0
58.37,4.97,7.33,48.39,0.2,0
56.01,4.44,5.88,26.8,0.85,1
19.55,3.88,1.09,16.7,0.2,0
38.03,3.85,7.9,26.14,0.85,1
48.53,12.5,8.76,3.01,0.85,0
56.57,3.79,11.82,63.45,0.3,0
53.7,4.12,5.42,12.88,0.85,1
55.67,1.49,15.59,53.61,0.5,0
50.62,8.09,8.68,28.71,0.3,1
45.58,0.9,11.66,8.31,0.85,0
51.6,2.59,8.52,10.58,0.2,1
46.66,6.35,2.8,23.22,0.85,1
60.79,1.37,32.18,4.87,1.0,0
28.17,3.14,13.82,5.61,0.5,1
38.9,4.61,23.67,17.6,0.85,0
39.48,4.4,14.9,50.52,1.0,0
45.14,3.08,8.37,29.13,0.5,1
54.07,7.13,12.02,0.05,0.2,1
50.23,7.37,15.27,23.22,0.2,0
54.3,6.45,11.19,12.5,0.2,1
57.32,3.54,11.31,37.07,0.3,1
36.88,5.12,4.79,28.06,1.0,1
53.92,3.3,3.33,9.8,0.3,1
57.12,12.5,12.87,4.76,0.3,0
70.26,5.6,9.94,3.83,0.85,1
48.25,3.55,12.83,49.63,0.5,0
41.0,12.5,10.21,55.06,0.2,0
58.17,3.82,1.0,65.42,0.2,0
57.89,5.48,22.42,23.39,1.0,0
56.05,7.19,3.56,25.91,1.0,1
52.0,3.38,12.39,20.76,0.2,1
44.35,3.24,10.71,0.43,0.2,1
45.52,7.89,5.47,9.48,0.85,1
55.24,7.19,15.05,39.06,0.85,0
43.96,7.18,5.67,23.13,0.5,1
41.7,6.09,2.57,64.45,1.0,0
58.05,12.43,12.07,37.67,0.5,0
51.32,4.87,6.56,6.08,0.85,1
45.24,2.87,4.22,20.06,1.0,1
54.31,2.21,4.42,12.37,0.5,1
41.07,3.76,1.1,9.78,0.2,1
30.13,0.8,6.27,22.35,0.5,0
52.82,9.49,5.87,30.88,0.2,0
42.35,5.89,8.71,16.04,0.85,1
51.08,2.86,8.68,76.86,0.2,0
59.86,8.2,11.82,17.78,0.85,0
58.48,2.21,9.15,47.38,0.85,0
42.42,2.57,14.68,11.65,0.5,1
55.49,4.96,16.5,13.22,1.0,0
54.83,10.18,9.74,6.51,0.2,0
28.04,5.85,15.63,14.46,1.0,1
38.55,0.8,25.79,3.03,0.5,0
58.63,2.61,11.51,79.37,0.2,0
33.6,2.9,4.65,34.83,0.2,1
47.47,5.31,9.46,5.2,1.0,1
22.05,1.89,2.37,52.92,1.0,0
58.29,2.01,13.84,29.27,1.0,1
39.05,4.03,1.92,13.92,0.85,1
35.87,6.68,8.72,28.42,1.0,1
31.57,6.94,18.97,16.84,1.0,0
29.4,4.96,15.65,5.65,0.85,1
43.88,7.54,2.11,40.38,0.5,1
42.82,12.5,7.33,23.29,0.2,0
51.54,10.94,6.56,10.46,0.85,0
54.49,3.49,2.58,26.03,0.85,1
52.85,1.83,3.35,29.17,0.5,1
54.54,3.75,9.93,53.28,0.2,0
55.28,2.64,6.55,14.63,0.2,1
49.16,6.06,1.94,34.92,0.85,1
51.62,2.24,15.74,12.7,0.85,0
56.77,4.49,9.63,32.07,1.0,1
45.37,2.65,12.25,29.72,0.2,1
23.2,3.93,12.12,28.89,1.0,0
27.34,4.64,2.76,30.09,0.2,0
42.98,6.57,1.0,19.79,0.2,1
61.65,4.66,15.54,36.92,0.5,0
18.43,3.3,22.27,18.65,0.3,0
41.44,7.18,9.84,20.52,0.3,1
35.33,4.8,9.2,21.05,1.0,0
55.58,3.49,3.5,19.85,0.85,1
36.07,6.67,9.84,6.64,1.0,0
34.11,5.34,1.3,21.35,0.3,1
35.86,6.36,14.1,42.37,1.0,0
35.88,8.56,9.25,30.56,1.0,0
55.01,2.33,12.51,44.63,1.0,0
43.05,12.5,8.65,0.16,0.2,0
40.03,6.0,12.98,13.47,0.85,1
40.01,2.25,9.73,37.08,0.3,1
29.34,9.16,9.46,28.13,0.3,0
25.75,3.09,7.18,75.94,0.5,0
27.76,11.05,6.01,15.15,0.85,0
53.4,2.43,13.53,25.37,1.0,0
32.73,4.49,12.39,26.69,0.85,1
46.14,7.26,17.54,1.82,0.5,0
60.72,6.72,14.01,8.21,0.5,1
59.53,5.68,2.64,8.23,0.5,1
62.54,8.02,20.56,24.47,1.0,0
44.36,3.62,13.18,31.58,0.2,1
46.15,8.27,6.83,44.29,1.0,0
30.91,3.2,11.22,62.36,0.2,0
28.31,10.41,13.5,45.63,1.0,0
39.97,3.37,3.79,12.95,0.5,1
55.81,2.02,21.66,14.7,1.0,0
52.99,6.78,11.31,13.78,0.2,1
32.85,5.2,1.26,20.43,0.5,1
65.1,5.74,9.76,22.44,0.3,1
35.78,3.91,4.69,20.05,1.0,1
41.71,6.2,5.52,31.61,0.2,1
45.19,9.91,2.54,19.56,0.3,0
58.77,5.58,7.81,24.72,1.0,1
55.61,1.76,5.71,38.97,1.0,0
27.57,4.72,15.3,51.78,1.0,0
59.4,6.02,16.03,1.21,0.5,0
44.75,10.78,1.49,21.92,0.2,0
47.26,6.96,13.68,28.92,1.0,1
53.3,2.9,1.83,5.25,0.2,1
43.21,4.6,8.22,28.96,0.85,1
30.19,7.19,3.23,60.67,1.0,0
38.09,6.28,9.87,49.89,0.5,0
56.53,6.5,20.72,17.41,0.85,0
40.32,2.04,5.23,24.69,0.85,0
46.52,6.74,15.39,36.03,1.0,0
67.14,5.39,13.94,10.47,1.0,1
56.78,6.91,13.4,28.96,0.2,1
43.98,5.2,5.74,3.78,0.5,1
28.54,4.36,10.79,15.0,0.85,1
32.01,8.38,2.88,29.19,0.2,0
43.11,6.1,8.74,15.59,0.3,0
47.79,2.27,18.4,10.63,0.3,0
56.47,5.05,9.14,6.26,0.5,1
43.38,3.93,1.69,51.58,0.3,0
39.91,3.63,12.16,49.07,1.0,0
39.41,6.22,16.44,46.97,0.2,0
45.7,5.22,4.74,40.12,0.85,1
34.15,6.16,4.13,1.72,0.5,1
28.0,7.75,1.53,44.33,0.2,0
50.57,4.54,13.46,5.91,0.85,1
25.1,7.58,18.0,28.08,0.2,0
40.36,3.31,8.81,2.51,0.2,1
30.45,8.62,5.9,29.42,0.2,0
52.57,3.48,18.67,38.07,0.2,0
41.06,2.47,4.76,4.11,0.2,1
29.31,5.8,7.9,39.84,0.2,1
43.57,4.64,17.67,51.01,0.85,0
42.44,4.95,25.07,9.35,0.3,0
60.58,2.28,5.71,9.77,0.2,1
43.62,2.36,20.34,5.55,1.0,0
49.34,3.87,8.71,20.43,0.3,1
40.52,6.88,11.06,23.08,0.5,1
46.87,3.97,13.4,35.02,0.2,1
29.19,2.39,7.18,23.01,0.85,1
32.6,8.64,15.25,7.47,1.0,0
49.21,2.34,18.56,17.3,0.85,0
29.81,5.04,13.45,19.7,0.85,1
46.61,6.9,3.45,19.94,0.5,1
35.57,3.73,2.19,8.83,0.3,1
59.19,6.89,6.22,35.36,0.5,1
29.37,10.24,13.69,0.94,0.2,0
52.87,6.75,15.96,5.68,0.2,1
46.05,4.55,7.71,9.15,0.85,1
32.45,4.97,3.57,39.5,1.0,1
20.28,1.12,13.12,57.5,1.0,0
28.31,3.44,15.43,13.22,0.2,1
62.57,1.18,3.32,16.85,0.2,0
43.69,2.78,7.91,66.56,0.2,0
35.41,4.75,11.17,29.28,0.2,1
38.81,5.61,13.27,11.43,0.5,1
36.67,6.26,20.28,29.23,1.0,0
53.59,11.95,4.78,6.57,0.85,0
42.57,1.87,17.89,14.83,0.3,0
52.54,2.72,15.65,26.42,1.0,1
30.44,5.48,9.01,14.74,0.3,1
41.28,7.22,10.35,4.21,0.5,1
43.07,3.2,12.2,10.53,0.85,1
36.85,5.23,17.34,54.19,0.5,0
47.8,5.69,9.79,73.04,0.5,0
58.53,10.79,5.04,0.32,0.5,0
26.39,2.04,7.95,10.5,0.2,0
33.34,6.15,6.64,28.25,1.0,1
40.17,7.34,20.18,77.09,1.0,0
24.1,6.5,3.18,64.66,0.85,0
42.27,9.13,8.48,10.71,0.85,0
63.05,2.4,25.11,3.81,0.2,0
55.77,1.0,9.04,5.97,0.85,0
62.42,8.85,8.07,2.36,0.5,0
37.96,3.83,11.53,5.08,0.2,1
38.84,4.56,5.15,1.86,0.5,1
34.5,4.89,15.6,31.03,0.5,1
47.42,5.1,8.63,32.17,0.5,1
52.37,7.74,7.75,6.52,0.2,1
22.94,6.04,7.91,36.03,0.85,0
48.03,1.97,11.88,11.96,1.0,1
44.43,4.51,11.43,4.38,1.0,1
26.59,5.63,9.15,2.47,0.85,0
27.58,6.35,10.42,24.32,0.2,0
50.56,4.34,16.22,43.63,0.3,0
25.83,3.42,14.52,40.63,0.2,0
36.81,7.97,9.29,18.39,0.2,1
47.53,3.78,19.05,6.03,1.0,0
48.36,6.7,8.41,14.73,0.85,1
58.61,7.66,6.32,48.47,0.5,0
42.82,5.45,4.14,26.75,1.0,1
66.48,3.19,5.14,28.62,0.85,1
39.44,6.06,11.77,31.26,0.85,1
53.06,4.07,10.12,6.2,1.0,1
59.59,12.5,3.69,12.05,0.85,0
56.22,7.42,8.66,55.5,0.2,0
46.81,7.28,4.07,3.98,0.85,1
32.85,8.63,7.64,38.43,0.2,0
53.78,1.22,5.41,23.92,0.2,0
23.13,4.52,8.81,5.54,0.85,0
57.71,8.38,16.12,2.49,0.2,0
42.9,3.42,6.17,44.88,0.5,0
52.28,1.76,22.42,5.93,0.85,0
55.65,5.15,8.96,8.06,0.5,1
35.37,2.76,4.39,68.8,0.5,0
40.4,2.97,11.6,26.88,0.2,0
44.47,4.33,16.23,3.65,1.0,0
24.05,2.23,8.67,13.62,1.0,0
46.86,4.2,17.12,25.14,0.85,0
49.56,5.5,13.68,12.8,0.2,1
46.4,12.5,3.41,53.42,0.5,0
39.31,3.6,15.85,36.87,0.85,1
30.5,4.39,3.41,8.6,1.0,1
66.88,6.56,7.38,11.04,0.2,1
34.67,3.92,19.01,46.97,0.85,0
40.58,3.3,5.77,10.88,0.2,1
41.36,8.44,1.0,6.73,0.85,0
47.96,10.44,7.95,40.43,0.2,0
56.52,3.89,19.63,31.59,1.0,0
49.05,3.25,7.91,28.92,0.2,1
45.6,2.96,3.29,8.44,0.85,1
34.37,6.68,7.85,31.39,0.85,1
28.06,9.11,24.82,13.77,1.0,0
51.97,5.91,4.81,5.48,0.85,1
53.0,6.81,18.09,37.24,0.85,0
26.84,8.11,3.48,2.92,1.0,0
34.88,10.59,3.29,6.32,0.2,0
52.33,6.03,2.07,74.12,0.85,0
52.06,3.79,4.18,16.75,0.85,1
35.01,7.06,19.67,10.79,0.85,0
51.61,8.6,14.88,4.61,1.0,0
25.71,4.12,6.66,22.67,0.85,0
46.0,1.18,3.83,23.09,0.85,0
36.82,3.73,9.87,18.5,0.85,1
35.61,2.22,3.57,7.21,0.5,1
38.81,0.8,11.73,44.03,1.0,0
45.63,3.84,16.82,18.3,0.85,0
31.25,4.56,9.31,38.4,0.2,0
56.77,6.23,5.25,33.15,0.85,1
48.22,6.77,6.41,0.26,0.2,1
49.11,3.98,7.33,32.19,0.2,1
55.43,6.45,21.08,12.17,0.85,0
29.45,6.18,16.01,16.06,0.5,0
35.0,6.12,9.64,10.9,0.2,0
49.54,3.06,11.89,27.67,0.2,0
37.66,7.11,3.11,3.68,0.85,1
40.07,5.33,4.52,30.33,0.85,1
44.54,4.63,9.72,10.48,1.0,1
40.91,3.22,3.62,14.87,0.5,1
59.73,3.92,1.27,24.35,0.2,1
32.74,7.67,3.25,7.52,1.0,1
45.42,6.43,3.22,38.32,1.0,1
50.3,3.41,13.0,27.87,1.0,1
44.5,5.16,15.7,24.69,0.5,1
35.57,6.28,14.68,18.11,0.85,1
48.51,3.55,26.09,10.05,0.2,0
64.03,7.05,16.92,10.53,0.2,0
44.35,1.52,7.95,14.43,0.5,0
24.87,7.01,8.25,77.46,0.3,0
60.37,6.77,6.31,55.41,0.85,0
52.61,5.58,5.05,2.92,0.5,1
28.66,4.25,14.13,21.22,0.85,1
61.96,2.83,11.1,71.3,0.2,0
40.69,4.92,3.85,15.08,0.85,1
26.96,6.07,12.22,22.54,0.5,0
44.73,7.13,4.69,10.99,0.85,1
42.27,3.15,7.75,28.67,0.2,1
46.04,3.85,17.16,69.08,0.2,0
61.31,3.93,2.44,58.77,1.0,0
23.67,1.9,7.18,10.26,0.85,0
32.95,8.84,1.37,27.02,0.2,0
26.56,12.5,8.21,39.34,0.2,0
56.39,9.28,11.77,70.95,1.0,0
39.08,2.97,1.0,7.8,0.85,1
43.25,11.28,11.41,20.25,0.5,0
53.85,4.32,11.27,45.14,1.0,0
27.95,7.07,17.79,0.7,0.5,0
31.23,6.84,8.16,45.26,0.85,0
46.1,0.9,4.15,13.23,0.5,0
39.52,5.03,11.86,18.16,1.0,1
33.76,2.85,7.37,52.51,0.3,0
46.6,1.31,4.38,25.64,0.85,0
34.62,5.42,10.93,10.94,0.85,1
51.91,6.55,3.41,28.2,0.5,1
31.77,3.45,4.14,6.09,0.85,1
62.35,5.23,12.85,15.61,0.2,1
60.51,9.07,11.99,25.5,1.0,0
63.06,4.31,10.46,56.35,1.0,0
32.1,2.18,14.01,42.03,0.3,0
60.55,7.45,4.01,59.34,0.2,0
36.92,3.94,2.72,35.43,0.2,1
57.82,3.31,26.5,15.04,1.0,0
36.73,4.14,9.19,14.22,0.85,1
27.1,4.06,21.99,43.64,0.2,0
44.09,1.62,10.38,68.94,0.5,0
36.5,5.68,12.4,15.01,0.2,1
41.14,5.62,6.15,30.62,0.5,1
64.16,4.2,16.26,20.56,0.2,0
39.36,5.39,7.39,13.8,0.5,1
42.58,6.78,16.65,1.28,0.5,0
53.98,5.58,5.99,35.92,0.5,1
37.81,3.22,10.34,43.01,0.3,0
38.84,2.82,13.9,15.92,1.0,1
26.8,12.15,13.95,14.2,1.0,0
49.89,5.66,14.06,21.46,0.5,1
47.18,4.46,28.48,12.13,1.0,0
16.15,6.37,20.81,35.05,0.5,0
56.69,3.47,4.82,0.29,0.5,1
39.46,7.49,7.16,26.64,1.0,1
50.73,3.97,9.21,56.86,0.3,0
35.34,1.39,12.72,12.78,0.2,0
51.7,4.62,11.77,17.11,0.85,1
57.22,2.61,11.72,47.6,1.0,0
52.6,4.33,5.96,2.58,0.85,1
32.06,4.02,6.72,7.97,0.2,1
61.03,5.97,4.86,58.65,0.5,0
55.43,10.1,16.71,30.0,0.2,0
55.38,7.11,7.83,17.79,1.0,1
45.95,5.65,8.52,13.84,0.5,1
53.21,5.18,20.88,11.74,1.0,0
60.1,5.75,18.23,67.69,0.2,0
39.0,9.45,5.92,45.26,0.5,0
46.39,6.32,17.01,53.03,0.3,0
60.82,1.41,9.68,9.87,0.3,0
54.94,2.69,11.37,37.89,0.2,0
56.08,8.17,7.98,44.05,0.85,0
50.74,5.58,24.28,31.99,0.5,0
36.53,9.36,11.9,14.32,0.85,0
42.82,6.88,6.9,30.31,1.0,0
36.14,5.09,10.02,10.58,0.5,1
53.38,5.04,16.29,21.98,1.0,0
43.36,3.44,2.44,17.85,1.0,1
46.13,4.27,5.06,17.45,0.2,1
55.53,2.28,1.0,41.48,0.5,1
37.1,3.0,4.15,3.76,1.0,1
67.26,2.59,9.67,1.67,0.3,1
47.28,4.74,7.22,70.77,0.3,0
51.74,3.66,8.9,10.94,1.0,1
44.71,1.73,8.76,31.03,0.3,0
44.65,6.38,4.61,24.16,0.85,1
51.99,3.87,14.9,30.68,0.5,1
68.59,7.36,6.79,5.05,0.5,1
44.63,6.17,15.35,19.97,0.2,1
32.54,12.5,4.7,26.41,0.5,0
29.76,4.76,6.8,43.31,0.85,0
23.51,3.48,11.17,19.53,0.2,0
46.97,2.97,6.65,15.14,0.5,0
25.86,6.72,5.01,69.65,0.3,0
43.98,7.05,19.6,31.76,0.85,0
27.72,4.8,8.28,31.47,0.3,0
57.4,5.51,18.29,72.43,1.0,0
54.45,8.29,24.53,13.21,0.2,0
50.72,6.89,7.12,12.07,0.85,1
37.97,5.67,6.84,5.69,0.2,1
48.34,2.34,4.91,53.7,0.85,0
47.87,3.05,9.13,9.67,0.5,0
40.78,3.94,5.01,35.45,0.2,1
44.69,4.07,5.47,73.26,1.0,0
40.15,3.22,13.34,10.43,0.85,0
35.07,3.0,8.09,3.99,1.0,1
42.41,4.17,5.01,7.39,0.5,1
57.47,5.21,6.18,28.48,1.0,1
31.47,6.24,4.69,7.71,1.0,1
36.99,1.64,5.37,57.4,0.5,0
36.8,3.68,13.13,13.53,0.5,1
55.45,1.77,15.81,8.98,0.85,0
38.34,4.77,20.58,80.32,1.0,0
32.11,4.73,25.87,22.11,0.85,0
61.44,4.52,7.67,38.08,1.0,1
48.62,4.15,2.49,17.1,0.85,1
55.68,3.72,10.52,54.63,1.0,0
50.17,4.53,2.54,20.12,0.3,1
45.65,6.32,12.14,10.73,1.0,0
47.29,3.88,12.26,19.91,0.2,1
41.52,2.43,3.98,19.25,1.0,1
41.7,5.5,13.45,48.92,0.3,0
54.88,7.08,5.67,2.34,0.85,0
39.78,2.36,7.31,15.31,0.5,1
47.99,2.14,2.38,25.36,0.3,1
49.09,2.31,8.0,6.94,0.2,1
56.68,4.5,6.26,37.92,1.0,1
38.23,10.49,11.1,9.82,1.0,0
47.25,9.64,5.78,53.85,0.2,0
43.58,5.51,10.78,30.24,0.3,1
27.58,2.27,6.22,47.5,0.85,0
57.22,9.58,5.3,37.41,0.85,0
52.13,9.84,13.03,1.9,0.3,0
45.51,2.93,6.32,7.53,0.3,1
53.99,4.8,4.95,2.04,0.85,1
32.92,7.06,20.89,66.53,0.5,0
34.08,8.94,15.9,23.14,0.2,0
58.92,4.43,8.68,10.01,1.0,1
44.02,7.43,2.66,19.76,0.3,1
33.91,5.79,9.43,20.58,0.85,1
25.41,5.63,1.73,20.07,0.2,0
26.04,5.36,15.15,19.1,0.3,0
55.74,10.74,7.9,5.24,0.2,0
50.81,4.95,4.99,40.41,0.5,1
61.03,6.18,13.5,13.87,0.85,1
39.14,10.77,4.25,24.76,0.5,0
26.51,6.41,12.12,4.4,0.2,0
27.87,3.57,11.12,22.46,0.85,0
49.35,4.67,4.19,33.93,0.3,1
60.51,3.08,11.55,38.96,1.0,1
40.11,4.63,13.9,41.55,0.85,0
65.85,4.43,13.79,34.73,0.5,1
33.77,3.91,10.53,16.11,0.85,1
39.46,5.36,3.08,4.14,0.2,1
27.26,1.86,4.34,2.54,0.2,0
51.57,11.98,6.17,26.01,0.2,0
51.58,4.48,19.37,21.99,0.5,0
53.14,4.81,3.07,16.72,0.2,1
43.38,9.5,9.7,19.97,0.2,0
59.14,6.36,17.17,11.23,0.3,0
37.35,3.86,8.1,21.6,0.85,1
57.67,4.15,16.74,1.24,0.5,0
62.26,8.14,6.52,14.06,1.0,1
65.97,8.72,8.16,55.65,0.2,0
54.95,3.63,10.41,7.77,0.85,1
37.43,9.38,11.32,17.01,0.2,0
48.01,1.96,7.47,1.97,0.85,1
40.62,10.02,8.41,55.41,0.5,0
48.78,5.84,10.68,32.85,0.5,1
58.06,9.32,15.74,15.46,1.0,0
53.18,6.71,6.98,27.23,0.5,1
33.54,3.76,9.85,44.75,0.85,0
43.77,4.6,13.38,10.17,1.0,1
35.74,3.84,21.26,20.59,0.2,0
61.6,3.25,3.53,11.93,0.2,1
65.23,6.22,2.76,13.39,0.5,1
55.31,1.6,1.79,41.67,0.2,0
50.0,4.45,4.97,36.72,0.5,1
37.86,5.11,9.4,22.88,1.0,1
42.55,1.65,4.3,56.37,0.85,0
48.27,5.77,5.47,36.27,0.85,0
30.1,6.7,4.23,16.46,0.85,1
38.1,6.19,16.69,34.66,0.2,0
51.83,6.15,16.43,35.88,1.0,0
57.08,5.18,8.44,23.59,1.0,1
69.34,2.74,6.59,61.0,1.0,0
52.81,10.37,18.53,3.27,1.0,0
43.0,0.8,10.97,10.04,0.85,0
43.04,4.39,4.21,3.06,1.0,1
42.65,3.75,14.59,4.41,0.3,0
41.06,5.1,6.35,11.68,0.5,1
24.35,3.15,16.08,2.76,0.85,0
40.76,8.37,9.49,7.69,0.85,0
54.03,1.93,12.06,2.31,1.0,1
58.13,3.48,12.42,20.23,0.5,1
48.97,4.28,2.05,14.27,0.2,1
36.88,6.23,12.92,16.03,0.85,0
65.62,6.25,5.24,60.5,0.85,0
58.44,7.72,13.48,45.44,0.2,0
54.39,7.16,6.32,9.24,1.0,1
35.64,4.43,3.03,49.77,1.0,0
26.86,7.46,10.55,12.65,0.2,0
38.16,4.45,25.45,53.1,0.85,0
40.04,1.84,1.42,28.1,0.5,0
41.4,1.97,1.14,28.44,1.0,1
46.36,4.2,4.54,12.91,0.5,1
46.22,2.62,3.77,17.59,0.5,0
60.03,4.61,12.74,53.96,0.5,0
54.9,7.27,10.53,32.8,0.2,1
48.62,3.98,2.81,12.31,0.2,1
57.32,1.43,3.44,19.29,0.2,0
54.62,6.44,13.43,14.37,0.85,1
25.73,3.75,4.97,18.73,0.85,0
21.62,4.27,3.95,18.45,1.0,0
26.26,12.5,2.25,41.54,1.0,0
62.24,7.73,14.15,18.2,0.2,1
51.21,8.7,19.62,40.89,0.2,0
57.41,4.04,15.46,14.21,0.5,1
37.76,12.2,1.04,7.31,0.5,0
46.74,2.93,5.49,0.24,0.5,1
44.98,1.86,14.53,21.49,1.0,0
50.01,12.5,13.73,27.18,0.85,0
41.87,1.45,4.55,24.63,0.2,0
34.26,3.76,13.65,49.6,0.5,0
55.86,6.49,6.38,29.79,0.5,0
48.01,4.07,25.2,43.84,0.5,0
53.37,3.35,17.92,5.44,0.85,0
49.36,4.96,16.58,62.9,0.3,0
36.19,4.79,8.51,16.83,0.5,1
50.22,5.28,9.42,42.84,0.5,0
60.86,9.13,11.88,61.2,0.3,0
46.89,6.69,4.3,14.72,0.5,1
65.07,4.35,9.81,14.32,0.85,1
59.54,5.65,13.55,9.65,0.2,1
63.51,0.8,2.21,68.84,0.3,0
42.92,4.52,5.14,9.48,0.2,1
31.49,5.9,15.19,4.32,1.0,1
64.14,3.15,7.72,34.19,0.2,1
51.42,3.83,4.15,9.7,0.85,1
45.64,7.75,6.12,5.98,0.85,1
38.12,2.59,12.56,25.42,0.85,0
42.06,7.86,10.82,10.24,0.5,1
47.41,10.81,10.45,25.59,0.2,0
26.34,3.89,7.66,13.6,0.5,0
64.56,2.62,12.8,5.14,0.5,1
28.96,3.25,13.28,18.75,0.85,1
38.25,10.41,12.67,18.01,0.85,0
49.2,2.52,14.28,12.47,0.2,1
58.23,2.62,5.88,1.84,0.2,1
46.5,1.44,17.98,35.15,0.2,0
26.8,3.79,6.75,2.27,0.5,0
51.34,5.37,5.89,19.16,0.2,1
18.05,9.68,11.45,13.79,1.0,0
39.69,3.99,21.36,13.74,1.0,0
19.76,6.39,5.59,10.95,0.85,0
23.67,3.29,4.63,18.01,0.2,0
22.59,2.33,2.14,8.43,0.85,0
48.93,8.98,8.54,48.77,1.0,0
43.63,5.29,17.69,16.9,0.85,0
58.87,6.68,17.5,2.5,0.2,0
57.43,5.2,13.67,19.68,0.85,1
67.77,1.81,5.52,16.98,0.2,1
60.15,7.72,8.8,30.52,1.0,1
28.58,3.17,3.43,80.09,0.85,0
46.55,6.2,10.13,17.92,0.2,1
58.99,2.41,21.28,36.18,0.2,0
53.31,2.52,13.2,22.25,0.85,1
56.79,3.32,8.13,25.37,0.85,1
39.44,2.84,11.44,39.84,0.2,0
46.72,2.27,10.08,41.93,1.0,1
58.39,12.5,11.42,5.6,0.2,0
40.65,4.85,2.31,28.91,0.85,1
58.76,1.67,11.01,29.74,0.85,0
60.44,2.34,9.99,26.8,1.0,0
37.54,2.95,25.41,9.85,0.2,0
33.0,3.62,2.58,36.83,1.0,1
63.65,6.94,7.17,12.88,1.0,1
28.63,5.37,15.63,36.81,0.85,1
55.0,4.78,7.68,32.98,1.0,1
33.14,1.91,26.1,40.86,0.5,0
40.62,6.32,2.69,18.24,0.5,1
18.96,1.83,1.41,60.04,1.0,0
34.29,4.26,12.88,16.47,0.2,1
61.28,5.57,20.28,23.2,0.85,0
45.01,5.68,2.2,28.99,0.5,1
56.53,5.17,12.13,57.16,0.85,0
25.1,5.3,8.23,57.59,0.85,0
43.58,5.06,9.02,24.82,0.5,1
27.05,2.1,12.34,4.75,0.2,0
55.38,2.03,5.15,47.16,0.85,0
42.61,7.32,9.27,24.15,1.0,1
38.58,7.38,11.73,25.68,1.0,1
32.84,2.5,4.38,14.56,0.3,1
58.18,5.22,7.47,30.03,0.85,1
47.86,5.8,8.58,22.87,0.85,1
47.46,4.78,2.53,19.74,0.85,1
42.12,7.88,25.11,18.81,1.0,0
42.89,3.69,1.0,18.39,0.2,1
31.53,3.88,3.28,8.55,0.85,1
47.11,7.93,11.62,11.72,0.85,1
38.66,2.14,2.07,4.03,0.2,1
49.66,7.17,19.49,1.71,1.0,0
38.92,9.9,21.55,32.55,0.3,0
62.4,6.24,8.67,10.17,0.5,1
58.48,4.58,10.22,25.28,0.2,1
46.56,2.19,16.78,56.75,0.85,0
58.83,5.21,5.2,8.38,1.0,1
16.56,3.1,7.83,18.15,0.2,0
43.98,4.04,16.95,3.02,0.5,0
13.57,5.76,7.0,11.16,0.3,0
35.76,2.86,18.82,19.81,1.0,0
61.0,2.4,11.91,45.84,0.85,0
61.85,3.49,13.0,8.51,0.85,1
38.8,9.33,11.39,3.29,0.2,0
50.97,5.82,13.27,3.3,0.85,1
38.68,3.08,15.91,5.45,1.0,1
38.99,3.27,19.9,65.64,0.5,0
56.99,8.46,4.81,10.75,1.0,0
26.99,2.02,23.01,77.87,0.85,0
59.37,9.23,14.84,61.02,0.2,0
31.37,2.8,9.26,20.76,0.85,1
58.69,9.03,7.74,14.91,0.85,0
59.36,7.29,7.88,10.42,0.2,0
60.76,2.6,10.56,25.01,1.0,1
31.07,6.72,12.24,0.37,0.85,1
49.06,1.73,11.96,31.73,0.2,0
30.34,8.04,5.23,10.53,0.2,1
40.13,2.56,9.78,26.8,1.0,1
27.14,8.05,9.51,16.28,0.2,0
35.61,2.1,4.82,56.17,0.3,0
34.82,2.66,7.56,69.32,1.0,0
58.44,10.42,10.38,39.81,1.0,0
54.89,6.15,17.44,7.5,1.0,0
36.21,2.82,6.83,19.6,0.5,1
47.52,5.49,5.56,7.66,1.0,1
45.32,5.42,3.04,11.09,0.2,1
43.48,4.17,10.58,52.66,0.85,0
33.11,5.4,13.05,51.75,1.0,0
43.14,8.51,4.76,43.51,0.2,0
60.32,7.19,10.75,17.44,0.2,0
41.48,6.29,21.82,24.04,0.2,0
49.41,2.77,11.98,14.35,0.2,1
52.7,2.08,10.48,13.98,1.0,1
37.52,4.56,2.4,14.16,0.2,1
31.12,7.27,24.65,49.33,0.3,0
54.5,1.27,8.52,40.99,0.85,0
26.22,3.62,9.0,37.19,0.5,0
52.37,6.07,14.24,36.72,0.3,1
41.09,9.13,8.46,2.32,0.2,0
49.97,0.87,9.06,22.52,0.85,0
62.03,4.54,14.9,3.39,0.2,1
55.78,3.48,4.98,36.4,0.85,1
41.67,4.78,4.69,5.3,0.85,1
68.6,6.3,6.27,16.86,1.0,1
42.14,1.62,9.6,28.63,0.5,0
47.5,2.69,10.96,39.69,1.0,1
50.57,2.89,14.43,39.47,1.0,1
56.63,3.88,6.93,20.76,0.2,1
51.57,8.25,4.96,18.78,0.3,0
48.16,2.55,7.75,37.14,1.0,1
45.73,3.2,4.38,10.08,0.5,1
36.51,2.04,5.79,18.76,0.3,1
56.06,3.9,2.51,12.21,0.3,1
53.2,4.1,2.64,20.27,0.85,1
41.96,4.29,4.92,50.3,0.5,0
44.48,12.5,6.65,81.8,0.3,0
42.83,7.24,19.78,20.2,0.85,0
33.1,4.65,8.77,3.79,0.85,1
42.61,6.25,3.61,19.39,0.5,1
55.22,3.38,4.57,21.13,0.3,1
44.55,12.5,5.63,58.04,1.0,0
39.89,7.41,17.7,10.06,1.0,1
56.0,6.88,7.08,34.34,0.2,1
31.24,9.29,19.21,4.67,0.85,0
34.48,11.06,2.82,13.58,0.5,0
61.65,2.59,16.11,23.93,1.0,0
31.01,8.71,8.35,21.79,0.85,0
49.16,6.0,17.25,2.35,0.3,0
53.73,5.54,13.07,5.09,0.85,1
53.99,10.34,5.67,0.37,0.2,0
50.44,2.73,7.43,59.17,0.3,0
54.98,4.7,12.43,5.95,0.3,1
41.61,4.35,5.26,31.63,1.0,1
48.05,5.95,11.84,9.39,0.3,1
29.56,6.1,9.98,24.0,0.2,0
34.04,8.53,6.75,12.64,0.2,0
54.06,4.93,11.99,9.88,1.0,1
57.06,10.78,18.8,45.46,0.5,0
40.63,6.31,17.74,66.2,1.0,0
39.9,2.56,9.51,24.35,0.5,1
50.45,3.43,12.69,30.02,0.85,1
42.58,6.87,7.47,52.0,1.0,0
25.9,6.09,5.27,6.01,0.2,0
34.52,5.9,11.35,5.82,0.85,1
34.25,11.62,5.93,9.78,0.2,0
50.82,8.06,5.9,32.54,0.2,0
58.9,3.83,12.81,12.17,0.5,1
63.24,4.42,16.68,33.61,0.5,0
45.77,3.71,9.16,3.51,0.85,1
53.54,2.91,1.98,15.35,0.85,1
68.47,12.05,12.45,19.97,0.2,0
31.28,6.06,13.28,28.01,0.85,0
54.04,2.32,19.39,24.13,0.85,0
38.5,10.24,9.7,23.48,0.2,0
58.57,3.16,10.15,57.29,0.2,0
47.65,5.49,12.47,23.21,0.3,1
63.94,5.05,9.06,21.44,0.85,1
44.43,1.87,4.88,46.34,0.5,0
37.05,1.32,14.67,19.44,0.3,0
52.7,7.29,11.04,54.65,0.3,0
63.14,9.01,5.97,16.49,0.5,0
26.88,5.68,21.83,18.77,0.3,0
64.22,12.5,15.1,69.29,0.5,0
36.45,3.31,6.86,15.82,0.85,1
46.93,1.56,1.09,20.86,1.0,0
25.66,6.16,20.96,45.86,0.85,0
61.35,2.69,3.25,67.92,0.5,0
50.48,4.68,6.61,4.38,0.85,1
42.59,8.15,4.54,40.68,0.85,1
49.81,3.55,17.28,4.99,0.2,0
58.97,4.69,6.68,46.0,0.5,0
35.72,8.79,5.84,33.66,0.2,0
59.98,4.35,8.31,67.04,0.85,0
53.95,6.16,27.65,28.24,1.0,0
55.91,6.57,9.29,16.42,0.3,1
37.97,4.37,1.58,52.81,0.2,0
35.61,4.45,10.94,22.06,0.2,1
44.04,4.79,9.68,15.88,0.3,1
62.48,3.32,2.72,26.49,0.5,1
50.45,6.0,15.63,63.9,0.85,0
59.29,3.37,2.92,9.56,0.5,1
54.16,3.63,2.37,34.37,0.5,1
51.09,2.72,13.01,17.3,0.5,1
34.57,9.16,8.67,46.93,0.5,0
31.2,2.11,2.23,21.69,0.85,1
33.92,11.77,9.54,47.68,1.0,0
35.81,4.54,7.48,21.94,0.5,1
44.59,3.84,12.92,27.55,0.85,0
38.93,2.72,1.98,25.68,0.85,0
18.27,2.89,6.93,47.32,0.5,0
61.25,3.35,8.81,32.8,0.5,1
24.2,12.5,9.75,24.35,0.85,0
31.2,3.35,12.3,18.92,1.0,1
48.31,6.24,7.19,19.56,0.85,1
47.57,4.24,5.04,5.44,0.2,1
54.23,12.28,7.81,14.72,1.0,0
67.35,5.44,5.96,36.56,0.5,1
43.5,2.34,12.44,13.63,0.2,1
41.78,3.69,2.06,40.27,0.85,1
47.81,12.5,19.84,34.68,0.2,0
56.21,7.42,16.88,47.69,0.85,0
49.38,4.71,6.53,38.01,0.85,1
47.12,2.79,3.25,27.59,0.2,1
45.22,2.98,11.44,18.04,0.2,1
47.04,2.54,20.21,16.93,0.5,0
34.37,1.79,18.92,62.53,0.5,0
25.88,7.17,3.04,13.59,0.85,0
51.72,6.5,7.9,19.67,0.5,1
30.68,5.21,10.36,20.84,0.3,1
36.6,9.81,15.16,27.97,0.85,0
63.14,7.04,8.52,6.62,1.0,1
29.28,2.02,8.59,2.44,0.85,1
40.3,4.83,10.06,9.54,0.2,1
56.81,7.63,20.46,14.43,0.85,0
19.0,4.85,5.81,6.17,0.3,0
36.76,5.11,11.23,15.15,0.2,1
51.99,1.76,21.34,21.9,0.85,0
19.43,3.41,8.31,35.4,0.2,0
46.62,6.27,6.53,3.88,0.85,1
40.47,4.44,6.09,49.2,0.5,0
56.57,1.93,11.35,29.79,0.5,0
52.64,7.57,8.55,30.06,0.3,1
63.26,4.33,15.47,18.72,0.5,1
33.18,5.06,5.6,35.22,0.2,0
33.75,2.04,30.58,10.34,0.2,0
57.93,1.63,17.21,6.12,1.0,0
52.69,5.22,7.05,8.44,0.85,1
47.32,9.18,15.95,7.13,0.2,0
53.28,7.45,32.67,21.24,0.85,0
53.18,6.89,28.19,2.88,0.2,0
37.59,5.47,6.42,49.12,0.85,0
51.49,2.27,9.24,1.79,1.0,1
29.54,1.15,9.09,32.52,0.2,0
29.68,12.5,12.14,5.96,0.2,0
61.97,4.31,2.63,35.37,0.2,1
33.16,3.47,14.89,4.54,0.85,0
52.24,5.01,4.7,33.89,0.85,1
39.18,2.71,8.44,28.38,1.0,1
54.26,3.71,10.43,8.03,0.85,1
41.6,11.62,8.61,30.11,1.0,0
46.82,5.83,2.55,18.78,0.85,1
39.22,6.58,7.16,4.33,0.2,1
48.77,4.53,8.2,16.73,1.0,1
33.39,8.56,8.83,2.81,0.3,0
31.76,8.44,22.79,29.55,0.5,0
34.84,4.25,7.87,1.62,0.5,1
56.21,4.84,10.66,27.8,0.2,1
37.93,9.31,3.45,12.87,0.2,0
58.63,5.0,5.14,48.83,0.5,0
60.09,3.97,2.42,36.93,0.2,1
57.53,4.13,8.63,37.6,0.2,1
53.26,3.69,9.0,24.48,1.0,1
47.86,4.97,18.49,6.57,0.85,0
45.38,3.76,11.96,9.64,0.5,1
49.83,4.96,5.12,5.94,0.2,1
42.53,3.19,2.48,13.77,1.0,1
40.72,5.9,3.4,47.32,1.0,0
50.63,6.37,2.39,34.76,0.85,1
59.07,6.96,21.58,10.84,0.85,0
24.55,6.43,12.31,3.93,0.2,0
62.12,8.21,2.72,14.69,0.5,0
33.77,5.18,4.14,68.7,0.5,0
41.85,4.94,12.43,8.74,0.2,1
55.07,3.44,5.18,42.29,0.3,0
35.62,7.31,9.64,21.53,1.0,1
65.43,3.57,4.01,50.97,0.2,0
50.38,1.58,16.83,30.38,1.0,0
65.14,3.35,9.82,30.98,0.2,1
37.64,7.61,6.23,1.51,1.0,1
41.11,6.81,17.84,25.86,0.5,0
52.12,5.57,9.32,8.83,1.0,1
36.61,12.5,9.62,22.42,1.0,0
51.34,5.91,7.53,20.65,0.5,1
55.63,3.03,3.6,31.21,0.85,1
46.84,2.87,5.04,20.91,0.85,1
35.47,6.42,8.6,49.63,0.5,0
40.59,10.05,12.4,1.08,1.0,0
61.22,4.9,4.85,30.04,0.5,1
33.19,6.01,4.1,6.9,1.0,1
55.91,6.18,9.27,25.46,0.85,1
33.07,12.5,3.65,29.71,0.5,0
61.69,7.96,8.08,45.6,0.85,0
62.12,8.99,9.85,39.09,0.85,0
21.0,2.96,8.81,5.75,0.2,0
29.38,3.56,17.51,65.0,0.85,0
48.86,3.41,2.48,2.04,0.85,1
52.91,4.3,17.6,7.79,0.85,0
41.39,5.11,10.89,10.3,0.5,1
37.57,5.78,4.11,16.06,0.5,1
44.69,4.71,3.22,21.21,1.0,1
25.78,3.36,15.16,7.99,1.0,0
48.77,2.6,1.45,48.04,1.0,0
55.54,6.11,10.16,11.74,1.0,1
20.58,7.07,16.62,11.72,1.0,0
56.81,4.4,19.01,44.53,0.85,0
51.46,1.76,10.77,17.73,0.5,0
65.56,7.92,21.52,13.51,0.3,0
55.75,4.3,11.47,49.77,0.85,0
42.66,2.14,19.33,5.35,0.85,0
33.54,4.87,15.88,25.01,0.5,0
49.9,8.21,1.84,28.43,0.3,0
46.94,3.88,7.65,25.31,0.2,1
33.17,0.92,7.61,35.84,0.3,0
52.52,4.17,6.55,6.0,1.0,1
52.65,3.26,31.86,15.17,1.0,0
60.73,5.35,3.98,9.3,0.2,1
39.05,4.93,5.37,34.15,1.0,1
20.56,3.69,3.06,26.2,1.0,0
53.46,3.57,10.04,23.36,0.3,1
63.33,9.47,15.25,43.58,1.0,0
58.02,6.4,5.13,26.86,0.2,0
45.53,6.3,9.92,20.53,0.5,1
28.67,7.68,4.72,27.87,0.5,0
62.4,4.28,2.4,29.36,1.0,1
60.48,10.78,3.52,73.49,0.2,0
53.52,5.82,7.87,47.34,0.5,0
26.74,5.21,4.87,51.06,0.5,0
56.58,5.78,2.97,19.32,0.2,1
60.47,4.17,7.75,20.0,0.3,1
28.8,3.35,11.53,13.7,0.2,1
26.04,8.62,10.07,32.14,0.85,0
32.39,2.46,9.14,50.48,1.0,0
37.54,2.59,8.47,35.13,0.85,1
23.32,4.61,9.05,32.39,1.0,0
53.25,2.97,16.6,27.85,0.85,0
39.5,1.76,1.61,10.91,1.0,0
51.1,2.54,8.5,0.14,0.2,1
46.71,3.02,16.59,22.12,0.2,0
48.15,5.96,9.29,29.58,0.5,1
54.91,4.42,5.12,60.5,0.85,0
56.86,7.86,5.3,12.22,0.2,1
49.89,2.45,11.09,24.21,0.85,1
50.7,2.71,14.12,4.76,0.2,1
29.23,5.48,15.81,17.01,0.3,0
28.01,3.27,9.08,45.02,1.0,0
57.59,4.05,14.92,28.05,1.0,1
62.48,2.55,5.56,2.87,1.0,1
48.32,2.45,10.03,34.98,0.85,1
60.93,3.2,14.06,50.07,0.2,0
31.65,8.1,18.01,21.61,0.85,0
47.94,2.11,13.95,5.13,0.85,1
49.2,8.6,16.3,27.35,0.85,0
50.11,7.71,16.98,32.3,0.85,0
61.88,3.69,5.78,56.27,0.3,0
46.2,4.92,6.53,19.74,0.5,1
46.74,5.72,14.37,51.01,0.85,0
61.64,6.88,18.95,23.73,1.0,0
41.2,2.71,14.62,24.29,0.3,1
32.96,7.3,5.11,47.37,0.5,0
29.24,5.13,26.4,3.44,0.5,0
56.78,2.82,11.05,54.91,0.85,0
40.74,5.17,8.67,11.1,0.2,1
53.01,2.81,21.55,20.25,0.85,0
19.83,4.82,17.33,48.41,0.2,0
39.77,3.78,10.33,8.76,0.3,1
62.78,5.31,7.08,9.35,1.0,1
31.72,5.48,8.53,31.73,0.2,0
30.0,9.21,9.72,56.22,1.0,0
51.56,6.67,10.57,3.98,0.2,1
25.81,6.06,12.27,11.71,0.2,0
30.95,1.69,10.37,46.99,0.2,0
49.27,7.97,16.39,31.66,0.5,0
64.04,3.87,3.15,25.78,0.2,0
39.93,2.56,20.1,8.49,0.5,0
40.91,12.5,4.68,20.58,0.85,0
50.7,3.27,5.94,13.72,0.3,1
58.33,9.72,15.43,33.37,0.3,0
48.5,5.75,7.75,5.1,0.3,0
51.62,6.43,10.43,37.35,1.0,1
47.09,4.85,10.33,52.17,0.2,0
54.21,2.87,3.71,66.12,0.85,0
33.0,7.08,7.59,32.58,0.85,1
59.71,5.54,17.96,19.39,1.0,0
55.0,5.49,2.3,39.5,0.85,1
46.77,5.08,12.27,14.23,1.0,1
50.68,4.23,8.93,4.98,1.0,1
35.95,7.11,1.47,21.77,1.0,0
63.92,6.34,8.7,30.32,0.2,1
41.12,7.52,7.43,56.5,0.85,0
59.9,4.33,11.07,1.38,0.2,1
49.21,4.14,4.83,0.3,0.5,1
45.45,3.6,7.04,36.95,0.85,1
53.54,5.16,10.41,34.39,0.5,1
44.8,1.74,13.35,1.52,1.0,0
32.41,12.5,5.97,8.3,1.0,0
59.8,3.39,12.54,2.83,0.5,1
49.54,9.04,8.47,18.95,0.2,0
47.84,3.82,9.21,59.39,1.0,0
41.72,6.62,9.58,6.44,0.3,1
26.91,11.27,4.38,36.34,0.5,0
20.38,6.43,5.96,38.67,0.5,0
23.83,10.93,14.1,12.08,0.5,0
44.33,8.77,8.07,4.18,1.0,0
38.47,2.76,7.02,38.44,0.3,1
51.54,7.14,3.07,20.06,0.2,1
36.35,5.9,4.49,14.44,1.0,1
31.9,3.23,9.68,17.19,0.5,1
16.32,8.38,8.7,44.19,1.0,0
26.02,2.4,23.02,2.62,0.2,0
42.77,8.1,4.49,31.34,0.3,1
49.65,7.19,5.02,6.71,0.5,1
40.44,5.22,12.03,22.98,0.85,1
61.32,3.48,7.51,11.65,0.85,1
46.9,7.09,6.18,29.33,0.5,1
41.69,1.42,2.24,1.71,0.2,0
13.94,3.11,11.29,7.42,0.2,0
59.03,4.89,16.07,12.7,0.85,0
34.78,5.22,23.53,18.81,1.0,0
45.24,3.15,8.34,42.54,0.85,0
49.14,3.2,10.95,23.49,1.0,1
51.07,6.54,4.76,9.8,0.3,1
55.92,2.8,13.5,26.05,0.3,1
44.15,4.01,6.39,31.71,0.85,1
42.09,2.4,15.83,37.05,0.5,1
33.81,5.03,15.41,13.49,0.5,1
32.74,4.37,3.1,40.7,0.2,1
36.2,1.34,11.11,36.06,1.0,0
54.18,2.11,15.29,1.65,0.2,0
51.27,9.34,9.34,36.01,0.85,0
35.21,3.31,12.5,30.49,0.5,1
53.92,5.99,5.04,0.55,0.5,1
46.14,2.69,10.89,80.27,0.85,0
47.44,10.06,10.55,31.52,0.5,0
41.01,1.67,5.81,19.49,0.5,0
34.42,8.86,18.59,26.3,0.2,0
32.41,5.21,7.95,7.69,0.5,1
27.95,6.99,12.3,29.04,0.3,0
60.15,9.41,2.9,42.4,0.3,0
42.27,5.64,1.0,43.79,0.5,0
61.74,11.44,19.96,53.45,0.85,0
45.66,9.33,12.51,21.59,1.0,0
68.31,6.87,4.04,32.34,1.0,1
44.35,8.56,9.71,11.86,1.0,0
31.85,4.94,3.18,32.23,0.85,1
54.24,2.88,13.81,61.41,0.2,0
67.23,12.5,7.2,12.12,0.5,0
38.01,5.12,1.91,2.3,0.2,1
29.77,5.78,1.48,24.05,1.0,0
53.63,2.18,5.41,11.76,0.5,1
25.54,9.72,4.6,7.04,1.0,0
48.6,5.7,28.26,31.63,0.3,0
42.51,6.53,20.42,24.52,0.85,0
20.78,7.01,16.7,8.22,0.5,0
48.52,3.25,7.35,13.21,0.2,1
44.32,9.58,1.15,31.84,0.85,0
58.95,6.03,7.4,22.25,0.85,1
43.63,1.4,13.53,15.75,0.5,0
35.98,8.58,3.19,11.43,0.3,0
41.96,4.68,4.6,21.24,0.85,1
41.89,3.46,5.73,9.56,0.85,1
36.57,1.79,2.52,73.41,0.2,0
34.24,4.01,6.98,17.42,1.0,1
57.51,3.76,6.85,15.06,0.5,1
46.86,9.07,8.48,20.86,0.85,0
50.37,3.59,2.15,20.8,0.85,1
17.52,2.03,5.07,15.45,0.2,0
33.73,6.57,9.04,5.07,0.85,1
44.83,9.31,14.97,26.61,0.5,0
29.27,4.16,2.96,1.4,0.85,1
68.14,12.5,3.15,16.06,0.2,0
20.87,8.52,2.7,36.18,0.5,0
36.95,9.74,8.88,17.12,0.85,0
63.2,6.47,4.5,77.53,1.0,0
25.95,6.09,7.17,29.62,0.5,0
20.76,3.5,7.44,20.5,0.2,0
56.22,11.15,3.32,15.66,0.85,0
49.24,10.19,20.56,7.29,0.5,0
36.83,11.28,10.75,10.23,0.85,0
28.32,4.95,13.14,41.56,0.2,0
66.24,4.2,11.56,0.77,1.0,1
39.19,7.46,8.22,29.56,0.2,0
39.73,3.87,20.12,16.53,0.5,0
43.88,4.98,6.7,51.71,0.2,0
54.67,1.51,19.86,49.17,0.2,0
37.87,5.8,10.91,7.31,0.3,1
41.75,6.86,8.15,8.88,0.85,1
50.22,9.86,11.77,23.18,0.85,0
44.18,7.61,15.16,14.39,0.85,1
53.64,8.29,18.73,18.09,1.0,0
40.88,12.18,10.72,16.03,0.3,0
56.7,3.14,11.8,49.47,0.85,0
39.99,2.82,20.48,25.52,1.0,0
22.58,5.59,9.18,54.31,1.0,0
50.56,2.62,16.59,26.58,0.85,0
66.21,6.01,9.54,6.34,0.2,1
38.19,2.68,15.27,37.17,0.85,1
58.73,3.01,10.27,3.88,0.5,1
46.01,1.8,5.31,33.65,1.0,1
32.72,5.75,4.68,25.36,0.2,1
35.19,2.25,6.45,13.93,0.2,1
58.47,6.63,5.77,5.93,0.2,1
41.0,7.22,7.61,21.72,1.0,1
26.37,3.35,12.13,29.18,0.5,0
24.11,7.75,16.09,39.76,1.0,0
32.6,7.3,4.18,13.09,0.85,1
49.49,8.76,9.97,8.89,0.85,0
46.11,3.18,11.5,50.27,0.2,0
38.27,3.11,9.56,42.92,1.0,0
36.54,7.02,2.48,21.22,1.0,1
43.78,5.54,11.13,33.58,0.2,1
46.84,5.83,6.56,9.09,0.85,1
41.41,10.03,5.32,32.31,0.2,0
37.5,2.04,8.19,45.77,0.2,0
45.54,8.03,12.46,62.15,0.5,0
59.1,7.3,9.68,13.06,0.5,1
29.48,6.87,5.55,43.14,0.5,0
36.3,8.4,4.24,11.52,0.2,0
45.56,4.56,6.87,10.56,0.2,1
40.95,2.57,1.7,9.18,0.85,1
34.64,3.59,16.75,8.68,0.3,0
27.41,3.33,6.09,42.48,0.85,0
44.63,0.81,16.95,34.05,0.5,0
41.26,6.87,12.57,32.77,0.85,1
40.07,4.23,19.75,15.12,1.0,0
52.65,4.61,10.14,71.41,0.5,0
68.68,3.71,13.5,6.77,0.5,0
53.26,4.99,4.37,43.61,0.2,0
45.7,10.81,11.63,18.38,0.2,0
54.28,1.78,9.57,18.54,1.0,0
31.17,11.84,8.61,52.4,1.0,0
26.39,5.72,5.2,53.38,1.0,0
39.35,3.85,11.98,20.66,0.5,1
55.17,4.12,9.23,20.89,1.0,1
45.26,2.98,16.09,0.53,0.85,0
48.28,1.4,3.02,75.91,0.5,0
36.02,2.69,2.5,11.1,1.0,1
41.32,5.01,3.19,46.35,0.5,0
46.54,4.39,6.44,27.57,0.5,1
45.89,6.42,14.54,38.74,1.0,0
33.47,3.73,9.88,47.46,1.0,0
33.86,3.45,10.6,19.23,0.85,1
66.81,12.5,9.74,41.69,0.85,0
46.73,3.03,10.33,5.09,1.0,1
34.2,3.14,1.03,34.15,0.3,1
43.58,8.33,12.29,20.79,1.0,0
42.09,7.29,14.09,26.75,1.0,0
25.81,4.01,22.36,15.03,0.2,0
41.18,7.6,11.75,34.07,0.2,1
18.21,5.33,9.38,12.17,1.0,0
61.16,3.76,9.37,0.34,0.5,1
20.3,7.03,6.57,15.06,1.0,0
50.01,5.05,8.59,26.67,0.2,1
32.35,1.46,1.89,26.64,1.0,0
69.63,7.03,21.94,4.91,0.3,0
47.46,4.66,3.0,18.5,1.0,0
52.38,10.36,4.22,0.21,0.85,0
42.51,7.79,9.14,2.97,1.0,1
40.82,5.56,7.99,67.53,0.85,0
63.6,4.07,16.45,28.75,0.5,0
61.11,4.98,6.28,29.28,0.5,1
52.18,2.94,12.56,11.42,1.0,1
34.6,5.56,7.89,41.65,1.0,1
45.36,10.77,7.33,73.23,0.2,0
35.68,12.5,4.93,5.46,0.85,0
39.33,9.16,14.67,9.94,0.2,0
45.82,5.39,4.74,16.82,0.5,1
41.41,2.03,1.0,5.05,0.3,1
39.38,4.81,15.12,33.29,0.2,1
59.24,8.05,4.95,7.79,1.0,0
51.71,7.59,4.02,19.86,0.5,1
41.59,4.56,4.76,12.79,0.2,1
35.31,4.36,19.42,42.22,0.2,0
56.69,6.15,11.68,18.69,0.3,1
62.45,5.14,12.02,11.06,0.3,1
57.02,4.8,4.05,25.38,1.0,1
52.69,4.67,10.71,20.65,0.5,1
48.94,9.82,16.07,4.74,0.85,0
65.07,2.71,11.83,7.2,0.2,1
31.73,4.22,2.7,15.78,0.5,1
53.52,4.36,8.03,5.56,0.3,1
28.22,5.47,12.41,47.28,1.0,0
49.55,5.06,3.02,76.19,0.2,0
44.44,4.88,7.02,15.09,0.85,1
33.52,2.81,12.45,32.44,1.0,1
32.95,5.05,15.32,17.77,0.5,0
47.77,6.94,11.1,31.33,0.85,0
63.04,5.57,15.34,10.38,0.5,0
43.56,2.68,11.38,8.33,0.85,1
23.34,5.28,19.06,36.64,0.2,0
46.61,5.1,1.01,12.88,0.2,1
39.14,4.13,6.88,22.9,0.3,1
34.07,5.6,2.44,54.75,0.85,0
22.47,3.51,7.29,44.43,0.2,0
24.21,7.1,5.47,5.75,0.5,0
64.63,12.2,5.45,11.52,1.0,0
34.96,7.42,6.04,7.73,0.5,1
58.65,3.19,6.05,45.98,0.85,0
60.7,6.89,10.18,10.17,1.0,1
51.91,7.8,11.29,5.96,0.85,1
49.01,6.1,5.63,32.08,0.3,1
30.49,6.43,3.88,4.87,0.85,1
55.99,4.8,7.8,7.09,0.2,1
38.23,2.43,6.17,20.39,0.3,1
25.93,4.63,18.37,8.31,1.0,0
53.89,2.92,14.28,16.38,1.0,1
54.77,4.41,16.88,30.29,0.5,0
48.95,3.69,3.21,12.84,0.85,1
45.42,2.81,7.34,0.92,0.2,0
61.29,9.62,15.66,24.72,0.2,0
30.26,5.0,4.41,61.58,0.5,0
35.62,3.76,13.86,34.43,0.85,1
38.15,0.8,16.47,4.7,1.0,0
32.05,1.84,5.84,34.43,0.85,1
47.88,7.59,21.76,7.71,1.0,0
50.56,5.67,15.3,5.79,0.2,1
41.46,12.5,4.3,10.51,1.0,0
30.7,3.35,10.07,8.57,0.5,1
29.8,9.22,5.22,17.7,0.85,0
36.45,4.63,8.43,9.54,0.3,1
63.41,3.01,9.12,12.02,0.5,1
48.41,4.0,11.67,62.22,0.2,0
19.84,5.33,10.72,36.9,0.85,0
40.94,3.76,6.95,21.06,1.0,1
34.81,2.48,9.44,10.98,0.5,1
45.87,2.95,2.73,30.35,0.3,1
62.31,6.58,9.85,41.33,0.5,1
19.39,2.73,23.02,38.07,0.2,0
47.48,3.49,9.93,7.68,0.85,1
66.25,2.79,16.34,39.51,0.3,0
36.66,5.74,16.33,15.4,0.5,0
34.48,12.5,20.66,11.58,0.2,0
59.01,6.44,2.53,32.57,0.85,0
65.36,3.26,11.16,5.93,0.5,1
60.43,5.74,18.31,18.43,0.85,0
51.52,3.37,14.09,8.0,0.2,1
42.48,5.46,8.23,7.0,0.2,1
24.2,10.22,5.78,75.2,0.2,0
38.79,4.86,6.83,39.15,1.0,1
52.09,5.95,3.55,39.83,0.2,1
50.41,4.97,4.93,1.95,0.85,1
54.91,7.94,12.45,5.74,0.3,1
52.25,7.0,4.38,31.7,0.2,1
41.65,4.1,15.19,26.73,0.85,1
56.74,7.0,5.57,31.6,0.2,1
43.13,5.48,7.68,56.24,0.3,0
27.4,3.92,6.2,22.27,0.85,0
50.53,3.96,6.58,80.85,1.0,0
47.28,5.4,14.62,65.01,0.85,0
54.45,5.91,12.62,14.65,0.85,1
34.75,4.56,7.39,22.17,0.3,1
62.38,5.98,7.02,69.59,1.0,0
52.09,3.21,11.67,24.77,0.5,0
36.56,2.66,12.02,17.32,0.5,0
39.64,2.01,2.02,0.84,0.3,1
43.04,6.52,5.01,15.14,1.0,1
35.87,1.9,10.2,28.54,0.85,0
55.97,5.95,10.29,9.82,0.85,1
45.28,3.79,4.69,36.5,0.2,1
35.52,4.18,2.48,46.17,1.0,0
53.87,4.21,23.43,9.61,1.0,0
35.41,12.5,3.62,22.83,0.85,0
33.58,3.54,16.42,46.26,0.85,0
17.25,2.9,6.89,45.04,0.85,0
66.8,11.85,15.78,4.96,0.85,0
41.59,2.14,10.89,8.96,0.85,1
42.46,2.46,2.1,10.01,0.2,1
48.27,7.66,18.0,9.4,1.0,0
22.79,6.06,13.64,50.6,1.0,0
52.3,3.95,8.46,9.34,0.85,1
44.41,2.7,10.39,13.39,0.5,1
47.92,1.35,6.6,2.16,0.5,0
34.64,10.51,3.94,30.6,0.85,0
24.9,7.01,2.29,36.7,0.3,0
65.09,9.92,9.57,39.06,0.5,0
55.35,8.4,4.47,1.06,1.0,0
23.33,6.22,6.96,3.08,0.5,0
18.06,3.49,6.24,0.95,0.5,0
29.21,2.71,7.23,11.51,0.5,1
48.07,8.83,4.33,32.56,0.3,0
35.66,3.8,13.93,27.01,0.85,1
56.82,2.8,12.86,18.98,0.85,1
65.26,3.35,14.81,46.89,0.85,0
46.82,9.11,8.79,16.61,0.5,0
55.88,2.97,12.26,50.2,0.5,0
57.43,3.96,3.76,11.6,1.0,1
33.78,4.63,10.32,5.09,0.85,1
32.76,5.56,19.18,28.67,0.85,0
23.42,2.83,6.3,58.9,0.85,0
46.99,4.55,10.68,44.49,0.85,0
49.6,7.74,5.08,15.34,0.3,1
34.36,12.5,6.18,33.27,1.0,0
50.48,2.54,20.48,3.6,0.5,0
51.97,2.78,2.95,40.43,1.0,1
35.34,3.03,13.64,9.4,0.2,1
58.25,6.77,16.51,5.6,1.0,0
30.82,2.65,10.46,19.69,1.0,0
54.48,4.46,1.15,5.18,1.0,1
36.96,4.21,13.37,57.77,0.85,0
49.91,12.5,7.56,62.54,0.5,0
50.5,3.53,13.56,39.53,0.85,1
66.82,3.41,3.65,12.55,0.2,1
43.15,6.77,10.78,3.67,0.85,1
23.43,5.73,7.2,43.65,0.85,0
41.78,3.28,1.01,55.06,0.5,0
39.53,9.44,9.43,11.94,0.85,0
47.3,2.1,10.36,36.58,0.2,0
35.81,4.71,18.72,11.41,0.85,0
43.73,4.06,18.54,1.32,1.0,0
52.77,4.49,12.18,2.94,0.5,1
44.01,3.26,7.28,8.53,0.5,1
23.04,4.54,1.56,18.98,0.85,0
42.37,5.39,12.51,48.6,1.0,0
45.19,1.0,7.55,17.15,0.2,0
62.73,3.71,6.32,18.51,0.5,1
37.8,3.04,6.77,46.51,1.0,0
40.92,11.45,2.74,32.59,0.5,0
43.43,6.11,4.64,9.64,0.2,1
59.11,2.94,12.4,64.46,0.85,0
39.46,3.6,6.88,21.24,0.2,1
59.85,4.15,2.19,25.4,0.2,1
39.26,3.56,6.15,11.65,0.5,1
25.15,6.35,16.92,15.75,0.3,0
46.49,10.44,17.31,45.56,0.85,0
45.45,0.8,13.29,16.44,1.0,0
49.12,4.01,2.91,36.74,0.85,1
48.93,12.5,18.49,14.77,0.3,0
40.64,4.1,17.05,39.24,0.2,0
41.8,5.56,3.84,25.21,0.2,1
30.3,1.18,7.79,14.83,0.85,0
54.0,9.38,9.2,1.1,0.5,0
39.46,2.51,1.0,48.14,0.5,0
34.7,6.03,6.1,25.78,0.3,1
54.07,2.79,5.89,21.46,0.5,1
45.24,0.8,9.48,1.6,0.5,0
54.03,5.74,1.0,20.98,0.2,1
40.46,7.09,8.26,28.58,1.0,1
54.72,4.63,6.62,21.39,0.2,1
45.87,2.33,9.82,7.24,0.85,1
53.81,12.5,7.21,55.78,0.5,0
36.77,6.95,4.39,35.69,0.85,1
49.43,5.27,13.51,22.74,0.85,1
40.43,8.6,3.3,18.1,1.0,0
43.5,3.56,9.94,8.43,0.85,1
20.43,12.04,4.16,1.78,0.3,0
41.41,7.02,14.34,41.41,0.85,1
28.88,8.17,8.57,29.9,0.3,1
37.0,3.96,12.09,16.58,0.85,1
26.61,2.47,5.65,21.12,1.0,0
60.86,5.31,2.82,47.93,0.2,0
35.99,3.65,6.91,37.33,0.85,1
46.44,12.5,7.94,70.1,0.85,0
61.32,2.06,13.34,26.96,1.0,1
50.26,9.81,5.8,14.92,0.2,0
18.36,1.65,18.22,9.14,1.0,0
50.87,2.79,18.49,21.82,0.3,0
27.18,1.62,6.75,7.5,1.0,0
66.81,3.56,5.23,30.74,0.5,1
44.99,4.27,13.51,46.24,0.5,0
57.91,3.3,8.64,20.66,0.85,0
61.83,6.03,8.91,68.38,0.2,0
46.49,4.29,14.1,7.81,0.2,1
54.85,1.21,7.98,7.68,0.2,0
63.52,2.7,8.97,7.85,0.3,1
26.02,3.94,13.73,33.3,1.0,0
36.59,8.4,5.22,13.37,1.0,0
47.43,5.13,18.53,28.8,0.5,0
51.52,3.67,10.76,25.53,0.85,1
30.56,1.91,11.44,14.24,1.0,1
31.22,5.25,20.93,23.07,0.85,0
46.0,9.44,2.56,37.87,1.0,0
53.69,4.04,5.26,15.23,0.5,1
44.51,2.86,11.05,1.51,0.85,1
30.96,6.52,3.64,17.99,1.0,1
37.29,8.58,7.55,26.85,0.5,0
24.64,4.35,10.59,50.08,0.2,0
43.44,6.93,4.0,14.46,1.0,1
37.42,3.78,7.15,24.09,0.85,1
56.59,7.1,9.49,8.92,0.85,1
38.13,9.69,13.05,6.3,0.5,0
25.15,7.66,2.02,28.8,0.2,0
52.83,6.38,4.36,19.35,0.85,1
67.99,11.38,7.0,19.35,0.2,0
44.95,4.15,2.41,28.21,0.2,1
48.44,6.38,9.11,16.46,0.2,0
38.27,4.23,15.29,60.45,0.5,0
35.75,6.38,10.22,36.15,0.5,1
29.92,6.96,18.75,25.6,1.0,0
57.0,7.93,9.52,28.03,0.2,1
39.12,4.93,9.5,38.28,0.2,1
40.5,1.45,14.9,19.28,1.0,0
26.9,4.28,21.11,28.28,0.5,0
29.44,6.83,17.3,31.86,0.3,0
30.55,5.72,4.24,7.13,0.85,1
57.76,6.17,27.85,31.68,1.0,0
25.33,7.2,6.94,45.13,0.3,0
39.84,2.47,6.66,15.21,0.85,1
52.18,7.39,12.56,7.94,1.0,1
46.0,11.67,8.78,17.33,0.2,0
43.89,3.94,2.94,36.42,0.85,1
44.0,8.01,15.24,0.53,0.5,1
55.67,5.09,16.16,8.3,0.5,0
30.07,6.08,15.54,10.94,0.2,1
28.46,7.61,9.68,0.25,0.2,1
59.82,5.7,6.14,10.59,1.0,1
34.75,3.81,15.85,16.82,0.3,1
45.99,5.84,17.39,40.87,0.5,0
43.17,2.85,18.32,46.36,0.85,0
50.47,1.93,11.75,15.19,0.5,1
32.6,1.07,9.49,14.16,0.2,0
32.99,10.02,1.0,0.27,0.85,0
37.04,6.25,3.58,41.47,0.2,1
36.29,7.0,8.78,2.95,0.85,1
23.24,5.52,12.66,7.36,0.85,0
48.03,1.65,2.11,30.0,0.5,0
26.97,9.66,9.56,33.8,0.85,0
34.35,3.81,8.37,7.91,1.0,1
46.9,1.15,3.9,33.6,1.0,0
35.85,4.25,7.81,56.77,0.5,0
40.79,9.05,6.97,34.87,0.5,0
28.43,2.82,14.78,18.19,0.3,1
60.33,4.04,4.72,19.5,0.85,1
26.12,3.88,24.36,32.3,0.85,0
27.26,2.77,17.59,3.75,0.5,0
34.56,5.14,12.81,27.03,0.5,1
41.65,3.0,14.33,18.63,0.85,1
31.0,9.88,3.09,15.66,0.85,0
43.78,1.84,13.6,14.81,0.2,1
26.45,2.28,4.79,30.18,0.5,0
49.95,4.04,16.86,32.95,0.2,0
41.4,4.82,7.55,7.51,1.0,1
53.41,3.28,11.96,24.67,1.0,1
61.16,7.26,13.69,4.87,0.85,1
41.18,4.36,9.13,28.1,0.3,1
54.59,6.44,7.88,0.61,0.3,1
66.23,9.5,7.85,69.46,0.5,0
34.77,11.18,16.32,43.84,0.85,0
55.93,4.1,22.89,15.88,0.2,0
29.98,5.12,12.28,19.27,1.0,1
39.81,0.8,8.47,11.32,1.0,0
40.46,5.68,5.3,31.42,0.2,1
65.35,4.17,9.07,24.88,0.2,1
35.36,2.67,3.74,52.21,0.85,0
51.5,8.28,16.92,13.05,1.0,0
31.16,2.67,15.2,43.07,0.5,0
59.05,8.71,13.78,50.84,0.2,0
38.75,6.19,3.52,11.06,0.3,1
45.11,5.57,9.3,18.1,1.0,1
44.41,3.15,8.29,3.45,0.5,1
46.49,1.35,5.21,28.33,0.85,0
42.54,8.17,11.52,55.05,0.3,0
47.71,3.12,17.89,56.54,0.2,0
33.01,6.4,10.06,1.15,0.2,1
30.57,6.58,18.24,59.36,1.0,0
27.38,4.87,15.53,25.09,0.5,0
52.03,5.6,7.8,26.68,1.0,1
32.85,6.14,2.14,79.0,0.5,0
45.24,5.35,8.32,34.75,0.5,1
26.59,2.94,8.37,55.23,0.85,0
61.16,1.85,7.27,22.9,0.85,1
67.58,3.29,5.11,75.25,0.2,0
46.36,3.9,8.86,10.29,0.85,1
33.94,9.77,13.36,26.4,1.0,0
18.98,2.34,9.14,65.79,0.3,0
33.49,10.51,6.68,13.18,0.3,0
45.94,12.3,3.7,23.99,0.5,0
56.59,3.36,11.7,48.62,0.85,0
34.73,12.07,16.21,14.57,0.3,0
46.93,4.47,9.05,17.12,0.2,1
37.84,4.07,3.72,34.17,0.5,1
42.73,9.77,5.21,50.89,0.5,0
51.68,5.46,12.38,0.61,0.85,1
34.07,5.03,3.78,27.52,1.0,1
59.93,3.27,9.11,1.65,0.3,1
31.48,3.44,1.6,66.32,0.3,0
23.04,5.13,6.18,15.43,0.85,0
48.14,9.77,4.45,65.96,1.0,0
51.48,2.35,8.05,13.24,0.5,1
38.18,4.61,11.43,1.66,0.2,1
60.08,2.06,7.23,28.43,0.5,1
27.96,3.17,11.63,10.46,0.2,0
43.72,6.9,8.62,62.25,0.2,0
51.7,2.82,13.5,44.33,0.2,0
54.21,8.48,3.79,19.61,0.85,0
29.9,2.81,11.13,17.96,0.5,0
42.44,3.5,16.51,53.51,0.5,0
51.45,1.45,17.73,28.25,0.5,0
27.69,8.49,17.6,43.37,0.2,0
57.39,7.84,18.17,31.38,0.2,0
38.33,2.1,16.94,19.44,0.5,0
33.9,4.09,13.78,7.72,1.0,1
31.41,3.89,4.75,43.92,0.85,0
32.78,3.7,9.0,11.62,1.0,1
46.1,12.35,5.81,2.33,0.2,0
50.27,3.67,6.79,22.71,1.0,1
38.82,2.9,17.11,24.39,1.0,0
51.37,1.56,20.56,5.88,0.85,0
57.34,2.99,3.31,13.11,0.3,1
55.51,9.75,8.69,28.6,0.85,0
30.43,5.43,6.58,28.53,0.3,1
21.16,5.44,6.54,52.71,1.0,0
29.62,3.1,10.14,3.03,0.2,1
39.67,8.95,8.58,3.96,0.5,0
61.45,6.45,29.97,27.21,0.2,0
56.18,3.73,12.31,22.06,0.85,1
65.99,2.65,22.92,12.29,0.85,0
33.3,4.61,3.4,51.19,1.0,0
36.98,2.78,10.05,14.29,0.5,1
58.16,4.32,22.44,49.9,0.2,0
47.0,5.16,6.63,7.8,0.85,1
47.84,3.18,9.28,18.87,0.3,1
39.09,0.97,13.03,46.6,0.3,0
42.63,6.04,13.76,22.83,0.5,1
46.27,3.24,16.06,14.9,0.2,0
49.21,5.14,13.07,17.3,0.85,1
38.63,4.42,23.36,21.17,0.2,0
25.4,11.24,13.03,9.16,0.5,0
54.61,4.84,2.31,37.06,0.2,1
31.14,7.8,12.71,14.18,0.85,1
59.64,3.84,7.14,23.98,0.2,1
36.91,2.81,9.02,29.54,1.0,0
52.45,6.19,8.07,14.56,0.85,1
61.67,3.1,10.05,4.67,1.0,1
58.21,7.07,17.08,7.99,1.0,0
60.41,2.25,4.42,4.72,0.5,1
39.49,5.75,14.03,13.35,0.5,1
23.01,4.76,21.0,11.16,0.85,0
57.13,10.1,11.84,36.98,0.2,0
42.8,6.07,12.96,50.14,0.3,0
22.98,4.46,7.36,20.5,1.0,0
40.62,7.36,9.11,60.51,0.5,0
41.62,0.96,12.92,16.25,0.2,0
39.99,6.48,9.51,53.74,0.85,0
56.52,6.79,1.62,42.41,0.2,0
45.1,7.21,10.92,17.37,0.2,1
31.07,6.94,20.58,12.0,0.5,0
41.76,6.34,12.37,58.6,0.85,0
47.49,3.94,17.18,6.1,0.85,0
19.18,5.22,4.95,5.96,0.5,0
27.39,3.35,9.17,11.82,0.85,0
22.85,2.94,8.04,27.47,0.2,0
32.17,4.04,11.13,9.42,0.5,1
67.44,4.33,3.91,44.61,0.5,0
33.54,5.91,8.1,2.91,0.2,1
24.08,9.28,12.1,17.6,0.5,0
47.76,7.72,9.36,3.32,0.2,1
44.61,5.65,3.58,40.92,0.5,1
48.48,8.68,9.53,52.33,0.85,0
58.68,4.86,12.88,13.29,1.0,1
64.51,6.39,11.55,10.52,0.85,1
45.04,3.95,14.01,32.03,0.2,1
60.1,4.79,6.85,13.8,1.0,1
39.51,4.16,13.87,3.86,0.3,0
61.73,1.75,10.46,26.17,0.2,0
41.48,1.78,12.96,0.37,1.0,0
42.57,2.11,8.35,4.26,1.0,1
40.79,5.68,4.69,59.79,1.0,0
41.39,9.39,25.96,29.24,0.5,0
23.23,8.66,14.6,54.08,0.85,0
57.54,1.71,13.46,30.09,0.85,0
28.72,6.43,18.38,59.31,0.5,0
17.26,3.57,22.65,54.08,0.2,0
52.88,2.88,7.2,6.99,1.0,1
41.47,5.14,2.9,13.55,0.3,1
55.92,3.52,12.14,1.79,0.3,1
30.08,1.99,16.12,10.76,0.2,0
46.56,2.63,12.04,40.25,0.5,1
30.08,3.93,9.79,25.01,0.2,0
58.14,9.22,9.65,30.42,1.0,0
42.39,1.61,3.84,13.85,0.5,0
23.99,2.3,4.97,33.53,0.5,0
58.29,4.12,4.3,16.37,0.2,1
32.57,3.07,7.68,36.56,0.5,1
54.51,6.03,9.39,51.32,1.0,0
46.44,4.19,8.99,79.41,0.2,0
27.43,1.97,5.98,15.76,1.0,0
47.65,3.56,4.68,32.82,1.0,1
67.13,5.25,10.45,2.97,0.85,1
43.34,6.81,6.59,38.51,0.5,0
60.21,2.28,3.03,21.38,0.85,1
45.48,5.44,10.43,33.8,0.5,1
24.5,3.99,14.09,15.18,0.2,0
31.2,8.62,2.26,7.11,0.85,0
54.84,3.59,6.67,19.69,1.0,1
42.81,2.0,4.69,25.11,0.85,1
52.09,3.2,12.11,44.17,0.2,0
57.89,1.29,16.76,13.56,0.85,0
57.75,1.39,4.49,3.48,0.5,0
59.07,1.61,18.8,41.1,0.2,0
31.38,6.05,5.95,4.35,0.5,1
42.81,5.69,4.65,16.65,1.0,1
40.29,6.24,22.76,42.02,0.85,0
53.44,3.37,13.8,91.8,0.5,0
53.95,2.67,6.97,2.87,0.5,1
45.82,12.5,10.03,10.21,0.85,0
51.59,5.09,9.63,20.81,1.0,1
49.96,2.48,3.79,22.57,0.2,1
59.5,9.88,19.53,2.16,0.85,0
22.79,9.13,10.03,7.04,0.3,0
51.13,6.58,12.88,14.56,0.85,1
68.42,4.3,14.24,12.87,1.0,1
39.57,2.9,9.98,8.12,0.2,1
63.98,3.67,6.75,41.61,0.5,1
33.65,8.47,9.57,10.56,0.3,0
30.57,3.12,23.2,66.85,0.5,0
57.1,2.23,14.41,7.78,0.2,1
47.55,6.53,34.23,21.54,0.85,0
35.88,4.61,3.84,29.84,1.0,1
34.1,3.19,3.14,10.78,0.85,1
47.84,3.36,12.32,38.01,1.0,1
59.93,1.18,11.55,45.86,0.3,0
59.02,3.49,6.45,12.76,0.85,1
37.89,8.06,8.06,14.27,0.85,0
35.64,2.69,4.51,2.68,0.5,1
36.41,12.5,7.24,4.4,1.0,0
32.98,4.67,18.87,9.01,0.5,0
31.18,0.8,7.07,26.58,0.2,0
33.36,1.9,4.88,7.73,0.85,1
54.33,0.8,5.71,42.8,0.2,0
48.92,5.35,9.02,23.67,0.3,1
37.85,2.68,8.62,5.7,0.3,1
53.31,6.61,3.07,11.87,0.3,1
42.0,8.77,3.33,77.37,0.85,0
56.99,7.32,5.35,14.64,1.0,1
48.22,7.23,12.81,13.34,0.85,1
51.73,3.67,8.28,62.84,1.0,0
25.88,2.73,3.5,44.91,0.5,0
29.77,6.2,11.85,31.2,0.5,0
56.64,2.86,1.0,74.0,0.85,0
59.26,3.75,10.41,3.14,0.2,1
29.31,2.92,6.84,30.9,0.2,0
51.09,3.13,2.07,27.32,0.85,1
61.75,6.46,3.56,11.34,0.2,1
61.39,3.02,13.16,23.12,0.85,1
16.11,6.53,5.46,17.07,1.0,0
57.6,8.74,5.83,68.71,1.0,0
40.02,3.43,8.79,32.09,0.2,1
59.5,2.43,4.11,46.04,0.5,0
34.47,7.82,21.96,9.28,0.2,0
31.36,5.53,7.3,16.76,0.3,1
60.0,2.97,8.21,54.94,1.0,0
27.08,3.86,2.62,4.11,0.2,0
51.06,5.78,9.82,9.33,1.0,1
34.01,1.74,14.28,3.3,0.85,0
62.44,10.66,7.87,7.36,0.85,0
56.42,7.49,4.26,40.16,1.0,1
48.5,4.72,1.44,37.65,1.0,1
57.78,10.38,6.85,28.26,0.85,0
42.0,9.49,16.05,22.55,0.5,0
60.13,4.2,3.17,30.68,0.5,1
51.25,4.02,20.71,21.84,0.5,0
66.84,4.11,16.48,16.45,0.85,0
29.7,6.31,1.9,34.98,0.5,0
40.63,6.04,2.81,42.71,0.2,0
43.15,1.38,8.2,16.68,0.85,0
19.55,5.82,2.77,25.09,0.85,0
38.82,5.8,20.5,34.93,0.85,0
42.73,0.81,1.36,8.19,0.85,0
43.04,4.14,19.68,14.43,1.0,0
63.36,4.88,11.25,26.22,0.5,0
32.38,1.57,9.64,9.78,0.3,0
53.59,2.19,11.37,14.6,0.3,1
23.81,2.85,3.64,15.53,0.2,0
59.84,6.35,13.19,59.67,1.0,0
32.94,8.96,5.67,15.63,1.0,0
56.9,6.13,13.78,43.66,0.5,0
42.03,5.03,15.02,15.26,0.85,1
38.93,6.86,8.05,1.03,0.85,1
33.27,0.8,8.35,24.54,0.2,0
30.64,8.58,5.01,15.58,0.5,0
31.47,4.37,10.23,0.69,0.3,1
50.4,8.01,2.84,9.16,0.2,1
39.4,6.63,6.09,4.05,0.2,1
35.25,2.97,4.28,7.74,0.2,1
54.83,5.37,16.96,6.4,1.0,0
39.43,3.13,12.22,13.93,1.0,0
53.17,6.01,13.23,64.15,0.85,0
53.03,11.34,14.11,31.23,1.0,0
35.0,6.02,3.77,6.96,1.0,1
52.59,0.85,16.46,3.33,1.0,0
33.39,2.89,11.31,5.04,0.2,1
56.35,7.49,4.77,9.68,1.0,1
44.14,2.79,19.25,4.08,0.2,0
24.3,8.77,8.1,3.65,0.85,0
45.49,2.49,7.02,15.34,0.3,1
60.14,8.16,5.98,7.96,1.0,1
37.95,3.49,11.15,3.41,1.0,0
48.19,6.36,8.28,70.21,1.0,0
62.8,7.53,4.37,2.22,1.0,1
58.58,5.34,13.62,5.42,0.5,1
33.76,3.72,4.14,6.54,0.3,1
58.6,5.45,7.47,4.62,1.0,1
41.09,4.37,9.96,7.76,0.2,1
46.96,4.8,2.03,17.01,0.5,1
54.9,1.74,12.23,1.77,0.3,0
34.55,6.76,2.63,33.63,0.5,1
35.16,5.25,1.66,13.24,1.0,1
48.9,1.46,8.08,10.34,0.3,0
47.58,3.86,8.53,29.46,0.3,1
25.86,1.09,6.52,29.1,1.0,0
43.48,4.86,7.63,28.29,1.0,1
30.9,6.26,2.83,11.52,0.5,1
63.52,3.19,10.82,66.39,0.85,0
47.67,3.06,13.13,54.83,0.85,0
30.14,3.74,4.93,7.45,0.3,1
47.89,3.05,4.47,28.4,1.0,1
60.99,2.72,1.75,18.06,0.85,1
36.59,1.31,8.55,4.1,0.85,0
50.57,2.99,12.03,19.81,0.5,1
39.71,1.78,12.52,37.42,0.5,0
33.63,8.56,1.66,77.84,0.85,0
34.79,9.37,21.97,29.0,0.2,0
37.89,6.06,24.24,19.54,1.0,0
37.84,8.34,15.03,27.03,0.2,0
53.54,2.84,11.96,14.49,0.2,1
37.56,6.23,7.13,5.91,0.2,1
55.31,6.14,7.44,27.17,0.2,1
38.28,5.49,17.81,47.51,0.3,0
36.6,3.68,5.87,1.17,0.85,1
56.59,4.67,16.54,36.98,0.5,0
26.88,5.38,4.02,20.94,0.85,0
55.74,5.31,6.56,5.12,0.85,1
44.62,2.62,7.89,19.25,1.0,1
47.82,9.07,10.79,71.62,0.85,0
36.51,4.88,13.07,17.75,0.5,1
36.26,7.0,3.81,4.85,0.85,1
27.28,3.38,7.58,15.69,0.2,0
23.13,6.01,7.19,1.35,0.5,0
38.18,5.06,6.22,82.38,1.0,0
29.55,2.79,8.28,17.17,0.85,1
67.81,4.71,12.79,26.01,0.2,1
47.95,3.94,9.82,40.71,0.85,1
45.95,4.17,9.04,49.91,0.85,0
46.18,7.66,9.23,31.49,0.2,1
53.47,4.41,12.42,20.48,0.85,1
41.36,7.42,9.79,20.96,0.85,1
20.59,6.32,12.37,7.13,0.85,0
65.22,4.99,9.01,11.52,1.0,1
39.39,7.89,12.05,39.65,0.85,1
41.91,7.56,15.65,33.7,1.0,0
64.26,5.0,2.74,18.84,1.0,1
54.1,5.21,13.24,30.84,0.5,0
44.08,7.94,14.69,8.15,0.85,1
23.41,6.54,13.13,26.44,0.3,0
29.91,9.02,5.23,33.52,0.3,0
26.84,4.36,3.46,78.36,0.85,0
59.39,2.35,18.22,5.88,0.85,0
35.77,3.14,6.77,32.4,0.5,1
32.03,1.39,4.52,13.79,0.2,0
61.48,3.02,11.76,39.49,0.2,0
59.61,6.5,16.28,25.86,1.0,0
63.91,4.4,24.55,19.46,1.0,0
58.2,2.78,9.6,35.95,0.85,1
37.53,3.43,16.67,18.38,0.2,0
34.98,5.5,8.74,4.82,0.2,1
37.12,3.53,9.58,30.16,0.85,1
41.7,4.13,9.97,15.9,0.5,1
41.42,1.81,16.49,35.6,1.0,0
44.94,8.46,5.37,22.84,0.2,0
28.28,9.09,13.12,14.37,0.85,0
26.08,2.87,6.73,15.57,0.85,0
28.59,3.86,3.11,65.37,0.2,0
34.74,1.27,22.89,4.37,0.85,0
45.9,8.1,18.7,10.5,0.5,0
43.48,2.15,9.08,21.59,1.0,1
56.96,4.59,4.07,61.9,1.0,0
44.58,2.53,16.14,3.83,1.0,0
32.8,4.65,7.6,36.57,1.0,1
26.8,7.3,9.16,1.41,0.85,0
49.33,6.3,25.53,42.17,1.0,0
49.76,6.55,8.49,13.18,0.2,1
45.33,2.0,3.97,9.77,0.5,1
40.77,4.53,11.56,3.01,0.2,1
49.97,12.05,9.73,39.54,0.3,0
58.76,5.32,4.5,20.2,0.85,1
51.77,4.74,4.6,34.48,0.5,1
51.3,4.04,18.41,5.61,0.2,0
23.5,5.06,1.85,2.97,0.85,0
55.7,4.64,10.85,31.01,0.5,1
49.67,10.96,14.09,23.51,1.0,0
29.6,7.06,7.21,0.88,0.5,0
27.66,4.34,3.81,27.84,0.2,0
49.21,6.88,18.43,35.74,0.85,0
36.28,3.01,5.66,15.75,0.2,1
44.91,4.6,4.49,29.31,0.2,1
58.31,3.53,2.41,47.3,0.2,0
51.61,6.63,17.23,32.91,0.85,0
22.09,4.42,9.55,22.79,1.0,0
58.42,5.02,7.43,33.21,0.85,1
36.18,4.23,13.6,52.78,0.3,0
43.85,5.63,9.35,25.42,1.0,1
35.64,6.69,6.27,7.93,1.0,1
25.67,9.11,7.41,33.97,0.2,0
60.15,4.01,13.38,37.57,1.0,1
57.48,2.62,5.75,20.82,0.2,1
27.94,5.79,9.51,15.18,0.85,0
35.92,2.22,16.2,56.52,1.0,0
26.18,3.95,16.6,6.3,0.2,0
50.38,1.86,17.23,18.26,0.2,0
33.42,12.5,13.48,13.97,1.0,0
41.42,8.5,9.13,27.45,0.85,0
63.96,8.09,8.97,44.93,0.3,0
27.88,9.35,20.86,13.22,1.0,0
56.48,7.63,13.62,24.32,0.5,1
39.56,5.34,4.96,16.35,1.0,1
36.89,5.42,6.61,37.23,0.85,1
38.82,8.88,6.62,21.02,1.0,0
45.62,9.18,13.72,23.34,0.2,0
36.74,2.76,8.49,40.96,0.85,1
45.45,4.35,12.77,2.55,0.5,1
57.31,4.92,1.96,64.18,1.0,0
47.3,7.75,11.59,5.05,0.2,1
59.27,3.02,6.41,20.83,1.0,1
50.42,2.83,5.06,2.96,1.0,1
43.58,2.11,11.54,33.63,0.5,1
32.4,3.57,3.21,7.1,0.85,1
28.4,3.92,11.55,4.05,0.5,1
38.9,10.23,27.19,52.84,0.5,0
30.12,7.29,18.27,6.03,0.3,0
55.28,7.75,13.51,14.54,1.0,1
62.96,2.57,6.74,20.55,0.5,1
55.34,4.21,6.22,17.12,0.2,1
38.54,6.82,21.89,26.09,0.3,0
57.24,5.12,3.13,12.99,0.5,1
35.65,6.21,4.94,30.92,0.3,1
27.42,2.14,15.06,25.38,0.85,0
32.27,5.01,8.92,19.8,0.5,1
58.89,7.01,17.57,8.51,0.85,0
51.34,2.62,7.18,1.71,0.85,1
37.96,1.55,6.28,11.58,1.0,0
33.19,2.56,10.36,30.77,0.85,1
63.17,8.82,11.94,57.34,1.0,0
31.3,2.32,11.61,12.12,0.2,0
65.56,4.79,5.57,20.6,0.5,1
46.25,1.51,15.57,37.3,0.2,0
45.58,2.83,8.39,11.21,1.0,1
45.43,5.29,2.81,14.91,0.85,1
19.15,4.73,9.73,22.08,0.2,0
45.99,8.1,6.01,28.43,1.0,0
52.76,5.88,10.32,43.01,0.2,0
27.89,2.62,4.56,0.71,0.85,0
68.49,4.17,15.0,22.32,1.0,1
53.18,3.72,4.37,36.56,0.2,1
28.88,1.09,7.85,60.26,0.5,0
37.13,10.37,1.73,6.45,0.85,0
51.96,4.85,11.27,43.13,0.85,0
50.12,5.33,3.02,14.19,0.5,1
30.96,6.71,12.64,42.03,0.2,0
48.99,6.75,11.66,34.87,0.5,1
42.29,7.13,7.82,10.06,0.85,1
53.05,3.83,8.81,5.8,0.3,1
26.06,3.58,15.31,32.09,0.85,0
50.87,8.26,5.59,2.39,0.5,0
59.58,10.5,11.09,12.67,0.85,0
36.28,1.51,10.07,30.53,0.2,0
37.4,8.11,12.68,5.68,0.2,1
58.53,4.18,7.63,7.52,0.2,1
50.05,4.57,16.75,33.0,0.3,0
55.64,0.8,5.31,24.5,0.5,0
26.7,4.79,14.44,12.64,0.85,0
45.6,3.42,10.52,40.21,0.85,1
47.31,1.01,14.31,6.88,0.5,0
32.8,8.69,21.37,23.14,0.85,0
21.32,5.29,1.0,18.92,0.5,0
49.53,5.73,1.54,22.98,0.85,1
62.08,8.65,1.0,26.96,0.85,0
56.38,6.82,6.38,11.71,0.2,1
30.21,2.08,7.49,12.77,0.2,0
52.17,7.64,7.22,6.47,1.0,1
48.79,1.74,2.09,5.54,0.2,0
31.98,6.54,17.6,1.38,0.2,0
55.43,11.65,3.66,16.92,0.5,0
34.47,6.57,9.55,12.38,0.85,0
34.82,3.92,17.71,8.76,0.3,0
26.49,11.44,9.55,7.38,0.85,0
60.41,5.28,7.15,38.62,1.0,1
67.59,2.67,12.28,12.39,0.3,1
45.96,3.26,28.28,19.36,0.85,0
51.27,3.2,10.51,21.86,0.5,1
40.72,12.5,11.22,14.83,1.0,0
51.52,6.51,4.49,16.81,0.5,1
62.43,6.64,5.69,32.31,1.0,1
57.0,6.06,14.19,29.77,0.85,1
43.67,5.5,13.19,19.95,1.0,1
25.08,3.61,5.34,22.62,0.85,0
49.16,2.3,9.06,12.45,0.3,1
58.17,5.77,16.64,26.05,0.3,0
56.25,11.26,4.46,29.68,0.5,0
33.49,5.61,12.68,8.82,0.85,1
31.94,9.12,6.86,49.54,1.0,0
56.87,1.48,2.47,63.05,1.0,0
44.95,5.63,5.93,24.45,0.2,1
55.81,3.47,7.84,55.82,1.0,0
26.9,2.58,13.08,30.98,1.0,0
40.41,10.02,3.63,51.17,0.2,0
38.79,3.74,15.94,21.68,0.85,1
43.42,6.51,6.52,16.27,1.0,1
40.98,4.48,4.02,31.7,0.85,1
36.72,2.07,7.17,32.8,1.0,1
62.96,6.99,18.81,54.93,1.0,0
48.64,3.9,9.91,37.23,0.85,1
61.94,7.55,6.89,34.98,0.85,1
63.69,2.84,7.98,22.93,0.2,0
53.08,3.51,12.94,40.43,0.5,1
27.57,6.38,1.96,2.01,0.5,0
63.95,2.98,20.31,14.93,0.3,0
38.24,6.93,15.2,10.08,0.5,1
34.3,1.28,16.95,37.31,0.5,0
44.33,2.32,11.6,41.46,0.5,0
45.35,4.97,10.33,3.46,0.2,1
65.65,6.65,6.79,4.16,0.5,1
50.26,5.09,6.21,8.53,0.2,1
41.92,6.23,2.94,29.2,0.2,1
37.54,3.76,1.69,6.08,1.0,1
30.3,1.2,2.21,4.18,0.5,0
39.55,4.04,4.47,25.89,1.0,1
45.85,4.09,4.2,22.11,1.0,1
43.23,8.72,13.98,21.41,0.3,0
47.74,6.86,3.24,14.9,0.85,1
43.24,2.45,13.53,23.06,1.0,1
46.06,0.98,8.13,11.27,0.5,0
37.78,4.47,21.04,45.7,1.0,0
33.46,3.46,10.55,9.36,1.0,1
48.28,10.82,9.83,19.87,0.85,0
58.7,8.86,11.18,23.45,0.5,0
30.06,2.07,8.88,26.39,0.3,1
58.14,6.75,10.02,3.7,0.85,1
48.0,6.19,12.31,35.15,0.85,1
45.63,6.06,15.51,2.62,1.0,1
48.93,12.5,18.5,6.42,0.85,0
39.81,4.55,11.98,95.0,0.3,0
28.51,7.19,18.28,9.56,1.0,0
20.49,7.72,9.62,22.66,1.0,0
41.87,5.79,5.31,13.06,0.2,1
36.33,10.74,6.74,13.2,0.85,0
41.52,5.34,16.12,6.52,0.5,0
33.93,7.51,11.19,16.28,0.5,1
28.02,3.19,5.91,18.62,0.85,1
39.79,2.31,10.12,17.54,0.5,1
50.76,6.35,11.54,9.31,0.5,0
50.73,4.68,30.82,23.53,0.5,0
47.6,4.83,9.07,18.43,0.2,1
47.11,3.98,17.54,63.72,0.85,0
45.08,7.42,6.75,9.81,0.5,1
57.74,5.29,11.1,11.35,0.2,1
55.04,12.5,14.14,70.66,0.5,0
30.32,5.19,19.0,33.32,0.85,0
35.71,5.94,8.72,30.04,0.85,0
24.85,7.91,15.86,6.31,0.2,0
55.25,6.33,9.33,58.12,0.5,0
53.23,2.37,11.27,71.25,0.2,0
54.37,4.3,5.39,28.0,0.85,1
46.44,3.06,14.96,57.06,0.85,0
40.88,6.15,21.9,49.45,0.85,0
23.4,5.56,13.81,36.56,1.0,0
47.58,7.65,5.78,44.82,0.2,0
26.05,8.21,2.63,16.49,0.85,0
38.07,3.06,2.31,73.58,0.3,0
47.87,8.12,12.48,37.08,0.85,0
66.48,8.79,14.02,38.78,1.0,0
40.33,2.68,11.57,25.86,0.2,1
31.26,5.95,11.62,11.32,0.85,1
53.64,9.64,18.35,13.21,0.3,0
40.57,4.26,8.2,14.09,0.85,1
16.31,4.84,8.89,9.42,0.3,0
49.26,5.93,5.43,3.76,1.0,0
59.14,0.8,36.0,14.58,1.0,0
56.41,5.23,19.83,12.79,0.5,0
37.0,5.42,5.29,43.88,0.3,0
39.48,6.79,5.19,17.12,0.85,1
31.32,6.93,13.69,0.74,1.0,1
30.28,4.75,4.57,1.12,0.85,1
31.88,11.32,4.81,27.46,1.0,0
44.36,3.06,15.86,65.29,0.5,0
46.85,7.53,10.39,32.27,0.5,1
49.11,1.02,5.93,44.66,0.3,0
61.02,5.03,7.6,19.71,0.2,1
59.84,0.88,4.35,58.22,1.0,0
39.21,5.22,10.37,1.41,0.2,1
31.28,6.28,4.1,14.19,0.2,1
67.76,4.04,6.47,20.6,1.0,1
46.41,4.95,21.97,17.6,0.5,0
30.1,7.2,9.98,15.98,1.0,1
32.87,0.8,6.85,65.53,1.0,0
56.9,3.65,18.69,1.44,0.2,0
35.7,9.8,7.16,23.28,0.2,0
35.26,2.34,12.68,1.61,0.2,1
51.4,3.28,6.6,22.85,1.0,1
46.86,1.25,6.25,31.49,0.5,0
40.95,3.67,8.59,27.44,1.0,1
38.55,4.61,9.81,64.24,1.0,0
35.57,12.5,7.98,37.92,0.2,0
42.17,6.07,15.19,46.39,0.5,0
26.7,3.78,12.05,12.95,0.3,0
18.09,1.76,21.26,11.98,0.3,0
26.41,3.29,7.34,33.54,1.0,0
49.96,2.9,9.58,41.59,1.0,1
23.9,1.09,16.24,9.67,1.0,0
57.53,2.29,5.84,9.57,0.2,1
22.83,3.85,13.17,65.42,0.85,0
41.25,4.19,10.34,53.25,0.2,0
54.29,7.13,10.35,23.92,0.2,1
55.04,10.03,5.68,17.0,0.85,0
35.45,4.13,5.79,18.76,0.5,1
26.95,7.67,19.03,18.58,0.2,0
31.01,3.78,1.88,18.49,0.85,1
31.75,2.75,9.63,14.66,0.2,1
45.77,6.94,12.02,34.72,0.85,1
35.28,3.74,4.5,3.82,0.85,1
56.92,2.98,9.45,7.22,0.3,1
51.51,2.67,17.63,15.2,1.0,0
48.64,1.61,14.59,11.75,0.5,0
45.13,4.94,16.73,15.68,0.85,0
34.97,3.39,7.8,35.7,0.2,0
33.83,7.82,10.75,6.02,0.85,1
38.05,11.42,4.57,40.93,1.0,0
40.09,2.66,16.15,11.2,0.5,0
59.69,1.98,4.04,25.9,0.85,1
26.56,10.19,3.52,1.81,0.2,0
51.07,5.22,14.71,24.39,1.0,1
38.73,5.12,7.0,18.77,0.85,1
35.19,5.77,12.91,10.08,1.0,1
41.36,8.56,22.51,43.58,1.0,0
33.49,8.53,6.78,23.45,0.2,0
49.05,6.77,19.99,19.17,1.0,0
50.47,2.33,5.66,38.19,1.0,1
39.97,1.39,13.72,11.71,0.5,0
35.78,2.34,9.79,57.01,0.85,0
50.41,1.7,13.71,1.53,0.2,0
53.27,7.2,5.37,26.02,0.3,0
53.83,3.25,13.91,6.18,0.5,1
54.44,6.69,12.62,10.25,0.3,1
46.8,4.8,3.23,25.0,1.0,1
69.74,3.22,10.83,11.84,0.85,1
30.78,2.69,7.37,2.73,0.85,1
59.62,3.08,16.47,51.37,1.0,0
35.85,2.0,6.67,14.11,0.3,0
45.66,11.59,12.4,2.11,1.0,0
28.3,4.5,10.38,33.14,0.85,1
41.65,4.8,10.77,23.0,0.85,1
36.19,4.73,3.81,31.62,0.2,1
63.85,7.11,5.34,36.55,0.5,1
33.98,2.91,11.24,13.66,0.3,1
41.68,8.79,1.74,30.4,0.5,0
40.64,3.96,17.39,73.18,0.85,0
52.99,3.87,12.56,11.76,0.2,1
44.05,9.53,2.69,5.09,0.85,0
41.49,2.88,10.24,5.16,0.5,1
64.02,5.96,27.92,48.87,0.5,0
39.66,4.71,2.92,35.75,1.0,1
44.99,3.21,1.37,0.15,0.2,1
35.07,6.49,7.01,32.33,0.2,1
43.91,2.22,8.57,37.86,0.5,1
42.13,3.19,9.83,0.7,0.2,1
69.84,5.02,8.32,14.11,0.5,1
33.35,10.68,11.26,66.76,0.3,0
53.92,10.16,13.78,20.32,0.85,0
34.39,6.01,2.36,22.79,0.5,1
21.86,4.01,7.85,64.67,0.85,0
36.92,1.17,3.95,11.03,0.5,0
51.3,7.71,11.33,65.19,0.2,0
50.16,8.31,11.68,35.12,0.5,0
58.16,5.97,14.71,2.13,0.85,1
50.83,4.12,15.79,36.34,0.2,1
54.57,7.35,28.74,34.47,1.0,0
30.16,4.63,2.52,51.48,0.3,0
52.16,4.32,15.78,21.19,0.85,1
57.83,1.7,19.08,10.49,1.0,0
61.55,7.14,19.52,30.13,1.0,0
37.79,5.13,1.76,19.1,1.0,1
34.47,10.13,11.46,46.2,0.85,0
56.56,3.34,16.05,38.7,1.0,0
35.75,2.77,4.6,39.76,0.2,1
31.8,8.27,10.11,24.46,0.85,0
37.15,9.23,8.43,14.34,0.85,0
56.72,4.79,4.53,24.07,0.2,1
36.01,7.52,7.46,14.86,0.3,1
51.47,3.95,6.23,3.3,0.2,1
59.22,4.07,15.69,31.65,1.0,1
22.07,5.99,12.84,10.04,0.5,0
48.98,4.04,1.0,21.56,0.2,1
41.94,5.5,9.81,3.59,0.85,1
46.43,5.05,1.64,53.74,0.2,0
52.18,2.38,18.53,49.04,1.0,0
24.2,5.48,1.82,8.28,0.2,0
58.06,2.43,4.54,68.14,0.85,0
54.44,7.2,4.82,68.87,0.85,0
36.29,8.34,14.41,22.23,0.2,0
40.83,4.35,8.52,38.91,0.5,1
66.58,10.71,4.28,34.42,1.0,0
44.28,9.14,3.82,31.36,0.3,0
32.56,5.53,7.25,15.68,1.0,1
55.3,4.09,9.98,10.99,0.85,1
47.96,7.96,14.22,26.15,0.85,1
32.93,10.82,13.74,38.92,1.0,0
51.64,5.77,1.85,29.03,0.85,1
25.63,11.76,11.28,35.88,0.2,0
62.64,3.59,1.12,2.08,0.85,1
49.52,6.83,10.01,32.06,0.2,0
39.15,4.77,4.42,14.93,0.2,1
45.81,2.69,16.04,33.11,0.85,0
50.05,3.78,7.35,43.02,0.2,0
37.46,8.32,15.44,5.78,1.0,0
31.02,4.48,18.15,4.44,0.5,0
59.01,3.49,7.57,7.3,0.85,1
50.98,9.38,10.38,18.75,1.0,0
42.13,8.19,19.04,38.47,0.3,0
53.38,3.87,5.44,4.96,1.0,1
55.99,12.07,2.94,26.85,1.0,0
56.77,4.6,9.23,57.59,1.0,0
46.51,5.79,9.72,30.56,0.2,1
57.32,5.02,8.03,21.68,0.85,1
59.42,2.94,21.97,34.17,1.0,0
58.65,4.4,7.87,47.47,0.85,0
32.49,4.73,9.81,8.53,0.2,1
49.92,1.43,2.32,19.86,0.3,0
51.39,5.63,1.96,12.33,0.2,1
31.76,7.65,10.2,4.05,0.5,1
60.15,2.45,18.26,4.34,1.0,0
41.49,6.93,14.91,15.13,1.0,0
48.18,8.55,9.92,32.21,1.0,0
40.4,0.8,8.99,4.28,0.3,0
31.12,4.44,13.5,11.44,0.2,1
60.0,11.96,1.0,44.85,0.5,0
51.18,5.56,7.55,12.86,0.5,1
38.56,1.39,3.11,22.75,0.2,0
41.64,2.17,8.79,22.11,0.2,0
45.25,5.69,13.72,17.91,1.0,1
52.19,6.74,8.71,33.56,1.0,1
44.5,4.96,6.22,16.72,0.2,1
51.4,5.51,8.49,2.89,0.3,1
49.7,5.04,6.93,10.69,0.85,1
63.96,3.3,4.23,49.45,0.3,0
43.58,5.05,13.3,40.7,0.3,1
54.69,1.8,4.77,32.19,0.85,0
58.29,3.98,15.15,22.96,0.2,1
47.62,6.49,11.23,33.31,0.85,1
46.25,2.84,14.71,18.69,0.85,1
27.41,4.18,3.81,12.87,0.2,0
33.84,5.25,7.42,20.46,0.85,1
39.22,11.59,3.67,16.76,0.2,0
59.56,8.16,1.0,9.42,0.85,1
51.09,1.75,13.32,48.32,0.2,0
42.48,12.5,23.12,48.12,0.85,0
35.9,9.72,11.18,59.05,0.5,0
42.53,5.43,3.32,5.22,0.2,1
50.83,7.45,18.17,41.62,0.2,0
57.19,3.08,11.4,67.85,0.85,0
49.9,4.74,15.86,7.18,0.5,1
52.94,2.97,11.6,9.39,0.3,1
47.35,6.7,8.87,35.79,0.5,1
46.48,12.5,2.68,80.81,0.85,0
19.35,3.86,2.75,22.89,0.85,0
42.65,4.46,22.52,7.22,1.0,0
49.23,4.83,3.37,0.87,0.5,1
37.07,3.98,12.51,55.34,0.85,0
44.54,6.49,5.69,13.72,0.85,1
40.08,8.5,22.2,37.54,0.2,0
51.95,3.48,9.09,28.39,0.2,1
13.9,4.8,6.29,13.55,0.5,0
46.4,6.96,6.34,30.09,0.85,1
38.66,2.81,8.05,16.55,0.5,1
49.05,2.27,1.06,10.05,0.85,1
47.13,3.44,6.89,48.66,1.0,0
53.64,7.15,4.59,12.88,0.2,1
20.95,2.73,24.35,23.1,0.5,0
35.22,3.58,6.57,9.35,0.5,1
44.58,4.82,4.34,16.31,1.0,1
48.15,5.27,22.63,19.45,0.2,0
34.92,4.46,3.27,46.59,1.0,0
47.41,4.88,12.16,19.59,0.2,1
33.74,1.9,3.19,40.93,0.3,0
69.84,3.36,1.0,39.6,1.0,1
45.27,7.44,13.77,12.33,1.0,1
63.23,3.2,1.94,31.64,0.85,1
27.2,5.35,7.83,0.15,0.5,0
44.68,5.07,12.66,54.9,0.2,0
46.39,7.03,11.86,24.34,0.85,0
38.63,7.58,1.47,9.95,0.5,1
46.78,8.7,1.52,18.78,0.3,0
21.29,10.1,7.07,12.4,0.85,0
45.42,2.75,16.49,18.78,0.5,0
41.4,1.22,17.54,29.06,1.0,0
39.02,3.86,8.8,32.38,1.0,1
47.88,2.62,4.23,4.84,0.5,1
33.05,2.98,13.03,31.47,0.3,1
41.12,6.35,6.54,20.85,0.5,1
34.55,8.43,22.79,42.3,0.85,0
33.03,5.43,13.84,27.27,1.0,1
56.0,3.28,3.1,10.51,0.5,1
44.2,5.58,14.04,5.82,0.5,1
51.33,7.16,15.48,40.99,0.5,0
36.12,1.91,7.48,21.4,0.85,1
45.24,4.02,3.64,6.46,0.5,1
54.17,4.22,9.32,7.58,0.85,0
21.66,4.39,13.31,44.31,0.85,0
34.87,2.85,29.83,39.86,0.2,0
44.03,5.65,17.75,1.68,0.5,0
39.92,5.94,18.24,2.99,0.2,0
64.63,2.71,13.15,17.26,0.5,1
38.3,9.51,13.77,2.92,0.5,0
43.55,2.31,7.06,27.37,1.0,1
65.25,3.21,3.64,37.76,0.85,1
28.09,2.17,30.83,30.4,0.5,0
51.5,1.97,1.41,7.54,0.2,1
35.48,5.13,9.31,5.74,0.85,1
31.25,3.2,11.43,4.26,0.85,1
65.93,7.61,9.02,17.66,0.85,1
45.33,2.87,9.1,15.05,0.2,1
63.61,3.23,8.61,9.1,0.85,1
44.52,7.08,10.28,35.57,0.2,0
45.55,2.46,8.49,29.19,0.2,1
23.58,3.65,9.99,19.61,0.85,0
45.23,9.43,2.72,25.75,0.85,0
30.52,0.8,7.48,3.59,0.85,0
58.11,0.8,20.41,21.77,0.2,0
39.14,1.91,9.59,53.83,1.0,0
39.88,10.31,21.58,40.75,0.5,0
48.9,6.0,6.95,59.6,1.0,0
38.36,5.64,2.51,7.73,0.3,1
34.28,1.92,1.23,10.66,0.85,1
44.52,5.02,17.64,69.15,1.0,0
25.59,2.74,6.1,12.1,0.2,0
43.41,7.72,5.67,36.0,0.3,1
32.89,7.91,17.45,6.95,0.85,0
49.98,3.41,4.26,25.29,0.2,1
23.57,6.25,8.09,1.98,0.85,0
45.19,5.79,20.19,8.13,0.2,0
57.02,4.43,11.06,54.39,0.5,0
36.63,2.8,21.37,9.6,0.3,0
40.34,3.67,5.39,25.33,1.0,1
56.05,7.56,6.0,47.86,0.3,0
41.76,9.51,11.76,6.96,0.5,0
66.25,3.86,26.86,14.32,0.2,0
61.73,10.03,11.8,34.29,0.2,0
41.23,6.01,12.65,22.28,0.2,1
30.92,4.52,4.51,18.6,0.85,1
55.93,4.23,14.77,12.97,0.85,1
61.71,2.91,12.53,17.87,0.85,0
48.23,6.49,8.5,9.16,0.2,1
54.74,10.94,10.0,12.07,0.2,0
45.65,4.42,10.86,72.83,0.85,0
48.55,2.59,2.79,30.46,0.5,1
55.96,7.07,21.95,23.51,0.3,0
37.0,3.75,10.65,39.26,0.85,1
21.48,2.89,9.82,58.03,0.5,0
40.35,1.85,9.57,63.27,0.85,0
41.32,6.38,23.28,67.94,0.2,0
49.74,8.7,17.89,19.61,0.3,0
48.78,2.22,5.48,25.36,0.85,1
62.28,3.98,1.72,47.19,0.2,0
48.32,4.19,13.49,16.11,0.5,1
51.04,3.01,5.17,12.03,0.2,1
39.08,9.88,3.89,71.75,0.2,0
54.72,1.8,32.65,4.55,1.0,0
54.77,6.04,7.61,10.68,1.0,1
61.13,6.68,13.04,34.39,0.85,0
32.9,3.0,6.45,17.0,0.5,1
35.6,2.57,1.44,18.62,0.5,1
58.36,3.31,5.21,36.03,1.0,1
25.35,1.39,2.63,19.51,0.2,0
22.59,11.11,3.57,90.05,0.85,0
56.47,3.47,14.27,54.43,0.2,0
60.3,3.75,18.73,13.83,0.3,0
54.61,12.14,21.41,40.49,0.2,0
46.79,1.55,7.55,59.5,0.85,0
38.69,4.39,5.99,23.48,0.5,1
25.85,7.18,14.19,32.65,1.0,0
51.42,11.12,8.51,13.24,1.0,0
43.78,1.69,14.89,15.66,0.2,0
52.86,11.96,15.51,21.08,0.85,0
42.49,3.97,21.3,54.79,0.2,0
39.3,3.99,6.7,9.09,0.2,1
26.8,2.25,5.88,20.25,0.5,0
61.28,4.94,9.59,26.83,1.0,1
39.09,11.99,8.78,49.24,0.2,0
41.08,4.89,20.25,14.7,0.2,0
49.19,2.82,6.63,31.35,0.2,1
41.61,3.18,12.69,24.77,0.85,1
56.34,3.27,7.02,45.09,0.3,0
55.65,10.29,1.1,55.33,0.5,0
59.46,11.52,2.59,16.42,0.3,0
27.69,1.79,3.95,31.03,1.0,0
58.77,2.36,7.68,29.68,0.5,1
55.61,2.54,11.92,36.05,0.5,1
44.87,3.39,7.24,13.72,0.5,0
37.48,12.5,14.66,26.6,1.0,0
43.07,11.86,19.63,34.34,1.0,0
51.81,4.73,18.74,11.98,0.2,0
35.88,3.65,1.44,26.92,0.2,1
40.59,1.15,1.2,13.78,0.85,0
33.57,5.32,13.45,22.52,0.5,0
54.19,4.99,10.88,56.16,0.5,0
32.18,2.19,6.3,18.56,0.3,0
41.52,5.93,18.15,8.09,0.5,0
55.9,7.79,2.06,8.22,0.85,1
42.06,2.17,5.57,9.98,0.5,1
41.51,3.51,5.75,26.83,0.2,1
60.41,7.58,3.23,37.62,0.2,1
66.52,3.07,9.91,8.97,0.2,1
52.55,3.42,4.07,8.79,1.0,1
24.17,3.55,11.48,39.17,0.85,0
50.73,6.09,11.9,8.57,0.2,1
34.23,8.38,11.26,20.45,0.85,0
29.25,10.75,13.08,6.57,0.85,0
33.8,8.05,27.49,16.64,0.85,0
36.4,4.71,14.49,32.87,0.2,0
30.12,6.68,8.4,36.16,0.85,1
30.53,2.08,6.07,5.59,0.5,1
49.28,12.5,5.05,29.29,1.0,0
56.42,2.89,15.48,13.13,0.2,1
39.86,6.41,13.93,0.28,1.0,1
32.33,5.14,3.36,49.68,1.0,0
46.4,1.94,19.76,22.82,0.85,0
56.0,2.9,9.42,33.59,0.85,1
61.4,8.68,3.47,34.34,0.3,0
37.52,4.36,21.7,6.54,1.0,0
51.56,2.61,7.81,15.48,0.85,1
57.84,3.99,8.62,5.76,0.5,1
33.26,2.61,12.04,16.61,0.3,1
44.92,3.39,6.82,23.28,0.85,1
54.37,1.64,1.9,62.35,0.2,0
45.24,4.7,11.57,54.48,0.85,0
41.61,5.11,7.01,35.25,0.3,1
30.09,3.43,10.98,5.44,0.2,0
48.55,8.65,13.58,46.75,0.85,0
45.45,3.55,1.66,25.99,0.5,1
52.87,4.36,11.25,46.09,1.0,0
40.8,3.3,15.04,4.54,0.3,1
29.33,3.75,1.0,39.2,0.2,1
32.39,6.83,6.52,9.04,0.85,0
14.63,2.12,12.01,40.04,0.5,0
46.09,5.9,15.44,54.16,0.85,0
63.89,3.06,12.1,41.84,1.0,1
47.69,2.18,15.1,36.94,0.2,1
56.87,3.82,15.73,22.63,0.85,0
51.51,10.27,14.16,61.43,0.3,0
40.58,6.37,6.47,14.92,0.2,1
54.13,3.77,5.38,3.83,0.2,1
49.2,2.67,8.69,20.55,0.5,1
41.94,11.64,10.07,15.48,0.3,0
38.72,5.48,1.59,49.27,0.2,0
63.34,4.8,17.82,55.77,0.2,0
40.94,6.27,7.2,33.55,0.5,1
49.44,6.64,4.19,39.61,0.3,1
53.38,3.52,4.92,29.83,0.2,1
56.84,7.34,6.34,14.76,0.3,1
27.33,1.88,7.04,5.44,0.3,0
34.41,6.48,18.1,6.64,0.2,0
47.1,3.65,6.95,3.09,0.5,1
31.59,8.8,5.27,81.99,0.2,0
38.24,3.51,7.39,31.27,0.5,0
46.68,7.95,4.45,38.03,0.5,1
62.8,5.57,8.77,63.0,0.2,0
45.29,12.5,18.88,32.14,1.0,0
45.3,7.18,13.15,15.43,0.2,1
29.32,4.86,17.06,57.97,0.85,0
36.28,1.49,23.15,46.08,0.5,0
50.16,8.46,7.35,2.31,0.5,0
46.34,8.76,4.49,21.53,0.3,0
42.85,3.86,11.35,0.7,0.2,1
48.65,3.13,11.63,30.89,0.5,0
52.11,7.5,11.21,9.29,0.85,1
33.57,5.52,13.57,16.11,0.85,1
63.83,4.28,4.81,23.8,0.3,1
51.8,6.1,1.0,6.6,1.0,1
38.8,3.85,8.98,8.03,0.2,1
51.63,8.69,3.96,25.3,0.5,0
48.71,4.03,1.52,11.01,0.5,1
36.1,7.5,8.4,5.8,0.85,1
28.3,4.86,11.81,46.86,0.3,0
49.03,5.73,9.53,14.36,1.0,1
31.04,11.45,1.63,32.03,0.3,0
44.28,3.57,4.69,31.31,0.2,1
49.28,7.24,7.98,20.61,0.3,1
65.94,10.05,14.74,2.12,0.2,0
46.37,7.1,6.14,6.61,0.5,1
30.43,8.95,15.87,32.98,0.5,0
61.83,5.14,15.31,32.94,0.85,0
29.97,6.89,10.88,14.97,0.2,0
50.69,7.93,15.57,0.65,0.85,1
54.84,4.8,11.4,11.03,1.0,1
46.9,12.5,4.62,0.43,0.5,0
48.64,2.89,1.0,31.05,1.0,1
45.92,2.59,10.42,22.35,0.2,1
44.53,10.76,4.86,10.17,0.3,0
58.57,9.84,10.64,34.21,1.0,0
25.95,3.17,5.04,9.82,0.85,0
48.27,8.95,3.63,11.77,0.5,0
26.42,6.13,7.86,24.8,0.3,0
47.31,4.89,13.17,13.72,0.3,1
45.43,3.11,5.3,1.22,0.3,1
37.75,4.5,15.36,20.93,0.5,1
33.83,2.76,17.18,11.42,0.85,0
52.17,4.08,5.59,8.96,1.0,1
43.24,2.71,5.64,5.16,0.5,1
50.29,2.03,6.98,8.73,0.3,1
43.14,9.07,12.42,39.4,0.5,0
45.75,4.35,3.56,13.44,0.3,1
37.56,5.84,14.19,29.1,0.2,1
27.01,3.47,9.22,6.35,1.0,0
59.3,4.23,10.45,25.74,0.5,0
58.91,2.66,14.69,41.83,0.2,0
44.04,10.82,3.16,9.49,0.5,0
35.65,1.14,16.21,16.15,0.85,0
60.41,7.67,19.74,18.92,0.5,0
30.43,3.43,11.93,11.4,0.5,1
57.36,2.65,13.6,0.63,0.5,1
48.82,1.92,3.65,30.42,1.0,1
40.64,5.13,9.23,61.25,0.85,0
61.41,7.16,5.49,23.94,0.5,1
44.42,6.77,14.17,47.36,1.0,0
46.39,3.71,14.17,14.64,0.2,1
50.27,4.21,7.31,1.31,1.0,1
48.32,2.61,12.44,38.04,0.3,1
22.46,2.89,9.27,66.49,0.5,0
27.61,9.06,9.16,11.46,0.2,0
50.09,1.5,11.61,4.33,1.0,0
61.25,1.37,10.26,52.23,0.3,0
57.56,3.17,4.27,47.75,0.85,0
50.63,10.75,10.84,85.97,0.2,0
59.99,4.83,7.98,72.24,0.5,0
41.35,12.5,8.27,38.43,0.2,0
35.84,3.94,14.28,38.43,0.2,1
52.79,6.9,13.22,3.7,0.85,1
31.33,8.41,12.55,49.25,0.5,0
43.99,12.5,15.31,31.46,0.2,0
54.69,3.34,4.76,68.86,0.85,0
22.08,4.8,8.96,6.7,1.0,0
42.7,4.29,21.11,25.03,0.85,0
26.23,7.21,3.17,16.93,0.85,0
60.67,10.13,19.35,20.68,1.0,0
45.73,10.12,3.92,7.6,0.5,0
50.18,3.3,1.89,29.17,0.85,1
42.11,2.89,4.68,12.79,1.0,1
52.67,6.8,8.28,6.77,0.2,1
35.66,2.41,5.8,42.2,0.2,0
42.27,7.3,8.3,9.56,0.2,1
47.19,4.8,8.57,18.67,0.2,1
43.5,9.27,26.5,19.32,0.85,0
40.1,8.49,9.75,25.17,1.0,0
40.08,5.14,13.6,51.2,1.0,0
64.36,2.28,3.03,18.38,0.2,1
22.54,2.4,10.52,48.86,0.3,0
54.24,4.94,5.89,8.69,0.85,1
54.71,6.19,5.7,16.03,0.5,1
52.5,3.98,27.75,20.39,0.5,0
41.78,2.73,6.39,22.8,0.85,1
35.22,4.06,16.4,37.12,0.3,0
46.5,9.31,8.42,15.69,0.2,0
52.85,4.06,7.32,37.53,0.2,1
38.04,3.37,3.86,24.0,0.2,1
44.99,2.36,11.53,12.58,0.2,1
60.05,4.61,9.48,41.89,1.0,0
41.13,8.54,10.79,4.28,0.85,0
37.5,8.76,15.21,27.65,0.2,0
29.45,2.97,14.22,25.0,0.85,1
58.79,5.17,3.17,21.46,0.85,1
50.68,3.14,2.05,19.71,0.3,1
59.51,3.87,9.34,20.15,0.5,1
44.99,4.56,3.59,9.67,0.2,1
37.72,3.58,22.48,3.17,0.3,0
39.9,0.8,11.57,9.53,0.2,0
27.86,10.83,16.55,59.4,0.5,0
24.54,3.35,1.49,17.8,1.0,0
40.78,3.2,8.38,46.41,1.0,0
58.71,2.96,8.42,26.59,0.3,1
58.39,1.83,5.41,52.25,0.5,0
58.53,11.01,2.88,23.36,0.3,0
46.03,4.74,5.91,9.77,0.5,1
38.7,6.23,11.87,9.11,0.5,1
29.62,5.8,1.71,65.67,1.0,0
43.02,3.52,8.96,44.52,1.0,0
39.35,4.73,8.17,3.09,0.2,1
34.16,7.0,5.69,7.33,1.0,1
35.96,1.97,6.17,29.45,0.2,1
52.35,3.83,5.04,17.37,0.2,1
23.41,4.22,11.26,1.79,0.2,0
59.8,3.46,8.56,16.55,0.85,1
34.47,3.42,13.75,28.14,0.5,0
59.47,5.24,12.28,30.76,0.5,0
53.25,9.56,9.74,14.83,0.2,0
44.58,6.07,22.15,71.15,0.85,0
33.23,2.91,7.47,24.66,0.5,1
39.89,12.5,16.54,7.94,0.2,0
49.26,9.6,8.64,0.15,0.5,0
38.08,3.6,5.11,19.7,0.85,1
45.7,9.68,11.09,13.05,0.2,0
46.56,5.31,8.89,37.01,0.85,1
33.89,2.32,6.74,22.15,0.5,1
50.11,9.03,15.63,19.45,1.0,0
44.44,2.91,2.49,20.62,1.0,1
47.42,6.23,6.52,8.56,0.5,1
65.84,5.15,12.79,4.02,1.0,1
27.92,6.51,4.48,10.32,0.85,0
45.61,11.45,8.92,56.1,0.5,0
60.72,4.69,7.06,32.46,0.85,1
48.51,2.3,6.6,9.9,0.3,1
47.36,3.16,7.78,10.2,0.5,1
32.82,2.2,9.56,6.5,0.5,0
33.03,1.78,6.3,20.06,0.3,0
40.69,8.44,7.62,34.57,0.2,0
47.83,5.05,10.85,14.89,0.85,1
33.9,4.39,6.63,20.33,0.2,0
40.5,3.65,16.32,47.15,0.5,0
60.14,7.41,14.4,36.08,0.85,0
52.47,10.27,3.88,3.37,0.85,0
55.22,2.86,15.65,43.53,0.2,0
46.73,6.09,4.49,59.51,0.85,0
51.67,8.13,3.44,16.83,0.5,1
55.32,5.44,23.0,62.29,0.85,0
62.98,7.09,9.71,30.81,0.2,1
44.12,2.29,16.3,1.09,0.3,0
63.88,10.42,5.46,27.12,0.85,0
65.76,7.43,19.85,6.91,0.2,0
59.9,6.43,17.49,8.27,0.85,0
48.9,7.83,9.53,21.13,0.85,0
69.04,4.0,15.47,9.96,0.5,1
57.58,2.55,7.36,9.39,0.85,1
46.27,2.21,10.51,33.52,0.85,1
38.22,2.0,11.57,27.41,0.5,0
45.93,6.05,15.6,20.26,0.3,1
33.66,3.75,11.33,30.84,0.2,1
37.54,10.07,23.26,27.09,0.2,0
37.1,8.98,1.0,45.77,0.5,0
40.29,7.4,15.25,5.35,0.2,1
20.68,6.54,6.19,27.33,0.5,0
62.37,3.15,3.37,28.73,0.85,1
30.11,3.5,5.0,42.13,1.0,0
41.16,3.14,14.24,31.69,0.2,1
55.89,2.5,7.57,54.31,0.5,0
44.04,4.47,11.53,29.51,0.2,1
40.88,8.07,11.44,4.89,0.85,1
33.85,4.31,6.85,20.17,1.0,1
37.68,3.05,9.43,34.18,0.85,1
41.61,4.31,9.08,50.81,0.2,0
37.13,5.22,8.04,39.22,1.0,1
48.88,3.57,5.47,8.13,0.3,1
32.63,4.49,8.42,21.03,0.5,0
39.42,12.5,2.65,79.03,0.5,0
38.31,1.96,12.39,2.11,0.2,1
56.19,1.16,8.86,64.28,0.2,0
53.56,5.02,14.28,1.5,0.3,1
58.66,5.9,5.07,43.04,0.85,0
49.04,4.36,7.57,32.43,1.0,1
32.57,2.64,18.35,41.35,1.0,0
39.24,9.98,9.32,5.49,0.5,0
46.09,4.85,18.05,14.07,0.2,0
36.72,5.14,7.54,39.51,0.2,1
41.94,7.33,18.88,36.26,0.5,0
51.73,4.26,8.88,37.46,0.5,1
53.69,4.04,4.72,56.81,0.5,0
34.88,9.98,9.12,39.82,0.5,0
46.27,1.59,11.61,13.65,0.2,0
49.34,5.73,12.27,35.49,0.85,1
30.71,5.45,9.18,4.9,0.2,1
51.43,3.72,9.04,53.55,1.0,0
35.85,4.37,5.31,14.21,0.2,1
47.13,9.52,2.71,16.18,0.2,0
54.18,2.91,2.28,17.05,0.3,1
34.44,7.08,7.33,30.74,0.85,1
50.06,4.77,5.91,7.63,0.5,1
44.14,6.68,17.28,0.09,0.2,0
36.69,5.95,1.84,9.24,0.85,1
30.57,1.12,14.83,66.38,0.5,0
45.31,2.86,9.14,22.07,0.2,1
53.36,3.13,14.18,16.54,1.0,1
42.21,2.62,4.04,33.74,0.2,1
46.85,3.37,17.48,15.13,0.5,0
56.5,5.14,6.88,22.3,0.85,1
36.95,7.71,23.13,21.04,1.0,0
17.71,2.13,13.51,35.13,0.2,0
68.6,4.81,15.64,1.93,0.3,1
55.27,5.56,1.69,9.54,1.0,1
51.7,8.5,1.0,28.31,0.2,0
60.97,10.59,4.59,4.91,0.5,0
41.55,4.24,12.2,36.08,1.0,0
55.27,2.66,10.65,85.67,0.2,0
30.4,5.77,14.15,4.04,0.2,1
54.73,2.74,14.32,30.09,0.5,0
29.64,5.51,15.01,26.05,1.0,0
54.54,3.04,27.37,24.46,0.5,0
31.72,6.27,11.2,6.79,0.85,1
35.44,3.17,9.05,13.99,0.2,1
42.7,10.07,7.26,52.34,0.2,0
38.05,4.78,21.73,23.8,0.85,0
56.75,1.71,11.31,5.19,0.2,0
57.54,7.83,12.38,43.74,0.85,0
51.04,4.28,12.84,19.8,0.85,1
61.17,6.53,5.97,35.82,0.3,1
63.41,7.91,12.61,23.76,0.5,1
29.06,4.92,5.23,9.79,0.2,1
54.8,2.04,9.29,3.51,1.0,1
56.3,5.18,3.78,37.78,0.2,1
50.65,9.36,9.37,30.01,0.2,0
39.1,4.5,17.36,28.87,0.2,0
40.49,5.96,7.16,10.2,0.3,1
46.04,2.92,8.24,5.21,0.5,1
59.91,1.83,10.73,23.71,0.5,1
51.77,4.33,32.33,9.53,0.2,0
61.69,4.84,18.53,30.17,1.0,0
40.28,8.4,7.71,40.46,0.5,0
41.55,5.02,24.08,30.32,1.0,0
59.48,8.06,13.11,23.77,0.85,0
30.25,3.69,3.27,8.34,0.2,1
53.96,2.01,24.33,54.08,1.0,0
35.02,6.14,12.24,6.66,0.5,1
54.57,9.88,11.13,39.2,0.5,0
54.16,3.4,21.75,6.77,0.2,0
36.66,6.64,9.1,5.34,0.85,1
42.22,6.77,4.61,20.27,0.85,1
39.79,1.84,5.98,22.68,0.2,1
49.07,4.23,10.21,8.65,0.5,1
58.06,6.93,5.13,18.51,0.85,1
40.48,5.76,5.9,1.37,0.2,1
42.68,6.93,18.28,33.68,0.2,0
23.75,6.32,7.67,21.7,0.85,0
30.9,4.53,14.06,25.06,0.3,1
27.56,4.84,8.37,9.79,0.85,0
52.75,8.28,10.65,14.05,0.5,0
36.75,5.17,22.57,1.74,0.2,0
59.42,3.13,1.14,35.16,0.2,1
68.95,4.26,2.6,2.33,0.5,1
38.91,5.95,5.88,7.13,1.0,1
54.32,8.01,9.04,38.26,0.85,1
56.42,1.81,21.31,21.91,1.0,0
33.01,4.14,7.29,0.29,1.0,1
48.37,7.69,7.9,8.26,0.85,1
23.28,2.9,11.31,21.24,0.2,0
41.0,2.91,23.74,32.92,1.0,0
55.6,4.8,5.73,33.75,1.0,1
54.2,1.72,10.98,30.07,0.5,0
44.93,11.28,13.68,64.32,1.0,0
54.34,5.91,4.8,13.42,1.0,1
21.26,6.62,4.88,7.86,1.0,0
44.74,8.59,10.67,54.13,0.2,0
22.75,12.5,13.82,0.54,1.0,0
68.19,4.54,7.14,37.82,1.0,1
41.01,1.8,15.89,5.56,1.0,0
44.68,5.63,8.25,29.0,0.3,1
39.4,3.01,8.72,32.66,1.0,1
26.16,2.35,6.93,22.17,0.85,0
58.0,3.59,5.23,19.5,1.0,1
49.65,4.49,5.44,21.34,0.2,1
44.02,8.67,12.24,0.72,0.2,0
43.38,11.44,7.89,38.08,0.3,0
37.26,2.54,5.93,0.21,0.2,1
31.34,3.74,9.08,9.2,0.85,1
42.82,6.46,1.69,19.52,1.0,1
55.74,6.94,9.15,49.45,0.85,0
28.19,2.72,10.4,14.53,1.0,0
44.98,7.7,19.43,15.46,0.3,0
50.2,3.12,12.0,28.86,0.5,1
38.4,2.66,8.36,32.96,0.85,1
55.76,6.32,9.77,7.0,0.2,1
38.16,8.79,23.77,39.22,0.5,0
64.12,5.63,4.12,15.11,1.0,1
60.86,5.12,11.49,7.87,0.2,1
54.38,4.54,12.86,11.97,1.0,1
55.0,4.97,7.45,21.09,0.2,1
36.73,4.2,5.77,43.23,1.0,0
51.04,6.42,6.16,37.71,0.5,1
54.6,4.97,7.16,22.41,0.3,1
61.87,12.5,5.11,13.01,0.3,0
41.93,5.75,7.44,37.83,0.2,1
31.1,4.2,13.36,49.22,0.85,0
34.07,2.56,10.43,1.2,0.5,1
40.36,2.77,13.16,33.73,0.5,0
59.47,5.88,20.37,9.0,0.5,0
43.93,3.48,5.45,38.93,0.85,1
26.12,5.27,6.63,47.91,0.85,0
41.61,9.06,6.49,56.48,0.5,0
41.47,2.25,11.74,71.21,0.85,0
29.98,4.36,7.67,15.4,0.3,1
51.24,0.93,5.93,16.94,0.2,0
39.96,1.85,10.97,2.34,0.85,1
50.86,5.38,17.9,10.16,0.5,0
20.86,1.98,6.27,30.13,0.85,0
47.25,2.22,12.31,36.04,1.0,1
64.24,10.76,7.75,9.34,0.2,0
40.93,3.28,17.06,9.91,0.2,0
57.31,2.65,10.14,8.74,0.3,1
63.48,9.03,7.49,19.59,0.2,0
41.82,2.64,14.28,3.82,0.85,1
29.46,5.7,9.24,12.36,1.0,1
49.3,5.79,11.64,68.72,0.2,0
67.09,7.43,12.15,25.27,0.5,0
53.99,2.38,19.26,3.23,0.2,0
35.96,2.89,2.53,2.87,1.0,1
58.51,3.3,8.56,22.83,0.2,1
56.56,2.97,9.95,12.95,0.5,1
23.08,7.17,18.08,11.27,0.85,0
44.57,5.8,3.29,0.84,0.5,1
38.05,6.28,5.32,17.45,0.2,1
52.41,1.78,19.29,49.12,1.0,0
63.86,5.3,8.72,29.77,0.85,1
17.81,9.79,11.51,1.44,1.0,0
58.62,12.5,9.77,6.91,0.3,0
64.26,3.63,17.46,28.94,0.85,0
59.95,7.52,2.99,24.37,1.0,1
41.07,2.94,2.15,37.98,1.0,0
48.28,1.83,8.38,26.09,0.85,1
28.57,1.9,17.46,13.66,1.0,0
39.59,9.1,10.5,34.95,0.3,0
56.9,3.78,12.2,52.87,0.5,0
61.84,3.36,17.03,23.75,0.2,0
33.21,7.04,3.93,10.26,0.5,1
37.83,2.17,10.88,40.24,0.85,0
46.09,6.13,4.48,19.52,0.3,1
43.33,4.19,13.99,20.11,0.5,1
53.9,12.5,13.57,17.17,0.2,0
37.67,3.72,2.75,54.23,0.3,0
55.56,4.38,19.79,5.9,0.2,0
46.52,1.89,7.52,44.09,0.2,0
53.51,12.5,3.52,17.71,0.85,0
22.62,3.87,5.32,9.12,0.5,0
54.4,11.03,17.74,37.2,0.2,0
63.34,1.53,8.82,4.79,0.3,0
68.9,5.53,11.74,54.92,1.0,0
60.08,12.5,8.27,4.24,0.2,0
42.3,3.28,3.14,12.2,0.5,1
65.89,5.32,11.29,43.97,0.85,0
52.98,9.26,31.62,7.09,0.85,0
28.43,3.9,9.23,16.12,0.2,1
43.38,1.84,5.1,22.47,0.85,1
27.43,3.57,5.83,27.47,0.3,0
26.36,5.57,5.46,17.05,0.5,0
44.0,5.53,19.84,18.6,0.5,0
27.96,6.83,20.42,43.12,0.85,0
34.33,2.86,6.01,8.93,0.2,1
63.4,12.25,1.0,6.55,1.0,0
33.62,2.92,6.43,10.4,0.2,1
42.27,4.97,9.98,17.33,0.5,1
38.17,5.68,14.81,16.17,0.2,1
51.74,5.38,7.82,64.87,0.2,0
61.83,2.39,8.74,18.71,0.85,1
27.38,9.38,3.62,32.27,0.85,0
44.44,3.47,10.05,30.92,0.2,1
30.95,5.95,10.72,25.47,0.5,1
33.56,5.3,3.82,10.67,0.5,0
50.83,5.28,6.44,77.89,1.0,0
35.65,1.74,6.0,16.41,0.3,0
65.23,3.3,16.85,3.27,1.0,0
34.49,5.92,10.04,8.24,0.85,1
44.54,1.81,12.34,15.99,1.0,0
55.06,4.18,7.73,9.15,0.85,1
60.71,5.04,7.46,0.87,0.2,1
40.46,6.65,6.37,3.3,1.0,1
41.53,4.98,5.51,44.77,0.85,0
32.95,4.26,21.45,26.45,1.0,0
29.81,5.43,8.05,2.8,0.85,1
21.4,4.12,6.8,11.06,1.0,0
33.87,2.8,7.01,16.73,0.2,1
40.28,3.55,7.07,23.93,0.85,1
64.12,5.88,4.45,8.94,1.0,1
50.59,4.28,4.85,4.1,0.3,1
52.31,12.5,11.58,53.71,0.85,0
49.83,2.33,1.04,77.1,0.2,0
45.38,5.78,12.79,34.42,0.2,0
42.38,6.28,4.36,6.62,0.2,1
48.43,4.92,14.02,13.67,0.85,1
38.72,3.96,6.8,26.52,0.85,1
37.34,4.69,3.78,19.45,0.5,1
46.82,4.71,13.42,12.44,0.85,1
48.5,10.36,8.36,45.18,1.0,0
61.6,1.44,4.4,52.08,0.5,0
65.31,2.76,10.64,74.04,0.85,0
48.55,5.45,10.53,48.0,1.0,0
50.0,8.14,10.89,18.1,0.3,1
52.31,2.86,5.9,18.42,0.2,1
47.33,2.43,1.0,41.54,0.5,1
57.42,4.38,13.27,53.86,0.2,0
42.02,2.77,1.01,37.32,0.85,1
39.71,4.4,6.29,3.83,0.2,1
40.86,2.8,6.38,7.67,1.0,1
37.6,6.71,5.24,5.99,0.5,1
17.23,2.85,7.11,7.36,0.5,0
35.53,1.62,13.56,13.25,0.85,0
37.11,6.72,13.75,60.16,0.2,0
29.11,4.75,3.63,3.05,0.85,1
51.66,3.72,14.36,31.63,0.5,1
33.1,3.78,3.63,24.27,0.2,1
50.99,5.05,14.25,0.29,0.85,1
33.79,2.43,6.51,22.36,1.0,1
56.07,1.98,2.32,3.62,0.3,1
49.49,2.85,19.48,22.25,0.85,0
45.98,3.97,11.72,51.47,1.0,0
57.4,2.71,8.12,11.84,0.5,1
59.35,10.32,3.66,57.0,0.3,0
25.51,2.85,2.28,18.72,0.5,0
55.82,4.85,12.79,21.79,0.85,1
47.78,6.08,19.63,40.75,0.5,0
64.4,8.69,16.85,24.71,1.0,0
40.43,11.17,8.75,1.78,1.0,0
51.49,12.5,6.15,48.75,0.5,0
32.15,8.47,3.89,6.65,0.85,0
41.69,7.79,6.53,8.12,0.2,1
55.38,2.53,14.66,38.57,0.2,0
23.21,6.27,12.66,58.01,0.3,0
32.03,4.1,19.44,34.59,0.85,0
55.48,4.12,4.66,9.73,0.2,1
45.21,3.74,4.26,46.46,0.3,0
50.06,2.5,10.32,17.75,1.0,1
31.75,3.4,12.19,9.55,0.5,1
45.75,2.76,6.96,60.9,0.2,0
52.89,1.44,10.93,40.1,0.5,0
37.92,9.39,13.58,4.7,0.3,0
45.16,4.79,12.45,10.05,0.2,1
39.69,4.9,4.96,7.27,0.2,1
29.48,4.55,10.17,19.56,0.85,1
60.18,8.12,9.68,5.28,0.85,1
45.49,5.15,10.61,18.4,0.2,1
31.18,9.55,8.22,12.5,0.85,0
29.41,6.61,10.06,31.98,0.2,1
64.09,3.06,7.64,36.23,1.0,0
50.36,8.8,15.64,13.26,0.85,0
31.42,5.66,5.63,40.42,0.2,1
46.59,4.5,3.04,37.68,1.0,1
60.27,7.63,4.64,33.64,1.0,1
48.79,4.82,12.01,40.15,0.85,1
26.35,6.91,6.26,47.74,0.3,0
59.41,2.26,5.64,45.8,0.85,0
38.11,4.88,5.73,12.01,0.2,0
44.42,3.18,2.56,27.65,0.5,1
55.49,12.5,20.4,44.15,0.3,0
58.18,9.21,6.82,34.17,0.85,0
18.6,5.32,11.21,18.15,0.85,0
56.35,8.76,12.72,21.09,0.85,0
29.93,3.22,7.25,48.55,0.85,0
46.09,3.64,16.49,9.2,1.0,0
50.7,1.25,12.45,30.24,1.0,0
27.77,6.72,2.34,9.93,0.85,0
43.36,1.15,14.85,7.14,0.5,0
29.09,3.43,5.08,18.31,1.0,0
53.84,2.22,7.53,14.52,0.85,1
27.84,8.02,25.72,35.65,0.5,0
55.88,12.5,5.65,8.88,0.3,0
52.52,7.3,19.08,30.88,1.0,0
42.75,6.63,13.78,17.36,0.2,1
59.73,5.35,12.67,7.2,1.0,1
37.22,5.1,26.02,12.53,0.3,0
36.99,2.89,17.31,23.57,1.0,0
64.98,1.76,15.72,20.51,0.85,0
55.56,5.04,2.2,45.37,1.0,0
45.69,5.7,7.29,8.24,0.2,1
30.39,5.68,6.7,48.42,0.2,0
32.38,6.12,2.53,1.14,0.2,1
41.29,6.99,3.43,42.28,0.2,0
49.39,4.92,11.91,49.68,0.3,0
27.21,2.72,14.56,54.85,0.2,0
40.5,6.01,10.74,43.3,0.85,0
49.81,6.76,13.86,65.09,0.5,0
30.46,4.01,10.52,18.74,0.2,0
27.87,6.78,12.47,51.38,0.85,0
56.68,5.07,12.65,17.88,0.5,1
63.46,2.48,14.59,31.98,0.85,1
64.08,12.5,6.37,39.27,0.5,0
36.26,3.9,14.09,32.67,0.5,1
18.43,2.6,8.98,12.35,0.3,0
48.28,3.16,21.23,72.67,0.2,0
42.61,0.94,4.24,45.19,0.3,0
32.05,4.08,24.86,13.79,0.5,0
52.52,9.45,2.99,57.32,0.85,0
54.84,5.31,10.45,40.57,0.5,1
35.77,2.99,11.87,1.36,0.2,1
47.54,4.63,17.49,3.81,0.85,0
63.83,1.25,13.4,6.61,0.85,0
42.87,4.66,3.07,55.01,0.2,0
25.3,3.96,10.75,24.8,0.5,0
15.74,7.75,12.22,17.11,0.3,0
60.56,5.73,4.83,36.93,0.2,1
52.4,2.67,11.43,9.52,0.85,1
21.75,7.64,2.99,10.31,0.2,0
57.24,8.99,3.87,37.76,0.5,0
26.83,5.83,7.05,19.18,0.2,0
39.6,4.19,4.72,14.38,1.0,1
34.38,3.49,1.0,22.9,0.2,1
47.11,10.57,10.82,51.34,0.5,0
55.18,5.59,8.45,65.54,0.5,0
23.85,5.01,5.12,61.65,0.85,0
54.08,2.32,4.96,9.5,1.0,1
41.97,2.83,10.37,5.28,0.85,1
28.08,1.94,3.29,24.39,0.3,1
36.24,4.16,5.48,70.99,0.3,0
52.37,3.45,1.89,56.22,0.5,0
59.74,5.14,13.54,29.34,0.5,1
61.89,8.39,22.89,24.98,0.3,0
41.55,6.8,5.73,52.21,1.0,0
29.1,7.51,8.47,24.41,1.0,1
40.03,8.28,8.09,19.27,0.5,0
46.43,2.97,9.58,31.79,0.2,1
51.3,3.78,7.23,59.75,0.5,0
51.61,3.48,3.72,36.03,0.5,1
23.14,6.98,5.48,23.47,0.5,0
46.74,2.28,14.25,44.67,1.0,0
44.16,9.69,10.45,9.18,0.5,0
56.16,3.7,2.54,31.56,0.5,1
31.61,2.38,5.02,56.23,0.5,0
40.32,3.79,7.58,28.61,1.0,1
38.76,3.93,11.24,7.72,0.5,1
32.69,4.26,13.97,3.27,0.2,1
55.74,4.36,10.23,1.37,0.2,1
32.94,8.24,17.46,10.7,0.3,0
46.05,5.64,14.45,58.25,0.3,0
58.22,2.36,8.64,36.69,1.0,1
33.31,3.89,12.76,20.18,0.85,1
56.39,3.42,4.19,13.13,0.5,1
48.77,4.89,6.86,19.69,0.85,1
48.74,4.52,1.31,25.93,0.2,1
53.69,11.25,13.02,36.33,0.5,0
25.4,7.49,19.02,2.06,1.0,0
28.63,6.45,7.27,21.15,0.5,1
40.87,1.18,6.33,15.8,0.85,0
56.07,7.34,5.72,13.67,0.2,1
36.35,1.49,1.0,38.02,0.2,0
56.47,3.61,6.3,53.61,0.5,0
39.18,3.88,1.14,4.12,0.2,1
28.73,8.07,9.88,47.7,0.85,0
46.7,2.61,11.91,11.32,0.2,0
40.05,4.26,7.0,23.02,0.5,1
69.74,2.04,7.61,8.3,0.85,1
56.19,6.19,6.44,29.78,0.2,1
52.12,3.63,5.74,31.66,0.2,1
24.1,5.18,6.53,26.49,0.3,0
51.6,0.8,9.89,9.96,0.85,0
38.72,2.43,9.88,26.12,1.0,1
43.05,5.26,12.89,47.64,0.2,0
64.7,6.66,3.74,51.53,0.85,0
39.15,9.75,20.96,13.19,1.0,0
61.39,9.02,9.31,13.01,0.85,0
32.02,3.33,15.6,18.52,0.85,1
58.66,5.13,2.38,32.59,0.85,1
36.75,7.05,7.04,10.43,0.85,1
52.6,5.58,12.75,4.18,1.0,1
50.93,3.9,3.1,8.15,0.2,1
50.87,5.25,4.29,27.34,0.85,1
31.56,9.38,10.08,19.86,1.0,0
40.24,4.63,8.81,68.79,0.3,0
22.53,6.26,7.52,38.19,1.0,0
50.64,5.44,4.25,63.68,0.2,0
32.79,3.23,1.0,40.29,0.5,1
28.5,8.05,1.0,47.25,1.0,0
44.38,4.71,10.64,83.93,0.2,0
30.99,3.87,7.97,14.18,1.0,1
31.15,5.41,13.91,16.64,0.5,1
45.71,8.53,6.75,30.7,1.0,0
52.81,5.22,1.0,47.71,0.85,0
34.12,5.17,9.09,27.85,0.85,1
43.44,6.15,8.25,12.35,0.2,1
34.16,6.93,4.71,16.63,0.85,1
41.84,4.11,27.76,9.88,1.0,0
40.84,4.4,3.4,37.03,0.2,1
62.93,3.94,7.37,13.54,0.3,1
21.31,6.12,9.39,11.68,0.2,0
60.84,4.7,6.79,21.65,0.2,0
49.06,4.83,7.05,44.38,0.85,0
30.42,4.92,17.46,57.77,0.5,0
20.96,2.22,7.69,42.08,1.0,0
52.47,6.62,8.37,39.89,0.85,1
37.5,4.04,8.94,37.13,1.0,1
57.27,4.73,10.48,10.56,0.85,1
36.25,3.65,7.24,31.72,1.0,1
45.35,2.61,19.0,0.12,0.2,0
46.66,5.2,2.76,14.5,1.0,1
29.04,5.93,5.38,0.65,0.5,1
42.76,12.5,21.09,24.01,0.5,0
41.61,3.48,5.37,11.74,0.5,1
54.87,7.19,15.92,44.15,0.85,0
58.28,3.99,12.24,38.8,0.5,1
35.06,7.51,14.8,9.65,0.3,1
37.98,6.43,11.64,25.39,0.85,1
32.19,3.5,7.8,35.79,0.2,1
39.53,2.48,23.26,34.97,1.0,0
28.68,2.02,1.0,35.85,0.3,1
45.71,7.9,9.7,10.98,0.2,0
45.1,2.87,6.74,44.4,1.0,0
43.2,1.82,10.04,27.97,0.85,1
48.22,7.81,19.32,17.32,0.85,0
49.13,4.86,21.6,13.1,0.5,0
52.02,4.15,6.42,69.93,0.5,0
30.05,6.92,19.39,11.77,0.5,0
26.51,4.0,24.83,32.59,0.5,0
18.68,6.59,8.68,35.0,1.0,0
49.54,3.51,3.72,19.42,0.85,1
32.79,9.31,22.25,33.8,1.0,0
57.79,3.21,17.35,20.12,0.3,0
64.2,6.64,11.44,42.41,0.5,0
46.73,8.44,1.52,32.84,0.2,0
36.54,0.8,6.99,19.79,1.0,0
64.12,6.3,4.08,52.32,0.5,0
60.94,3.24,4.63,62.03,1.0,0
25.02,6.9,11.95,15.19,0.5,0
37.54,5.45,7.45,33.11,0.2,1
47.67,6.19,6.74,5.02,0.85,1
66.64,4.67,8.5,33.54,0.85,1
60.21,8.73,4.17,17.92,0.5,0
38.43,2.08,8.11,32.21,1.0,0
26.29,8.25,19.3,27.24,1.0,0
58.67,3.54,14.23,11.27,0.2,1
53.59,1.43,1.91,74.84,1.0,0
54.69,4.97,8.0,6.37,1.0,1
49.16,3.31,15.98,27.52,0.2,0
39.85,6.07,5.52,42.11,0.3,0
43.03,6.38,15.37,4.0,0.5,1
21.72,4.44,10.33,7.15,1.0,0
38.62,6.22,1.0,7.02,0.5,0
57.5,5.62,16.83,4.85,1.0,0
63.95,4.92,17.35,71.84,0.85,0
42.51,4.36,14.99,33.88,0.85,1
54.95,3.67,9.37,37.19,0.5,1
26.58,11.31,12.75,42.5,0.2,0
49.29,4.8,3.67,69.69,1.0,0
24.02,5.76,16.04,37.64,0.85,0
32.23,6.73,20.15,13.04,0.85,0
52.4,4.16,6.6,45.91,0.85,0
48.74,5.98,5.67,16.61,1.0,1
62.04,10.78,5.46,15.04,0.2,0
39.16,3.2,6.72,1.82,1.0,1
61.94,10.78,2.73,8.89,0.2,0
59.99,6.99,14.13,36.8,0.5,1
51.59,3.51,6.51,34.98,0.3,1
43.87,3.1,2.77,26.38,1.0,1
37.44,10.74,25.39,31.61,0.85,0
50.83,7.96,4.99,32.21,0.2,0
33.25,4.51,14.8,50.76,0.85,0
58.25,3.75,8.87,7.6,1.0,1
52.19,3.52,7.24,6.38,1.0,0
52.91,4.4,11.61,25.7,1.0,1
46.01,4.62,16.07,0.36,0.2,0
46.22,5.3,2.26,54.81,0.85,0
25.62,2.83,1.98,2.22,0.5,0
60.95,3.44,24.4,50.86,0.5,0
41.11,4.28,5.75,36.03,0.3,1
32.47,12.5,2.22,5.04,0.85,0
58.53,5.6,6.6,7.44,0.2,1
53.46,2.25,4.49,43.66,0.5,0
39.9,2.91,8.29,62.64,1.0,0
38.62,10.68,16.76,42.65,0.2,0
47.08,8.77,17.31,23.61,0.3,0
27.21,3.98,6.37,26.84,0.85,0
33.49,6.28,8.63,35.21,0.5,1
43.13,5.91,9.57,23.7,1.0,1
63.3,4.88,5.54,29.06,0.3,1
64.36,3.12,4.29,28.59,0.85,1
55.37,1.71,8.62,3.06,1.0,0
51.75,7.53,7.65,14.05,0.85,1
32.64,5.98,17.43,41.54,0.5,0
31.54,3.15,15.6,2.46,0.3,1
50.34,8.57,11.54,32.74,0.2,0
58.43,10.47,5.98,48.46,0.3,0
36.35,5.51,7.19,18.53,0.5,1
35.87,4.78,4.44,12.43,0.3,1
44.81,2.0,5.79,8.85,0.5,1
38.69,4.43,24.16,14.42,0.85,0
21.06,2.69,9.72,15.91,0.3,0
50.98,4.56,14.78,66.72,0.85,0
31.95,8.11,5.85,10.53,1.0,1
50.25,6.71,7.72,28.44,0.5,1
30.2,8.7,10.45,0.25,0.5,0
34.38,4.23,2.12,56.43,0.85,0
60.46,2.33,17.43,31.96,0.2,0
51.04,4.14,15.59,3.83,0.2,1
34.53,5.52,23.66,39.52,0.2,0
62.34,8.89,7.38,33.4,0.5,0
48.01,7.39,3.56,48.12,1.0,0
47.75,1.82,11.83,20.81,0.85,1
61.08,5.43,3.7,30.62,1.0,1
33.04,8.07,6.34,33.95,0.2,0
35.26,9.21,5.01,49.89,0.2,0
50.52,8.39,11.07,6.89,0.2,0
29.9,3.34,11.25,43.5,1.0,0
46.41,3.43,6.64,22.39,0.2,1
41.2,11.31,13.05,43.29,1.0,0
58.26,3.83,13.91,49.2,0.85,0
55.25,10.39,11.95,7.62,0.2,0
23.27,2.93,2.3,76.77,0.2,0
43.93,4.56,3.94,36.91,1.0,1
43.1,1.37,7.29,8.02,1.0,0
36.6,4.39,8.07,27.16,0.2,1
43.07,3.08,6.58,28.57,0.85,1
42.16,6.74,9.79,5.4,0.5,1
42.51,6.71,6.22,18.2,0.2,1
56.14,6.1,7.82,14.51,0.85,1
29.67,3.17,1.26,57.53,0.85,0
40.59,8.72,6.95,5.88,0.2,0
44.46,4.99,12.08,68.23,0.2,0
60.15,7.02,9.02,10.64,0.85,1
43.44,8.41,12.63,36.25,0.5,0
38.36,5.28,10.63,27.53,0.85,0
34.14,2.2,23.72,11.27,1.0,0
39.99,5.6,5.78,29.05,0.2,1
58.73,4.42,3.27,30.24,0.85,1
35.65,2.99,3.75,4.78,0.85,0
58.14,9.8,5.77,23.6,0.2,0
37.48,4.16,10.09,22.74,0.85,1
43.65,6.51,13.7,24.65,1.0,1
32.75,7.31,1.8,42.79,0.3,0
55.04,5.61,21.6,31.78,0.5,0
45.67,3.91,6.94,5.15,0.5,1
31.77,2.06,14.95,2.65,0.5,1
41.01,6.06,11.67,45.92,0.85,0
50.44,4.18,10.35,2.19,1.0,1
54.86,11.16,2.89,29.65,0.2,0
19.33,3.38,17.29,27.16,1.0,0
59.85,1.4,7.27,55.31,0.5,0
25.45,2.53,17.17,2.65,0.85,0
30.68,8.38,4.64,1.15,0.85,0
60.59,7.42,21.75,54.51,0.5,0
42.53,9.76,10.84,6.15,0.5,0
34.73,4.45,15.3,29.62,0.85,0
68.5,6.95,9.02,14.75,0.85,0
28.32,5.47,10.43,7.04,0.85,1
63.15,3.52,6.47,22.12,0.85,1
54.7,4.97,13.03,3.97,0.2,1
40.36,4.02,17.61,22.45,0.85,0
46.4,9.48,12.52,36.93,0.2,0
45.77,3.51,8.56,7.32,0.5,1
22.31,10.19,15.27,38.23,0.85,0
45.55,3.39,8.96,21.89,0.3,1
36.68,4.02,8.12,43.69,0.2,0
44.39,5.09,11.56,22.65,0.85,1
58.09,3.3,5.22,8.98,0.3,1
65.06,5.07,8.63,13.36,0.5,1
58.74,5.43,1.87,18.55,0.2,0
52.68,9.23,24.3,23.38,1.0,0
45.09,1.38,21.2,12.71,0.85,0
42.17,3.41,24.58,21.39,0.85,0
35.74,10.86,16.65,25.94,0.2,0
25.69,3.98,17.53,36.16,0.5,0
30.99,3.98,2.88,17.11,0.2,1
35.39,3.29,4.97,21.15,1.0,1
27.94,6.87,11.61,59.85,0.5,0
33.79,1.97,4.82,67.34,0.2,0
62.77,5.91,2.09,39.12,0.2,1
32.87,11.68,7.69,6.78,0.3,0
48.91,1.68,18.85,23.97,0.85,0
63.77,6.91,28.29,4.47,0.5,0
47.65,2.45,8.8,30.4,0.3,1
52.29,6.09,10.64,1.22,0.3,1
27.11,5.83,6.85,11.85,1.0,0
47.62,7.16,5.95,6.58,1.0,1
45.86,3.7,18.91,35.06,0.2,0
59.6,3.81,12.57,34.09,0.2,1
65.76,7.26,5.09,62.2,0.2,0
45.35,3.68,5.47,18.29,0.3,1
47.88,7.69,12.55,11.07,0.5,1
30.26,1.14,7.55,65.05,0.5,0
58.42,5.64,8.9,43.64,0.85,0
44.47,7.44,14.57,23.92,0.5,1
62.45,4.46,11.97,31.25,0.85,1
40.35,9.42,19.95,52.57,1.0,0
22.82,3.77,15.11,9.98,0.2,0
60.72,5.53,5.72,22.58,0.85,1
49.58,8.09,9.76,18.52,0.85,1
34.44,2.61,5.71,6.61,0.5,1
43.29,8.45,6.38,14.61,0.85,0
41.75,5.87,13.08,9.63,0.3,1
37.32,3.21,7.37,16.52,0.5,1
54.92,4.85,8.68,36.82,0.85,1
30.09,3.06,11.66,20.41,0.2,1
38.76,6.63,7.76,23.13,0.85,1
33.56,4.27,8.05,6.92,0.85,1
45.7,3.99,6.84,27.03,1.0,1
51.07,6.74,8.32,5.32,0.85,1
43.27,4.41,14.05,34.11,0.3,1
49.57,4.98,10.39,54.66,0.85,0
51.32,4.79,2.49,19.71,0.5,1
38.55,1.35,3.17,53.1,1.0,0
44.62,2.18,1.0,41.19,0.2,1
40.12,3.43,4.83,17.41,0.85,1
38.43,3.57,5.12,21.95,0.85,1
33.17,1.27,2.6,32.14,0.85,0
48.29,4.98,12.0,27.57,1.0,1
48.07,4.59,12.19,14.11,0.2,1
46.2,5.28,9.39,5.37,0.85,1
56.25,4.13,11.23,54.07,0.85,0
50.69,10.02,17.13,40.07,0.85,0
49.97,6.33,5.26,20.35,0.85,1
59.26,10.68,8.31,57.72,0.5,0
25.57,2.6,7.71,20.76,0.85,0
52.3,4.06,14.9,28.55,0.85,1
39.55,3.6,6.3,6.99,0.85,1
36.33,1.89,7.22,49.06,1.0,0
15.52,4.47,4.66,47.34,1.0,0
38.38,1.21,1.63,14.24,0.5,0
61.98,6.6,17.12,24.65,1.0,0
63.98,8.82,14.5,3.53,1.0,0
62.47,4.33,14.27,18.3,0.2,1
32.72,5.25,5.68,13.16,0.2,1
43.27,8.86,3.78,48.03,0.85,0
26.63,2.89,10.49,16.76,0.85,0
61.45,1.88,8.58,54.67,0.2,0
53.32,1.19,5.44,11.41,0.2,0
48.82,3.07,13.76,74.13,0.5,0
53.8,3.37,3.96,67.01,0.5,0
26.55,6.85,14.9,74.73,0.5,0
46.99,2.24,19.39,3.8,0.85,0
36.18,1.83,13.04,24.19,0.85,0
33.61,7.47,11.69,8.13,0.3,1
49.66,3.49,6.9,47.97,0.5,0
50.26,5.27,4.31,27.91,0.2,1
50.85,7.07,5.1,1.61,0.2,1
57.15,12.5,6.87,17.28,0.85,0
47.29,5.94,8.36,30.49,0.3,1
56.81,3.29,17.87,62.8,0.5,0
40.58,7.4,8.04,25.13,0.2,1
40.57,2.79,17.89,17.44,0.85,0
48.42,8.81,5.38,7.11,0.2,0
28.74,3.16,14.67,66.02,0.85,0
32.1,2.5,11.08,13.38,0.85,1
14.19,4.94,4.73,4.46,0.85,0
42.76,5.84,3.63,34.57,1.0,1
48.49,2.57,1.0,4.4,0.3,1
30.93,3.44,6.74,0.13,0.85,1
47.08,6.19,5.5,80.5,1.0,0
56.52,5.35,19.88,73.68,0.2,0
50.43,6.01,13.05,55.45,0.2,0
60.65,8.89,2.87,49.09,0.3,0
64.94,5.66,12.61,24.58,0.2,1
29.74,10.16,5.69,20.94,0.85,0
55.89,7.62,14.21,23.35,0.85,1
36.53,3.49,8.34,32.25,1.0,1
23.49,9.11,5.03,33.17,0.85,0
15.7,5.53,15.39,46.21,0.5,0
37.65,8.38,21.11,75.99,0.2,0
51.81,6.07,8.81,4.41,0.85,1
33.3,11.46,7.7,3.82,0.85,0
47.54,2.5,11.28,48.2,0.5,0
51.33,4.29,5.42,22.84,0.85,1
40.24,6.66,19.32,30.65,0.2,0
37.21,5.22,11.17,13.56,0.5,1
48.6,2.81,12.91,8.36,1.0,1
60.33,10.87,14.0,20.88,0.2,0
32.04,4.63,14.34,1.63,1.0,1
31.84,7.96,13.13,52.29,0.5,0
58.5,6.39,5.96,25.11,0.3,1
37.86,7.25,11.51,13.79,0.5,1
61.12,2.4,10.61,33.36,0.2,0
36.32,4.74,18.27,21.15,0.85,0
62.72,7.35,13.07,5.6,0.2,1
44.27,7.93,9.85,23.6,0.85,1
63.65,7.57,18.55,29.84,0.85,0
23.46,3.18,16.08,12.7,1.0,0
46.05,1.71,6.11,44.81,0.2,0
27.15,2.22,18.63,9.11,0.85,0
27.07,4.87,8.46,63.73,0.85,0
61.85,5.13,5.85,80.18,0.5,0
60.44,4.86,4.31,32.64,0.2,1
48.02,2.45,11.91,9.8,0.2,1
40.99,3.55,11.2,12.35,1.0,1
47.74,10.81,10.46,45.4,0.85,0
29.56,5.88,14.99,7.21,0.85,0
42.69,4.69,23.92,33.86,0.2,0
69.91,10.68,3.72,14.59,0.2,0
27.5,11.96,15.02,16.86,1.0,0
40.44,3.76,12.56,24.68,1.0,1
32.84,5.9,8.42,42.99,0.3,0
34.05,1.93,6.83,2.93,0.5,1
53.15,1.62,10.85,20.42,0.85,0
38.12,4.27,12.63,0.72,0.5,1
30.61,2.36,8.92,11.89,0.85,0
38.66,3.56,5.56,4.9,0.85,1
29.04,5.6,12.59,32.87,0.3,1
37.84,9.56,3.65,4.58,1.0,0
69.92,5.99,4.68,16.51,0.85,1
45.27,3.79,10.47,68.85,0.2,0
53.69,12.32,8.28,34.06,0.2,0
35.91,5.06,10.61,7.61,0.2,1
20.51,7.98,14.55,18.88,1.0,0
40.55,8.35,14.21,16.5,0.2,0
49.62,4.67,10.19,20.74,0.3,1
53.89,0.9,16.18,31.66,0.5,0
32.33,1.65,6.58,16.59,1.0,0
53.87,3.31,9.35,43.01,0.85,0
58.45,3.4,11.22,11.34,1.0,1
47.86,4.76,8.2,34.46,0.85,1
39.99,4.2,18.4,1.23,0.3,0
37.49,4.33,23.8,22.08,0.5,0
49.04,4.92,1.0,17.13,0.2,1
46.2,5.43,14.65,23.0,0.85,1
47.36,1.68,29.35,24.15,0.2,0
51.34,5.38,16.25,11.15,0.5,0
44.0,6.94,16.87,33.06,0.3,0
32.52,12.41,16.6,32.14,0.85,0
37.32,5.27,2.76,36.38,0.85,1
36.25,7.72,4.35,26.29,1.0,1
55.51,6.61,6.79,32.34,1.0,1
28.0,3.08,4.91,9.26,0.5,1
58.43,5.46,9.5,0.2,0.85,1
50.69,10.2,5.66,42.27,0.2,0
49.86,9.92,4.2,1.45,0.5,0
33.25,9.92,4.6,11.5,0.5,0
40.84,12.5,13.05,37.14,0.2,0
59.31,6.89,4.5,32.11,1.0,1
55.24,3.83,8.94,34.54,0.3,1
59.3,6.97,17.27,13.59,0.85,0
32.94,2.83,9.59,11.76,1.0,1
27.31,6.35,4.72,39.41,0.5,0
69.41,2.73,7.92,37.38,0.5,1
51.95,3.29,12.24,36.98,0.85,1
39.44,1.56,9.34,8.53,1.0,0
47.44,6.11,13.54,44.55,0.5,0
52.23,9.65,3.07,7.99,0.5,0
56.16,5.29,6.75,31.56,0.2,1
59.31,4.92,4.15,71.73,0.5,0
37.0,3.44,19.35,43.54,0.2,0
26.8,8.13,5.07,17.29,1.0,0
58.73,8.85,14.29,35.3,0.3,0
50.17,2.0,4.66,9.52,0.2,1
49.71,5.55,17.4,2.14,1.0,0
31.1,7.98,2.99,8.33,0.5,1
41.57,3.81,6.19,31.59,1.0,1
55.04,1.8,3.71,22.1,0.3,1
34.41,2.65,6.54,22.78,0.2,1
55.57,10.47,9.27,7.59,0.5,0
52.43,8.68,22.14,37.4,0.5,0
38.6,9.27,6.44,18.45,0.2,0
39.67,2.22,5.51,35.59,0.85,1
55.19,7.93,11.16,32.57,0.3,1
25.52,10.83,6.57,1.76,0.2,0
44.42,3.31,6.47,3.3,0.85,1
45.85,4.42,21.08,31.26,0.85,0
47.83,5.68,5.03,5.19,0.85,1
51.31,6.19,3.57,14.68,1.0,1
60.51,3.93,17.74,9.99,0.5,0
68.82,8.42,11.02,22.69,0.2,0
48.51,6.74,11.2,30.92,0.85,1
16.72,2.93,12.15,65.71,0.2,0
42.53,8.13,7.64,6.62,0.5,1
49.02,4.6,9.27,10.05,0.5,1
48.92,6.9,13.42,22.54,1.0,1
30.36,3.08,9.82,38.52,0.85,0
55.93,3.19,10.36,12.0,0.5,1
24.12,1.71,20.1,60.81,0.2,0
33.98,9.0,7.69,24.65,0.3,0
33.88,7.72,6.32,4.08,0.2,0
63.39,5.69,3.27,39.39,0.85,1
28.68,2.17,3.07,23.12,0.2,1
45.95,9.8,8.12,27.36,0.85,0
55.9,6.83,6.38,31.1,0.2,1
34.1,3.93,9.24,38.66,0.2,1
36.7,5.99,2.25,53.64,1.0,0
63.27,4.53,11.87,9.35,0.5,1
56.79,6.83,1.0,19.35,0.2,1
42.19,2.77,1.0,40.65,0.5,1
41.8,1.25,3.14,22.72,0.85,0
54.98,6.49,1.45,14.48,0.2,1
60.78,7.05,6.06,35.32,1.0,0
62.07,1.7,15.92,71.01,1.0,0
55.22,0.91,4.01,5.92,0.5,0
42.36,5.73,15.05,8.94,0.85,1
51.62,6.62,9.78,1.56,0.5,1
54.35,4.43,3.69,27.76,0.2,1
64.8,2.88,17.37,45.28,1.0,0
45.98,12.45,9.2,15.19,1.0,0
42.33,6.3,10.0,0.95,0.85,1
58.58,8.94,9.64,27.63,0.2,0
34.53,2.48,15.74,36.26,0.2,0
38.15,9.65,14.46,18.15,0.2,0
31.59,6.17,3.23,34.58,0.85,1
30.88,11.8,10.82,66.01,0.5,0
45.52,6.9,22.19,3.94,0.2,0
34.45,5.24,11.72,28.69,0.5,1
48.96,4.75,15.95,8.0,0.2,1
40.95,3.38,4.98,1.31,0.5,1
25.57,4.77,11.65,28.53,1.0,0
42.19,6.96,11.71,23.29,0.3,1
36.1,7.61,3.01,1.28,0.2,0
36.02,3.07,7.36,15.22,0.3,1
43.51,2.01,7.53,30.92,0.3,0
37.52,5.89,13.14,43.38,0.85,0
31.85,1.64,9.84,8.34,0.85,0
42.67,4.83,4.3,41.33,0.5,0
43.82,2.19,6.79,37.6,0.2,1
50.01,7.45,1.82,28.55,0.2,1
62.8,3.92,6.79,29.71,0.2,1
50.44,4.21,1.67,25.06,0.2,1
25.26,1.93,24.31,46.65,0.85,0
40.43,8.48,14.25,38.89,1.0,0
52.54,5.55,20.93,4.78,0.2,0
26.83,5.66,8.23,18.6,0.85,0
45.11,2.26,7.1,3.02,0.85,1
58.32,1.53,23.33,2.51,0.85,0
38.08,3.06,15.91,22.79,0.2,1
56.68,3.86,12.09,9.12,0.2,1
54.17,3.01,7.05,17.89,0.2,1
65.6,11.82,5.41,36.9,1.0,0
40.26,8.6,8.86,17.55,0.2,0
47.58,4.9,5.29,4.61,0.2,1
56.05,3.2,4.43,14.02,0.2,1
52.84,2.52,6.48,2.86,0.5,0
53.81,4.78,3.37,1.32,0.5,1
45.07,5.76,8.94,27.23,0.2,1
58.57,3.75,14.48,45.4,0.85,0
40.38,6.21,20.07,16.67,0.85,0
56.26,3.58,7.85,49.55,0.5,0
55.27,2.5,21.26,11.99,0.85,0
42.43,6.22,12.34,0.94,0.5,1
57.85,1.5,2.32,6.35,0.85,0
46.18,2.0,7.86,22.67,0.5,1
49.44,2.77,21.04,27.13,0.5,0
33.06,3.42,5.46,2.39,0.85,1
51.27,6.97,2.95,25.16,1.0,1
41.19,1.93,6.05,37.23,0.5,1
57.64,4.22,10.53,52.54,0.85,0
37.63,5.8,14.93,9.66,0.5,1
48.71,5.54,8.78,74.98,0.5,0
30.46,6.98,10.93,3.68,1.0,1
55.31,4.29,17.05,7.69,1.0,0
40.4,3.35,10.88,17.3,0.3,0
43.27,9.29,9.42,4.64,0.85,0
49.56,3.28,2.3,1.33,0.2,1
31.71,3.02,11.6,23.24,1.0,1
56.97,2.89,9.65,49.14,0.3,0
50.63,2.82,15.13,36.88,0.5,1
66.34,10.43,9.34,4.17,0.85,0
31.3,11.34,5.96,65.65,0.5,0
27.32,7.43,4.45,5.14,0.5,0
56.72,6.35,11.95,25.76,0.85,1
37.32,3.02,8.3,1.1,1.0,1
39.92,3.71,11.39,1.66,0.85,1
39.32,1.76,15.09,22.31,0.2,0
25.42,4.24,6.53,7.72,1.0,0
41.05,2.14,10.95,4.92,0.3,1
46.7,5.32,18.92,6.87,1.0,0
48.68,3.16,4.94,55.47,1.0,0
28.06,5.57,15.93,32.79,0.2,1
48.47,2.85,4.5,10.8,0.85,1
48.21,1.57,7.03,12.01,0.2,0
46.7,2.58,7.98,44.52,0.85,0
51.83,5.83,10.5,30.79,1.0,1
18.88,6.04,4.43,52.59,0.5,0
39.99,5.71,8.81,27.5,1.0,0
35.3,5.29,19.73,78.02,0.3,0
32.34,4.9,6.72,15.07,1.0,1
31.97,6.75,5.1,23.36,0.5,1
44.97,0.93,2.04,45.67,0.85,0
47.85,10.18,12.31,47.49,0.5,0
44.63,4.17,9.03,32.47,0.2,1
61.42,6.78,9.38,21.9,0.85,1
49.91,4.68,22.91,24.15,0.85,0
67.64,3.12,5.46,54.36,0.2,0
59.0,3.99,15.34,14.01,0.85,1
44.57,2.49,4.37,27.45,0.3,1
42.7,2.75,8.37,36.85,0.3,0
41.44,6.19,11.38,25.4,1.0,0
31.16,5.34,15.7,75.08,0.85,0
55.36,1.45,12.64,8.44,0.85,0
45.67,2.82,10.89,47.43,0.2,0
31.73,4.16,1.16,23.76,0.2,1
39.26,4.69,9.86,48.66,0.5,0
45.5,12.24,7.14,5.36,0.3,0
42.12,5.26,21.82,19.85,0.85,0
34.23,1.31,6.57,47.41,0.5,0
45.56,4.83,3.22,18.04,0.85,1
52.81,2.17,3.92,26.82,0.2,0
28.27,4.27,12.02,0.86,1.0,1
52.17,12.5,7.74,27.0,0.2,0
52.02,3.58,7.53,19.3,0.2,1
24.51,7.61,7.3,17.91,0.2,0
43.6,4.8,21.02,2.38,1.0,0
33.15,9.93,3.92,53.41,1.0,0
46.87,6.41,15.5,15.02,0.2,1
46.63,8.13,15.87,21.44,1.0,1
53.03,5.79,11.45,24.72,0.2,1
57.97,3.56,5.71,36.25,1.0,1
46.61,9.33,10.81,9.55,0.5,0
43.09,5.45,2.55,16.47,1.0,1
31.42,3.69,19.1,20.51,0.2,0
41.6,3.12,11.6,23.15,1.0,1
33.09,5.55,3.9,41.46,0.85,1
61.79,8.49,13.83,7.38,0.2,0
36.74,6.06,6.38,5.67,0.85,1
42.23,3.85,1.87,36.63,0.3,1
40.53,5.94,5.24,28.39,0.5,1
44.19,7.21,11.3,10.28,0.2,1
31.54,1.71,11.33,51.8,0.2,0
51.2,2.18,20.64,24.32,0.5,0
25.84,6.86,7.26,55.24,0.3,0
16.55,2.13,13.86,19.91,0.85,0
48.65,4.27,8.74,4.57,1.0,1
33.07,5.07,13.14,2.7,0.3,0
30.07,2.61,9.01,34.88,1.0,1
42.3,4.36,8.51,40.61,0.2,0
50.96,5.11,7.35,0.92,0.2,1
46.88,8.69,1.73,13.2,0.5,0
40.3,8.22,15.51,35.32,1.0,0
34.79,5.54,10.99,23.63,0.85,1
51.1,3.36,8.69,23.11,1.0,1
36.48,8.31,9.69,1.28,0.2,0
62.18,8.46,4.75,47.29,0.3,0
52.34,3.08,20.37,45.93,0.85,0
59.98,5.28,5.78,12.4,0.85,1
48.59,3.69,1.0,49.68,0.3,0
30.8,5.64,10.45,27.81,0.2,0
45.07,2.95,14.93,16.86,0.85,1
35.29,7.17,10.97,21.58,1.0,0
36.55,5.66,5.95,23.37,0.5,1
55.51,2.95,7.8,26.43,0.2,1
42.85,6.84,12.33,43.69,0.85,0
39.68,3.34,11.89,49.21,0.85,0
16.31,1.48,8.38,38.12,0.2,0
47.36,2.58,1.0,77.08,1.0,0
29.23,7.58,9.85,23.24,0.3,1
47.96,10.54,8.12,73.91,0.3,0
37.89,10.67,6.38,29.27,1.0,0
46.24,3.46,12.55,8.12,0.2,1
49.43,4.26,7.54,50.59,1.0,0
43.82,3.73,9.66,15.3,0.2,1
50.28,4.71,4.4,68.72,0.85,0
44.58,2.08,3.85,26.84,0.5,1
42.59,3.52,8.53,6.45,1.0,1
40.95,5.29,3.94,11.76,0.85,1
43.43,7.6,18.65,26.15,0.2,0
31.12,5.54,9.45,16.93,0.5,1
36.84,4.16,9.74,5.84,0.2,1
25.24,2.62,12.08,32.66,0.2,0
48.52,7.84,9.13,30.42,0.5,1
59.54,1.9,10.98,5.32,1.0,1
62.56,2.16,5.49,43.34,0.2,0
32.35,6.47,5.07,36.83,0.2,1
53.64,6.94,2.45,15.66,0.2,1
40.35,0.89,8.35,1.91,0.85,0
62.17,4.18,8.01,1.75,0.3,1
51.48,1.31,17.65,1.9,0.5,0
50.61,4.32,3.75,2.07,0.3,1
63.48,3.83,10.83,16.21,1.0,1
23.68,9.38,5.46,53.29,0.5,0
40.3,5.98,14.47,44.97,0.85,0
34.66,6.08,4.06,11.14,0.2,1
52.56,8.59,2.63,29.75,0.3,0
57.14,8.76,6.88,8.92,0.5,0
47.1,5.12,14.02,17.5,0.85,1
34.3,3.29,4.86,9.47,0.5,0
52.59,7.39,6.0,2.62,0.2,1
18.63,7.2,11.28,19.49,0.5,0
43.35,6.44,6.94,2.02,0.5,0
32.7,5.11,11.2,5.0,0.85,1
27.37,4.3,12.8,9.6,0.5,0
35.11,8.77,5.41,26.42,0.85,0
41.52,3.82,8.22,8.51,1.0,1
30.95,3.2,5.63,3.59,0.85,1
62.1,4.15,12.67,37.67,0.5,1
49.55,2.91,9.12,4.56,0.2,1
37.12,7.21,2.56,27.57,0.85,0
49.55,5.11,13.18,39.58,1.0,1
40.84,1.37,14.09,18.76,1.0,0
27.0,5.99,5.95,27.25,0.2,0
68.77,4.23,10.92,1.99,0.5,1
49.38,4.79,20.08,10.73,0.5,0
56.73,5.45,6.87,25.7,0.5,1
34.47,3.57,16.34,41.46,0.85,0
41.56,3.18,20.92,48.24,0.2,0
53.7,6.45,8.81,16.72,0.3,1
60.52,2.33,5.32,10.1,0.2,0
39.97,2.72,4.06,7.45,0.85,1
43.46,3.07,9.0,27.71,0.2,1
28.4,7.78,17.54,16.92,0.2,0
44.31,8.95,11.4,43.88,0.85,0
51.99,3.05,13.66,13.43,0.85,1
62.55,2.75,8.15,25.06,0.85,1
44.93,5.08,6.43,19.97,0.2,1
43.04,4.22,22.77,16.94,0.85,0
48.13,7.28,4.9,14.26,0.85,1
30.73,6.18,19.27,4.2,1.0,0
34.77,10.99,16.93,16.23,0.5,0
50.98,2.82,3.49,5.77,0.85,1
49.21,7.23,6.1,26.39,1.0,1
25.53,3.83,15.3,12.53,0.5,0
43.07,2.65,6.3,14.33,1.0,1
69.19,3.79,9.82,15.59,0.3,1
21.89,4.02,9.99,7.7,0.5,0
49.4,8.53,12.73,12.2,1.0,0
40.69,1.82,19.73,4.05,0.85,0
32.92,3.1,1.18,8.14,1.0,1
23.72,4.95,19.13,58.89,0.3,0
47.45,2.55,15.21,11.95,0.5,0
21.98,10.43,3.49,34.42,1.0,0
33.45,11.28,11.77,16.06,0.85,0
59.99,4.74,11.68,25.29,0.85,1
60.69,6.46,5.9,4.07,0.2,1
50.12,9.55,13.67,25.39,0.2,0
59.12,4.38,16.42,26.1,0.3,0
42.07,6.26,5.47,48.19,0.5,0
65.12,2.36,15.15,34.48,1.0,1
26.78,1.41,13.41,10.3,0.5,0
31.82,7.67,2.7,13.86,1.0,1
30.51,4.53,11.92,68.74,0.5,0
28.64,11.11,4.15,1.82,0.85,0
53.24,3.39,4.79,1.2,0.3,1
56.14,2.24,3.39,21.99,0.2,1
40.38,7.28,12.74,13.48,0.5,1
58.48,10.64,19.45,60.86,0.3,0
50.98,2.38,6.06,28.21,1.0,1
59.69,2.8,9.04,21.69,0.85,1
38.28,9.36,8.92,8.66,0.5,0
35.74,12.5,1.0,15.23,0.2,0
58.67,6.29,6.35,31.61,0.85,1
35.29,3.22,5.02,30.34,0.3,1
34.92,8.93,1.0,8.17,0.5,0
60.96,4.06,3.81,15.68,1.0,1
20.13,3.28,9.9,30.95,0.5,0
40.62,3.56,12.08,27.15,1.0,1
47.29,6.79,31.78,8.8,0.2,0
43.44,4.88,12.34,24.34,0.2,1
62.82,6.1,2.97,7.3,0.5,1
39.85,7.39,8.18,11.91,0.3,1
41.31,4.18,11.57,64.0,0.5,0
65.62,7.89,8.89,7.94,0.3,1
48.63,4.78,6.37,3.44,1.0,1
44.9,3.59,2.23,11.71,0.2,0
54.24,1.94,7.65,11.21,1.0,1
55.21,4.08,6.74,14.17,0.2,1
65.35,9.87,16.01,33.13,1.0,0
52.03,7.19,4.35,20.26,0.85,1
56.82,6.08,21.68,2.13,0.85,0
30.26,2.5,15.29,28.61,1.0,1
36.74,3.52,5.63,40.96,1.0,1
38.4,6.67,1.72,49.5,0.85,0
30.55,7.55,8.54,15.36,1.0,0
59.23,7.28,11.23,42.02,0.2,0
61.08,5.46,6.29,20.49,0.2,1
47.03,3.01,1.01,36.27,1.0,1
59.48,7.56,20.57,5.37,1.0,0
52.2,3.5,6.76,8.37,0.2,1
51.36,7.62,19.07,4.3,0.85,0
63.13,4.09,6.49,12.44,0.85,1
28.1,10.81,11.13,22.17,0.85,0
52.92,3.85,10.31,28.86,0.3,1
54.46,3.81,14.65,23.76,0.5,1
27.91,4.56,17.93,5.01,0.5,0
25.89,3.04,8.41,44.74,0.5,0
38.35,2.73,7.93,13.38,1.0,1
58.07,2.98,14.39,57.96,0.5,0
32.75,9.18,3.74,6.23,0.3,0
42.12,2.83,5.64,42.95,0.2,0
45.44,3.83,3.49,33.89,0.2,1
44.72,12.5,6.2,0.28,0.2,0
58.25,7.74,9.61,6.14,1.0,1
50.02,7.67,11.97,61.73,0.5,0
46.56,12.46,5.84,9.23,0.3,0
27.43,4.49,12.21,13.14,0.85,0
48.61,1.47,7.81,40.54,1.0,0
39.64,7.3,13.07,0.89,0.5,1
62.63,4.22,9.51,10.46,0.3,1
55.53,12.5,16.27,10.73,0.5,0
40.3,1.35,15.66,11.05,0.5,0
43.5,2.73,7.93,15.25,0.5,1
53.65,3.43,14.49,27.63,0.3,0
31.01,4.54,10.13,19.64,0.2,1
34.89,2.12,5.37,19.46,0.5,1
34.94,5.77,3.45,7.63,0.85,1
50.72,3.32,2.05,54.69,1.0,0
39.23,8.01,5.49,29.63,0.2,1
64.7,9.51,2.83,32.05,0.2,0
25.1,3.96,4.61,49.29,1.0,0
37.46,6.28,7.88,40.91,0.2,1
38.68,4.76,4.14,4.3,0.5,1
40.79,4.57,12.76,6.99,0.3,1
44.18,2.02,1.01,33.35,0.2,1
59.07,4.43,18.75,39.5,0.85,0
43.97,7.59,7.37,11.06,0.3,1
55.54,5.85,3.27,28.5,0.2,1
42.19,2.77,1.0,13.22,0.2,1
60.36,2.03,18.3,33.17,0.5,0
30.58,4.34,8.4,31.6,0.85,1
37.67,3.08,16.38,42.24,0.2,0
35.66,3.29,9.61,32.61,0.85,1
26.45,3.11,3.49,0.94,0.85,0
42.46,4.8,11.33,29.73,0.5,1
54.52,6.52,12.91,11.03,0.5,0
44.15,3.01,9.35,30.9,1.0,1
31.32,2.94,5.92,39.06,0.85,1
33.75,2.24,15.24,38.86,0.2,0
62.54,5.23,3.06,2.45,0.3,1
47.7,7.49,9.51,31.13,0.85,1
55.51,4.47,15.27,12.03,0.3,1
52.56,6.53,7.54,23.93,0.2,1
25.65,8.59,7.57,12.75,0.2,0
56.28,5.42,6.04,31.24,0.2,1
32.69,2.81,7.07,0.52,0.85,1
62.93,2.63,6.75,68.92,1.0,0
43.14,2.91,7.08,41.68,0.2,0
50.16,11.5,2.7,16.09,0.85,0
57.68,12.5,6.47,51.04,0.85,0
46.63,3.87,19.69,43.2,0.2,0
36.96,8.36,7.29,9.06,0.85,0
45.17,9.16,19.17,22.21,0.5,0
38.13,2.05,1.76,10.73,1.0,1
56.29,11.16,11.06,20.73,0.85,0
32.73,4.13,7.48,26.4,0.3,1
48.69,4.02,6.84,58.12,1.0,0
64.07,2.3,10.05,61.62,0.85,0
55.78,11.54,3.38,2.26,0.2,0
53.31,4.95,12.78,11.59,0.85,1
54.28,10.94,14.93,0.83,1.0,0
34.02,8.86,1.83,28.62,0.5,0
40.88,3.91,4.08,10.73,0.85,1
53.1,5.04,3.45,24.19,1.0,1
39.58,3.25,19.48,6.08,1.0,0
54.41,3.48,12.04,8.48,1.0,1
37.79,6.03,6.03,18.53,0.3,1
50.9,7.08,3.1,6.71,0.85,1
38.42,1.44,11.6,29.94,1.0,0
41.7,1.47,2.93,26.72,0.5,0
44.61,3.54,18.5,36.96,0.5,0
46.82,5.56,5.72,62.02,0.2,0
49.65,9.24,5.73,14.37,1.0,0
46.66,4.91,8.39,45.9,1.0,0
42.6,4.12,19.82,25.48,1.0,0
60.72,6.47,7.44,4.86,1.0,1
22.86,2.78,6.81,1.25,0.85,0
36.76,4.97,10.24,43.69,0.85,0
26.45,4.41,23.03,54.82,1.0,0
40.08,5.19,5.43,34.9,0.85,1
30.98,8.63,16.27,2.22,0.3,0
44.3,1.62,8.91,14.67,0.5,0
57.53,4.55,14.04,23.34,0.2,1
46.32,7.06,7.14,37.47,0.2,0
34.99,6.24,8.27,14.92,0.2,1
38.86,1.72,7.42,18.32,0.85,0
38.69,1.46,9.16,8.06,0.85,0
26.02,6.79,4.18,21.6,0.2,0
45.96,1.67,15.06,20.78,0.5,0
38.71,5.02,7.43,9.28,0.85,1
63.11,8.33,6.62,11.41,0.3,0
32.94,1.96,15.35,48.89,0.5,0
25.23,10.97,5.02,25.47,0.2,0
60.5,6.67,12.73,12.74,0.5,1
58.05,12.5,6.76,24.95,1.0,0
20.75,3.61,10.03,4.27,0.85,0
42.0,9.46,9.21,12.57,0.2,0
35.92,3.84,10.16,3.5,1.0,1
39.13,4.86,10.21,14.69,0.2,1
54.62,3.21,11.97,15.19,0.3,1
59.86,4.73,8.52,46.13,0.85,0
46.6,7.74,8.86,3.07,0.2,1
60.05,11.17,13.37,54.45,1.0,0
42.79,2.84,4.91,4.78,0.5,1
64.2,5.27,13.83,27.85,0.5,0
43.87,3.45,1.0,21.59,0.2,1
43.51,5.42,10.12,24.82,0.5,1
30.64,8.35,8.07,11.91,0.85,0
26.53,3.62,11.01,34.99,0.2,0
38.72,6.09,8.81,18.01,0.85,1
27.53,2.74,14.08,47.18,0.3,0
62.39,8.71,4.75,10.75,0.2,0
25.77,7.2,5.79,15.94,0.3,0
27.45,3.02,10.13,10.51,0.85,0
49.03,2.98,5.3,25.75,0.5,1
24.5,9.75,19.87,13.44,0.85,0
41.95,12.5,16.01,36.08,0.3,0
65.36,3.1,13.41,49.08,0.85,0
26.25,7.77,13.23,46.01,0.5,0
59.89,3.93,11.24,10.81,1.0,1
35.96,9.76,12.87,12.42,1.0,0
63.33,4.04,1.69,15.36,0.85,1
32.08,6.89,10.18,57.36,1.0,0
34.99,5.18,5.68,33.81,0.5,1
51.69,1.16,3.11,6.65,0.3,0
49.33,2.86,22.3,9.07,0.85,0
41.71,6.82,19.94,11.77,0.2,0
45.31,6.39,17.74,16.21,0.3,0
59.94,5.56,11.25,0.99,0.5,1
46.7,11.38,1.0,33.12,0.2,0
58.71,7.49,6.17,27.94,1.0,1
38.06,7.0,1.18,25.08,0.5,0
33.86,1.15,6.61,5.14,0.5,0
38.97,7.69,6.16,33.18,0.3,1
64.21,1.79,10.04,28.0,0.85,0
54.98,4.74,3.89,43.48,0.85,0
65.94,1.8,6.53,3.11,0.85,1
47.16,6.17,17.41,44.45,0.85,0
35.24,8.53,5.24,59.79,0.3,0
35.57,4.52,8.88,10.37,0.3,1
59.12,4.61,3.49,32.98,0.85,1
39.11,2.7,13.24,7.94,0.3,1
51.2,8.45,2.78,1.83,0.3,0
34.65,1.92,4.29,31.74,0.2,1
44.26,5.18,24.66,32.87,0.85,0
44.91,4.49,6.16,5.62,0.85,1
61.96,5.84,1.0,37.15,1.0,1
55.56,7.29,5.33,0.99,0.85,1
25.06,4.34,8.0,36.97,0.85,0
19.93,7.72,8.55,40.57,0.2,0
47.84,4.65,7.67,24.47,0.85,1
36.46,5.73,3.77,8.54,0.85,1
39.77,2.42,4.58,1.47,0.5,1
62.45,3.73,11.6,15.48,0.5,1
51.87,1.67,22.45,4.64,1.0,0
46.78,4.92,13.17,4.87,0.2,1
39.98,7.07,13.63,40.05,0.2,0
47.6,4.22,8.09,26.62,0.5,1
43.81,4.5,7.0,10.11,0.85,1
62.1,5.9,14.36,28.19,0.85,1
64.66,6.25,12.07,51.94,0.85,0
30.93,1.62,8.24,46.03,0.5,0
52.97,3.34,13.36,38.7,0.2,1
40.21,1.79,2.59,13.99,0.5,0
48.12,3.79,2.46,3.35,0.2,1
30.11,10.29,12.37,44.4,1.0,0
14.65,7.12,23.56,14.02,0.85,0
29.58,4.73,4.16,19.35,0.3,1
56.99,11.8,20.2,32.87,0.5,0
58.8,5.6,22.17,60.29,1.0,0
40.68,12.5,3.09,5.9,0.5,0
37.58,5.12,8.33,14.04,0.3,1
45.76,3.33,8.06,9.22,0.2,1
38.37,2.3,4.99,1.3,0.5,1
25.81,6.72,8.14,14.77,0.2,0
36.73,3.77,15.3,68.4,0.5,0
64.76,5.11,18.22,62.0,0.85,0
32.97,6.15,6.64,13.5,0.2,1
29.77,2.85,5.1,52.79,0.85,0
33.1,5.55,9.29,36.2,0.5,1
49.65,4.26,6.14,11.6,0.5,1
62.33,1.87,9.5,36.71,0.5,0
42.72,6.33,10.87,21.26,0.2,1
61.44,6.78,14.22,6.81,0.5,1
32.64,9.28,11.35,16.04,0.2,0
36.72,2.35,9.47,23.3,0.2,1
36.6,12.5,11.72,10.98,0.85,0
55.56,3.03,5.13,21.07,1.0,1
32.55,1.26,19.15,19.9,1.0,0
54.98,4.84,11.28,59.08,0.85,0
56.27,5.84,15.58,6.14,0.3,1
47.86,4.36,5.03,0.47,0.2,1
37.95,2.33,11.86,12.8,0.85,1
19.64,3.6,1.4,24.14,0.2,0
41.86,5.66,3.96,15.83,0.3,1
41.19,12.5,3.77,17.67,1.0,0
42.88,2.4,16.92,14.24,0.5,0
33.91,3.32,8.46,5.94,0.2,1
63.55,2.02,11.82,14.91,0.2,0
44.13,3.78,22.68,22.48,0.3,0
59.9,4.54,16.51,56.27,0.3,0
17.36,7.99,10.64,21.52,0.2,0
59.75,5.72,5.61,14.71,0.5,1
50.93,10.04,4.12,22.61,1.0,0
33.07,4.65,11.86,31.47,0.2,1
67.18,0.8,6.75,20.19,1.0,0
65.45,5.86,7.92,10.89,1.0,1
40.04,1.53,11.75,10.26,0.85,0
33.62,7.86,14.41,21.93,0.2,0
53.54,4.66,9.82,11.39,0.2,1
39.91,3.23,15.93,43.72,1.0,0
48.86,2.21,15.47,4.86,0.3,0
41.92,3.51,9.75,4.29,0.5,1
28.81,4.53,2.83,15.21,0.2,1
60.78,12.03,11.96,6.61,0.2,0
37.08,4.32,7.26,1.71,0.5,1
44.21,5.36,13.84,67.9,0.85,0
36.71,4.46,2.64,7.7,1.0,1
46.17,5.37,8.34,4.69,0.5,1
26.71,5.19,7.81,8.49,0.3,0
57.21,4.7,4.6,2.2,0.3,1
54.29,3.17,9.74,43.34,0.85,0
55.37,6.85,9.4,56.04,0.85,0
61.06,2.4,8.66,21.7,0.5,1
34.67,6.19,6.62,3.69,0.5,1
56.41,6.92,18.29,16.33,0.85,0
63.26,1.32,14.01,48.25,0.85,0
47.11,2.26,15.54,34.06,0.85,1
47.0,1.44,5.96,28.43,0.5,0
37.78,9.06,20.99,1.76,0.3,0
52.55,3.43,6.56,10.23,1.0,1
38.93,8.8,3.21,42.45,0.85,0
43.62,3.88,14.84,43.06,0.2,0
37.74,2.53,1.79,16.96,0.85,1
47.09,3.07,22.28,3.85,0.2,0
35.54,5.14,3.42,47.25,1.0,0
31.49,6.88,3.83,2.93,1.0,1
40.42,4.79,1.44,15.8,0.85,1
22.09,7.71,3.35,14.43,0.5,0
48.71,4.26,5.25,46.98,0.5,0
42.67,4.54,14.19,44.51,0.5,0
50.46,2.95,1.0,21.41,1.0,1
38.03,2.76,15.84,33.56,0.2,0
44.73,7.14,6.24,22.06,0.5,0
39.14,2.41,17.06,0.67,0.5,0
50.71,3.87,7.81,21.25,0.85,0
50.38,7.32,12.3,35.53,0.85,1
52.41,1.64,3.95,16.18,0.85,0
21.07,9.19,9.61,21.59,0.5,0
47.88,2.55,6.6,12.58,0.5,1
34.19,9.21,5.67,31.65,0.2,0
39.48,2.4,11.79,43.25,0.2,0
33.85,7.13,17.68,23.07,0.2,0
34.66,3.38,11.04,11.13,0.2,1
60.65,12.28,16.85,71.93,0.5,0
57.68,4.11,7.24,18.36,0.2,1
40.79,2.21,11.56,37.22,0.2,0
23.19,6.19,3.13,53.39,0.3,0
53.29,3.6,20.3,10.92,0.3,0
50.05,6.53,12.39,10.81,0.5,1
39.54,9.13,9.43,29.55,1.0,0
61.85,7.23,16.24,49.05,0.2,0
46.69,1.57,12.44,27.97,1.0,0
50.87,2.37,8.2,43.64,0.85,0
40.73,5.44,10.0,50.33,0.2,0
52.65,5.76,9.85,23.52,0.2,1
63.01,0.8,11.5,9.77,0.3,0
44.57,2.07,13.46,3.86,1.0,1
47.32,2.52,7.36,8.36,0.2,1
45.98,9.5,13.54,15.68,0.2,0
52.49,3.15,5.93,1.05,0.5,1
44.4,6.86,7.29,7.95,0.85,1
37.18,8.44,7.2,7.23,1.0,0
55.98,3.08,2.79,1.1,0.2,1
42.09,4.45,4.68,24.12,1.0,0
39.76,6.87,23.81,23.48,0.5,0
51.54,1.56,9.04,9.68,0.5,0
53.0,3.98,5.09,12.61,0.85,1
53.68,8.9,7.35,63.78,0.3,0
46.75,5.68,8.21,41.91,0.2,1
62.37,5.72,8.56,22.18,0.2,1
53.3,7.73,8.1,0.4,0.5,1
64.1,3.34,14.05,53.95,0.85,0
45.45,2.46,7.01,36.1,1.0,0
33.38,5.51,10.36,39.93,0.85,0
27.39,3.5,8.32,21.01,0.5,0
38.8,3.36,8.46,17.6,0.5,1
56.27,2.41,19.67,9.13,1.0,0
39.28,6.16,6.56,36.09,0.2,1
44.25,4.18,3.7,7.15,1.0,1
55.88,2.45,7.3,10.32,0.2,1
29.92,7.98,3.7,23.92,1.0,1
38.67,3.83,14.85,38.18,0.85,1
49.78,6.24,5.28,11.63,0.3,1
38.53,10.71,9.9,17.06,0.85,0
53.39,7.91,4.72,2.79,1.0,1
52.36,10.1,2.25,10.73,1.0,0
23.7,7.83,6.51,12.96,0.85,0
55.9,3.99,26.47,10.52,0.2,0
39.48,2.85,22.68,15.24,0.2,0
50.48,3.87,8.59,17.67,0.85,1
35.91,4.03,7.32,7.44,0.3,1
40.67,9.1,22.76,19.46,1.0,0
54.93,3.55,8.03,3.4,0.5,1
43.25,2.08,1.14,4.88,0.5,1
47.11,5.34,20.74,48.0,1.0,0
59.73,4.84,15.52,6.99,1.0,1
69.46,2.93,11.98,13.16,0.85,1
37.27,3.73,16.21,21.52,0.5,0
58.5,10.26,3.95,4.33,0.85,0
31.41,6.14,5.21,8.63,0.3,1
46.71,3.9,2.81,33.98,0.85,1
39.76,2.92,18.65,34.62,0.2,0
40.77,12.5,6.62,32.65,0.5,0
47.05,11.39,18.89,24.23,0.2,0
42.34,7.55,8.72,52.77,0.3,0
48.85,4.14,12.64,23.57,0.3,1
32.74,2.84,13.24,61.63,0.5,0
44.12,2.9,6.26,51.63,0.2,0
38.58,4.11,8.34,8.93,0.5,1
23.18,3.54,17.52,21.65,0.3,0
44.09,4.66,13.95,53.68,0.5,0
59.24,4.53,9.95,29.38,0.85,1
19.33,2.58,7.71,17.77,0.85,0
31.72,2.63,22.99,27.2,0.85,0
34.41,3.93,1.89,16.85,1.0,1
56.28,4.47,13.57,46.26,1.0,0
33.83,9.81,10.24,19.96,0.3,0
58.68,5.51,18.65,44.77,0.5,0
28.99,5.4,13.04,15.65,0.5,1
29.04,5.63,3.93,0.09,0.2,1
19.8,8.58,14.04,30.73,0.2,0
43.47,12.5,6.56,14.46,0.85,0
33.35,3.38,6.77,12.78,0.2,1
58.29,12.5,8.81,42.18,0.2,0
40.91,1.9,11.04,41.15,0.85,1
46.76,3.95,1.0,29.82,1.0,1
53.72,2.42,20.71,29.35,0.85,0
48.44,6.75,11.01,19.13,0.3,1
34.67,7.79,7.74,4.77,0.3,1
46.89,2.08,11.4,31.19,0.3,1
68.12,8.32,11.85,46.11,0.2,0
60.02,5.7,1.24,73.53,0.85,0
31.85,7.3,3.22,27.21,1.0,1
47.63,8.97,9.84,7.03,0.3,0
35.23,6.85,7.67,37.72,0.5,1
63.11,1.84,8.56,39.31,0.85,0
59.58,3.73,4.96,66.83,1.0,0
29.08,2.0,19.35,19.85,0.5,0
55.73,1.23,6.89,61.69,0.85,0
29.55,2.32,2.32,68.74,0.85,0
34.53,3.9,11.12,2.2,0.85,1
19.37,12.07,10.19,40.93,1.0,0
55.56,4.62,10.19,7.74,0.85,1
33.23,5.72,2.62,10.03,0.85,1
46.42,3.45,13.64,31.07,0.3,0
25.55,4.17,6.67,56.88,1.0,0
41.04,4.88,20.45,65.56,0.2,0
59.59,4.04,10.83,5.32,0.2,1
59.44,6.38,11.74,33.43,0.85,1
36.1,3.23,10.23,18.36,0.2,1
44.79,1.91,8.3,30.57,0.2,1
32.9,1.64,6.74,71.3,0.85,0
28.16,7.48,4.15,9.25,0.2,0
63.17,0.81,10.77,3.44,0.2,0
45.42,4.13,28.34,40.07,0.5,0
42.43,2.37,7.72,29.03,0.2,1
18.89,6.51,5.45,45.74,0.2,0
51.42,4.7,14.28,10.46,1.0,1
38.69,4.77,19.24,28.67,0.2,0
54.46,4.99,24.57,30.25,0.2,0
54.64,4.9,15.85,13.98,0.5,1
53.35,1.9,9.11,48.47,0.2,0
39.64,3.56,15.8,43.83,0.2,0
31.19,2.77,2.64,8.02,0.85,1
39.79,3.08,14.54,7.69,1.0,1
42.87,4.94,3.05,61.16,1.0,0
35.23,7.5,10.61,34.29,0.5,1
38.16,7.36,6.68,49.58,0.85,0
47.71,5.42,9.87,6.22,0.2,1
35.87,3.68,6.28,23.21,1.0,1
52.72,4.76,2.28,19.94,0.3,1
35.82,6.87,14.16,20.36,1.0,1
40.73,3.06,3.53,55.41,0.85,0
49.83,4.65,10.75,15.28,1.0,1
44.92,3.43,6.23,67.65,0.85,0
46.56,3.04,10.97,18.35,0.5,1
28.95,4.5,7.94,31.83,0.2,1
27.04,3.7,16.54,45.32,0.85,0
60.18,5.48,12.72,1.86,0.5,1
40.93,3.73,5.48,60.03,0.85,0
56.61,4.27,21.48,24.6,0.5,0
43.0,1.9,5.57,14.33,0.2,1
40.27,7.03,4.13,36.03,0.85,1
39.12,7.1,22.75,6.61,0.85,0
35.71,2.77,2.82,45.44,1.0,0
53.77,2.92,7.0,23.7,0.5,1
31.2,5.08,11.01,40.45,0.5,0
35.01,3.5,20.52,11.56,0.5,0
30.09,5.39,6.06,48.76,0.2,0
32.53,9.35,11.42,18.48,1.0,0
17.17,2.85,1.4,43.32,1.0,0
62.21,7.33,12.48,1.56,1.0,1
54.05,2.56,18.21,15.0,0.85,0
29.65,3.07,4.2,3.93,0.5,1
30.54,5.11,13.82,3.95,0.85,1
50.61,6.35,8.98,44.57,0.85,0
54.98,9.2,10.46,0.29,0.85,0
32.89,10.86,12.3,23.3,0.3,0
46.6,3.93,12.29,20.68,0.85,1
47.43,4.62,8.63,20.02,1.0,1
55.09,5.54,8.39,1.92,0.2,1
49.94,4.51,6.08,29.03,0.5,1
26.81,3.9,4.22,23.84,1.0,0
51.96,3.37,15.77,14.18,0.85,1
37.54,6.39,15.02,36.53,0.85,1
28.43,9.24,15.96,73.79,0.5,0
47.41,1.76,22.76,19.28,1.0,0
61.91,4.08,7.0,53.15,0.5,0
45.04,1.78,8.19,37.82,0.85,0
49.88,6.19,18.34,31.47,1.0,0
60.03,3.02,4.64,9.56,0.5,1
42.0,8.57,10.51,13.82,0.5,0
19.94,4.26,11.96,10.36,0.3,0
27.05,6.23,13.19,1.91,0.2,0
26.61,2.81,15.41,30.11,0.5,0
23.24,4.99,5.69,48.2,0.5,0
41.71,4.96,10.47,21.91,0.2,1
40.49,5.73,19.33,42.26,0.2,0
49.14,3.24,17.49,13.99,1.0,0
52.15,8.18,10.35,24.57,0.2,1
49.04,5.55,5.81,38.51,0.5,0
46.38,9.01,9.39,15.81,0.3,0
43.58,1.93,6.96,14.27,0.2,1
48.29,5.02,11.87,32.71,0.85,1
48.49,4.17,10.18,24.47,0.2,1
56.45,10.99,4.03,37.06,0.3,0
64.74,6.47,7.58,5.74,1.0,0
42.33,4.55,20.32,17.42,0.3,0
30.73,6.26,14.1,45.19,1.0,0
45.14,3.62,7.8,11.05,0.2,1
31.08,5.85,16.15,3.97,0.2,0
50.38,12.5,8.7,40.95,0.2,0
37.32,3.35,8.82,33.18,0.5,1
49.29,4.97,14.76,12.22,0.85,1
50.06,2.96,12.82,13.69,0.85,1
43.72,2.67,1.0,33.06,1.0,1
42.33,7.37,7.46,72.06,0.3,0
33.29,2.3,1.0,11.41,1.0,1
14.69,5.8,9.71,9.85,0.2,0
46.12,7.13,8.17,47.22,0.2,0
36.46,3.71,5.51,35.77,0.2,1
47.44,8.84,24.82,14.2,0.85,0
45.45,8.43,3.67,46.21,1.0,0
63.47,3.7,17.0,40.5,1.0,0
39.07,2.08,19.41,6.3,0.5,0
40.21,6.04,16.88,49.11,0.2,0
29.07,4.48,8.3,65.88,0.5,0
60.6,5.13,22.38,44.42,0.5,0
37.03,6.01,1.0,15.47,0.5,1
41.46,1.85,6.19,9.16,0.5,1
25.61,3.58,3.87,25.82,0.85,0
35.12,10.4,4.08,6.37,0.2,0
36.3,5.22,13.05,18.62,0.3,1
65.75,6.23,5.79,5.76,0.85,1
59.21,4.98,7.49,31.39,0.3,1
60.46,6.13,10.53,22.13,1.0,1
31.34,8.34,13.95,59.18,0.85,0
43.96,1.28,6.04,32.78,0.5,0
46.25,6.88,15.11,33.31,0.85,1
51.74,4.51,9.49,6.6,1.0,1
51.43,7.51,12.34,20.26,0.5,1
44.88,3.78,12.07,35.82,0.85,0
39.9,3.7,17.25,32.73,0.5,0
50.08,2.24,14.88,23.33,0.3,1
45.78,4.58,16.5,3.26,1.0,0
53.23,2.15,11.71,5.15,0.85,1
25.25,4.36,3.53,37.66,0.85,0
61.51,5.13,4.1,16.44,1.0,1
48.86,3.1,14.92,5.73,1.0,1
56.3,1.72,10.92,30.5,0.2,0
52.32,1.45,1.61,21.35,0.2,0
44.88,2.59,4.16,25.37,0.2,1
47.14,1.38,16.61,6.82,0.5,0
34.3,5.06,9.92,12.06,0.2,1
19.6,12.5,3.4,14.34,0.85,0
63.39,2.22,2.24,4.92,0.3,1
46.05,12.5,33.63,13.81,0.85,0
54.6,4.95,6.14,9.9,0.3,1
43.07,5.52,11.47,10.64,0.85,1
60.65,1.79,6.6,9.95,0.2,0
48.0,5.18,13.45,15.89,1.0,1
53.02,3.45,17.87,30.06,0.2,0
51.46,10.05,8.61,35.78,0.2,0
63.47,1.45,17.76,31.08,0.5,0
43.42,3.49,6.14,57.71,0.85,0
64.01,2.86,11.82,38.16,0.2,1
61.87,5.64,4.2,7.16,0.85,1
34.07,0.94,5.56,64.43,0.2,0
55.82,9.89,14.82,1.4,0.85,0
29.72,5.52,19.32,39.13,1.0,0
62.98,5.32,12.61,21.6,0.85,1
38.22,2.29,4.11,11.71,1.0,1
49.79,7.08,1.41,6.04,0.85,1
60.32,6.7,2.83,24.86,0.5,1
60.56,8.74,6.58,2.28,1.0,0
64.88,3.94,6.65,34.93,0.85,1
27.39,1.71,1.94,29.98,0.3,0
44.32,3.17,24.74,18.12,0.85,0
52.79,7.66,9.72,54.81,0.3,0
36.08,3.5,2.13,20.9,0.2,1
61.16,12.23,11.75,40.06,0.85,0
27.73,7.17,16.23,3.72,1.0,0
52.99,11.35,5.61,21.9,0.3,0
50.63,3.62,14.32,7.66,0.2,1
53.83,5.92,16.93,26.53,0.5,0
63.46,2.6,3.8,5.44,0.5,0
31.61,7.38,7.76,34.81,0.3,0
48.25,6.16,3.01,14.55,0.5,1
67.88,6.96,1.31,51.65,0.85,0
45.53,3.81,13.5,55.52,0.85,0
58.84,5.07,2.8,7.36,0.85,1
49.34,4.92,9.71,76.16,0.2,0
55.31,3.82,8.8,10.32,0.85,1
58.55,5.23,8.77,24.7,0.85,1
40.49,5.74,17.2,9.67,0.85,0
61.8,6.31,10.24,11.34,0.2,1
50.81,3.76,20.81,5.75,0.2,0
25.2,7.17,12.92,47.59,0.2,0
23.83,6.92,8.66,36.42,0.5,0
26.05,6.38,3.62,15.85,0.85,0
32.81,7.46,10.28,24.21,1.0,1
48.01,4.28,12.04,0.59,0.2,1
58.35,2.39,20.38,16.2,1.0,0
55.87,6.93,6.22,22.3,0.2,1
64.34,3.4,30.43,32.24,0.85,0
43.7,1.77,2.39,33.25,0.85,0
62.5,3.45,4.99,36.28,0.85,1
36.85,5.17,22.55,14.2,1.0,0
48.85,9.48,7.76,38.48,1.0,0
52.41,5.77,24.79,54.66,0.5,0
53.18,7.44,25.37,28.56,0.85,0
49.89,6.85,6.18,7.6,0.85,1
36.03,5.62,8.6,13.06,0.2,1
41.99,4.09,4.9,26.12,0.3,1
38.27,2.6,14.96,11.05,0.2,1
61.01,12.5,3.83,16.2,0.3,0
45.8,3.51,4.25,32.05,0.85,1
56.12,4.05,14.47,62.69,1.0,0
47.79,4.45,13.84,21.02,0.2,1
41.44,3.45,14.13,11.49,0.85,1
47.1,6.21,4.9,52.74,1.0,0
22.26,3.49,12.48,64.68,0.5,0
51.88,3.99,7.54,44.96,0.2,0
30.97,3.34,11.37,23.52,1.0,1
33.77,3.95,4.82,29.65,0.3,1
53.67,2.32,18.32,48.5,1.0,0
47.43,2.0,10.37,12.0,0.2,1
36.62,10.55,13.37,43.05,0.85,0
28.06,7.46,8.09,1.92,1.0,1
44.62,9.68,15.75,13.03,0.3,0
60.93,10.14,7.37,6.17,0.3,0
42.87,2.8,6.1,48.83,0.2,0
41.09,9.46,23.89,52.24,1.0,0
25.27,8.15,8.81,21.46,0.5,0
52.32,3.93,6.9,28.44,0.5,1
36.92,5.73,9.87,18.69,0.3,1
32.04,7.33,14.95,2.6,0.85,1
45.29,6.51,9.21,5.91,1.0,1
38.33,4.47,9.29,3.57,0.3,1
25.06,5.21,9.33,51.54,0.2,0
49.72,6.1,8.82,6.08,0.85,1
47.28,3.86,12.16,3.18,0.5,1
43.36,6.46,15.23,23.02,0.5,1
44.42,3.17,10.83,68.11,0.85,0
35.12,9.62,6.49,17.91,0.85,0
58.6,7.95,14.47,5.34,0.5,1
42.58,7.41,3.21,18.44,0.2,0
23.8,5.88,7.31,24.73,1.0,0
23.4,5.42,14.98,46.91,0.85,0
45.81,8.11,12.52,13.02,0.5,1
31.23,2.46,21.88,22.2,1.0,0
46.02,2.96,7.31,51.58,0.5,0
61.5,6.54,11.09,52.05,0.85,0
49.27,4.69,14.17,28.52,0.5,1
53.32,3.46,9.1,12.29,0.2,1
49.26,8.44,6.15,15.17,1.0,0
36.36,5.14,3.46,5.85,0.3,1
52.13,5.73,5.1,11.01,0.3,1
38.45,8.55,2.23,7.23,0.85,0
54.03,4.43,5.74,55.57,0.85,0
55.96,12.33,3.49,24.71,1.0,0
52.25,2.59,1.68,20.58,0.85,1
40.34,8.41,7.21,6.44,1.0,0
40.48,3.58,8.69,8.56,0.2,1
59.21,7.72,10.28,26.47,0.5,0
38.27,3.21,14.85,22.73,0.3,0
39.36,1.99,2.29,45.27,0.3,0
54.27,7.77,3.29,10.1,0.85,1
68.8,3.94,7.61,7.55,0.2,1
36.86,2.04,10.56,24.75,0.2,0
30.63,7.96,4.96,6.15,0.5,1
55.89,5.4,4.93,43.72,0.5,0
57.25,3.93,1.65,35.83,0.3,1
40.55,5.89,10.17,48.96,0.85,0
57.61,4.41,9.9,35.49,0.2,1
50.8,4.12,9.13,34.52,0.85,1
56.92,7.28,19.34,33.56,0.3,0
44.71,5.43,8.7,4.02,0.5,1
60.21,3.09,14.43,1.66,1.0,1
51.19,4.77,7.22,11.42,0.5,1
29.92,7.23,13.51,19.23,0.85,1
38.36,2.54,14.91,14.74,0.5,1
55.02,8.83,1.9,8.31,0.2,0
51.5,5.33,3.51,45.42,0.85,0
46.02,5.11,16.86,23.13,0.2,0
49.16,5.25,8.7,26.52,0.3,1
40.51,10.81,13.14,33.21,1.0,0
35.02,4.78,10.71,17.04,0.5,1
47.11,3.96,10.27,10.89,0.5,1
44.8,12.5,3.47,79.17,0.2,0
45.51,4.46,1.39,8.47,0.3,1
35.66,7.77,10.51,3.6,0.85,1
51.83,6.68,23.97,51.73,0.2,0
39.11,4.83,10.97,4.38,0.85,1
32.65,12.5,12.9,14.29,0.5,0
24.07,6.4,2.29,61.18,0.5,0
45.56,2.86,17.72,7.12,0.85,0
40.22,1.32,11.19,29.84,1.0,0
52.62,6.73,12.76,59.22,0.2,0
55.74,4.12,16.34,31.62,1.0,0
28.02,1.95,11.55,16.31,0.85,1
37.2,4.54,3.72,25.87,0.2,1
54.14,6.97,10.0,3.91,1.0,1
48.24,4.36,4.43,23.57,0.5,1
57.95,4.7,14.68,14.82,0.5,1
59.22,1.24,7.1,13.69,1.0,0
62.92,6.74,3.21,5.61,0.3,1
55.22,1.68,8.54,55.28,0.2,0
42.9,3.44,8.81,0.47,0.2,1
25.28,5.58,19.71,25.26,0.85,0
60.17,3.05,2.93,14.02,1.0,1
48.12,3.41,5.45,18.12,0.5,1
45.21,2.11,14.77,3.72,0.2,0
56.93,5.44,5.71,7.43,1.0,1
60.51,5.68,18.73,31.2,0.85,0
58.07,4.9,6.86,50.47,1.0,0
53.61,1.15,15.17,41.64,0.2,0
45.88,1.45,11.42,38.82,1.0,0
27.87,7.76,5.76,15.49,0.5,0
30.7,3.89,9.14,16.26,0.5,1
56.33,12.5,7.3,43.55,0.85,0
39.81,5.46,18.0,4.91,0.5,0
35.62,12.21,19.84,31.06,0.85,0
31.57,4.33,29.44,35.74,1.0,0
50.96,3.62,16.61,21.45,1.0,0
57.79,6.78,18.59,47.8,0.5,0
45.95,8.59,11.09,30.67,0.2,0
50.09,4.34,8.72,28.43,0.85,0
33.34,6.66,10.67,40.55,0.2,0
27.5,1.69,15.54,24.82,0.85,0
51.07,2.86,13.22,8.64,0.5,0
46.54,5.99,2.8,17.01,0.85,1
58.03,3.9,9.66,29.29,0.3,1
58.34,5.57,7.58,15.88,1.0,1
50.58,6.04,5.88,20.71,0.3,1
54.06,6.61,7.02,2.49,0.85,1
60.78,7.68,6.84,28.33,1.0,1
27.61,7.77,4.4,3.16,0.3,0
42.69,2.5,9.17,14.21,0.85,1
44.98,4.39,23.38,5.48,0.5,0
61.61,4.31,5.93,9.92,0.3,1
49.45,4.64,4.9,21.49,0.2,1
25.76,4.11,11.45,24.73,0.5,0
35.11,4.81,5.45,42.89,0.85,0
20.51,3.35,12.54,47.15,0.85,0
25.36,7.42,10.82,1.54,1.0,0
28.39,6.05,18.53,13.53,0.5,0
44.26,3.33,5.37,18.46,1.0,1
41.89,4.86,15.93,50.9,0.2,0
45.36,11.58,12.42,34.92,0.2,0
29.88,2.59,8.14,8.19,0.85,1
36.35,2.92,6.12,46.81,0.2,0
42.22,7.6,5.38,10.08,1.0,1
60.68,10.29,8.15,14.45,0.2,0
70.0,5.69,6.79,30.27,0.85,1
33.57,5.03,10.61,10.78,0.3,1
31.91,2.3,7.62,65.24,0.5,0
57.0,3.72,5.21,11.51,0.3,1
51.7,3.61,14.29,26.75,0.85,1
38.62,3.74,8.16,8.59,0.85,1
43.5,3.12,9.21,14.38,0.5,1
49.53,2.22,11.79,26.27,1.0,1
39.25,6.82,5.22,5.03,0.85,1
55.19,5.88,6.79,50.65,1.0,0
41.08,2.22,5.07,15.42,0.5,1
46.57,4.89,11.25,12.54,0.85,1
44.84,4.02,15.91,15.6,1.0,1
55.22,10.94,7.66,10.04,0.5,0
29.6,9.01,4.53,80.33,0.85,0
58.34,10.9,13.32,73.66,0.2,0
29.82,3.69,29.87,12.37,0.85,0
41.32,1.55,4.8,81.27,0.2,0
58.78,2.45,5.23,28.25,0.85,0
38.78,3.73,13.91,60.38,0.2,0
58.32,4.18,7.06,19.72,0.85,1
49.93,11.03,13.17,11.76,1.0,0
40.43,7.4,6.63,52.57,0.5,0
31.95,5.89,13.09,26.37,1.0,1
66.47,9.08,12.57,38.05,0.5,0
30.37,6.43,14.56,34.5,0.85,0
40.96,7.16,14.47,22.79,0.85,1
30.54,4.02,2.6,66.89,0.85,0
65.28,1.94,11.71,8.39,0.85,0
40.34,1.7,8.06,32.99,0.2,0
35.61,1.72,13.15,14.65,1.0,0
36.95,6.77,19.55,26.15,0.3,0
49.03,2.99,7.98,23.08,0.85,1
62.32,4.04,4.84,15.58,0.5,1
45.87,2.1,10.61,28.46,0.5,0
22.55,8.46,3.75,0.91,1.0,0
52.08,4.76,4.36,31.44,0.85,1
38.24,5.43,20.42,26.6,1.0,0
43.55,5.73,3.86,1.17,0.2,1
46.7,6.11,10.56,25.06,0.85,1
44.8,8.69,14.09,16.3,0.2,0
30.5,6.89,8.81,34.44,0.85,1
55.43,2.66,12.75,44.55,0.5,0
43.3,2.9,10.07,0.42,0.5,1
38.97,12.5,30.73,41.28,0.5,0
48.86,7.88,2.76,11.65,1.0,1
36.29,12.5,5.24,14.6,0.2,0
40.72,4.2,10.03,25.95,1.0,1
45.94,10.27,9.14,11.3,1.0,0
54.0,6.21,3.03,13.26,0.85,1
61.67,5.62,9.68,26.49,1.0,1
58.57,4.87,3.32,7.9,0.85,1
47.67,7.34,12.03,55.26,1.0,0
52.97,6.36,11.34,23.38,0.5,1
57.99,4.34,2.49,27.98,0.3,1
39.63,3.43,8.5,37.14,0.5,1
55.44,4.41,12.41,54.9,0.5,0
45.58,4.79,14.35,27.06,1.0,1
62.19,3.83,1.76,4.27,0.85,1
51.78,2.84,8.51,36.16,0.5,1
47.94,4.98,25.03,12.2,0.5,0
45.72,5.97,7.35,41.41,0.2,1
43.29,5.55,9.47,9.59,0.2,1
50.12,2.43,6.19,11.58,0.85,1
56.17,10.87,2.23,18.8,0.85,0
57.49,12.27,17.64,6.08,0.5,0
68.84,6.71,10.99,23.32,1.0,1
48.57,7.43,9.31,26.2,0.2,1
60.74,5.45,14.61,17.58,0.5,1
28.24,5.8,3.96,6.44,1.0,1
35.77,1.63,16.31,13.9,0.3,0
60.04,4.56,10.63,46.41,0.2,0
51.42,4.59,12.35,40.57,0.85,1
62.65,12.07,10.81,12.64,0.2,0
47.49,4.07,14.92,11.43,0.5,1
68.55,10.78,14.15,28.67,0.5,0
35.54,4.86,10.04,46.52,0.5,0
42.63,3.75,15.4,29.32,0.85,1
63.44,1.7,13.98,57.12,1.0,0
40.02,5.75,9.02,55.93,0.2,0
59.01,3.07,3.04,25.18,0.2,1
55.34,1.85,16.25,6.34,1.0,0
26.88,6.68,7.24,18.96,0.2,0
65.75,5.87,14.82,5.89,0.2,1
35.83,6.14,13.68,24.38,0.5,1
37.49,4.84,2.87,11.44,0.5,1
52.31,3.25,5.82,66.87,0.85,0
33.2,2.61,15.05,10.97,0.5,0
53.31,10.07,10.2,23.06,1.0,0
52.53,6.98,6.52,17.68,1.0,1
34.29,7.94,4.14,10.03,0.85,1
63.3,4.44,8.03,73.03,0.2,0
48.6,3.02,10.93,27.55,0.5,1
33.91,2.83,6.92,2.47,1.0,1
45.94,5.03,10.5,17.09,0.5,1
23.03,3.09,14.65,4.22,1.0,0
22.47,1.52,5.8,35.16,0.85,0
57.21,6.5,2.95,68.88,0.85,0
40.78,7.94,4.47,22.37,1.0,1
40.94,3.53,5.32,47.25,1.0,0
56.65,1.8,3.67,28.7,0.85,0
52.2,5.28,7.66,23.53,1.0,1
42.64,4.41,6.57,25.21,1.0,1
56.03,3.89,7.35,2.87,0.3,1
27.72,6.08,7.03,5.62,0.5,0
39.02,5.13,5.49,9.45,0.5,1
34.18,5.95,11.14,27.51,0.5,1
53.76,5.0,5.39,59.24,0.2,0
32.89,3.09,19.01,16.53,1.0,0
59.65,2.96,6.46,17.82,0.5,1
43.24,4.84,20.48,52.06,0.5,0
43.81,7.64,4.63,31.79,0.5,0
36.08,5.07,2.89,81.14,0.5,0
43.64,3.3,6.31,9.59,0.5,1
57.9,5.27,6.51,25.59,0.2,1
37.23,5.38,14.54,14.73,0.85,1
50.62,3.11,13.69,55.53,1.0,0
43.33,12.18,4.57,12.85,0.85,0
45.85,7.44,18.54,35.36,0.3,0
39.95,4.45,6.95,7.37,0.5,1
39.73,11.7,24.94,25.97,0.2,0
39.01,5.76,21.56,5.31,0.2,0
54.75,5.51,5.83,1.19,0.2,1
20.07,9.55,8.28,22.48,0.5,0
49.26,7.46,15.55,21.36,1.0,1
57.82,6.2,6.23,26.22,1.0,1
53.01,3.83,8.25,21.22,0.2,0
27.1,4.81,4.67,26.55,1.0,0
22.67,4.41,8.93,36.88,0.5,0
23.77,3.34,5.84,20.19,0.85,0
49.87,12.5,3.4,16.55,0.85,0
59.54,7.5,12.03,24.64,0.5,1
51.31,4.31,6.99,44.09,0.5,0
39.67,5.87,9.44,80.43,0.2,0
63.06,4.43,9.77,9.01,1.0,1
28.28,3.04,10.33,15.23,0.85,1
38.74,1.51,13.64,4.34,0.5,0
46.15,6.14,12.53,23.63,0.85,1
46.98,4.89,13.39,45.54,0.3,0
56.51,8.58,14.63,31.8,1.0,0
37.64,3.55,7.51,44.93,0.2,0
67.47,8.59,14.17,2.7,0.5,0
29.04,9.1,7.01,19.57,1.0,0
49.34,1.91,7.8,9.23,0.5,1
48.48,7.97,17.58,7.06,1.0,0
51.46,7.29,11.74,38.64,0.5,1
45.68,4.63,5.5,14.25,0.5,1
58.44,8.51,11.57,32.83,0.85,0
35.54,7.8,4.06,9.87,0.2,0
19.16,5.17,5.65,29.98,1.0,0
25.15,1.86,2.26,43.96,0.5,0
56.37,4.2,11.84,13.76,0.2,1
38.0,8.03,20.1,4.34,0.3,0
63.4,5.71,19.12,5.45,0.5,0
49.16,3.75,14.53,23.78,0.2,1
41.66,4.99,4.17,28.64,0.5,0
64.36,5.16,15.52,31.35,1.0,1
35.83,2.98,1.0,31.82,0.2,1
42.72,3.69,18.22,19.05,0.2,0
41.15,12.5,12.27,43.89,0.5,0
66.43,0.82,4.4,30.88,1.0,0
38.73,4.96,9.92,58.94,0.2,0
61.46,8.03,10.91,11.33,1.0,1
51.3,4.91,5.76,70.3,0.5,0
61.98,3.47,15.74,13.86,1.0,1
58.02,4.03,9.16,56.57,0.5,0
56.59,11.88,9.93,35.05,1.0,0
47.05,6.85,16.93,3.1,0.3,0
50.41,6.63,11.38,30.92,1.0,1
45.27,4.62,10.32,58.31,0.2,0
25.97,5.54,3.61,11.51,0.5,0
32.55,2.7,9.58,71.35,1.0,0
24.98,12.25,18.11,6.62,1.0,0
59.71,7.09,10.58,24.99,0.3,1
55.39,4.93,5.99,17.08,0.85,1
32.44,5.33,15.08,72.21,0.85,0
33.73,6.34,8.05,27.56,0.85,1
61.03,2.69,2.75,40.83,0.3,1
69.39,4.15,8.73,19.58,0.3,1
25.74,2.74,13.44,46.65,0.85,0
47.07,7.07,18.33,35.18,1.0,0
58.51,2.21,11.55,46.14,0.2,0
30.07,2.85,15.36,10.72,0.85,1
44.24,7.54,13.18,24.79,0.85,1
45.81,5.56,4.51,22.79,0.85,0
49.67,11.19,24.24,6.95,1.0,0
53.56,4.12,2.26,16.0,0.85,1
37.99,4.51,5.84,18.05,0.3,1
41.26,9.96,13.48,10.82,0.5,0
50.94,8.64,3.75,42.99,0.5,0
63.89,7.63,9.98,47.51,0.5,0
57.21,3.19,10.98,41.92,0.85,1
58.29,3.35,11.96,12.59,0.2,1
66.61,4.72,4.18,8.5,0.2,1
59.34,4.65,4.89,9.34,0.85,1
43.02,3.23,3.58,46.0,0.85,0
60.26,4.02,4.34,43.63,0.85,0
40.57,4.79,15.2,6.33,0.3,1
64.22,8.39,3.4,52.77,0.2,0
27.2,9.59,7.59,11.86,0.2,0
69.66,6.94,1.09,9.04,0.85,0
23.09,2.0,13.48,3.75,0.3,0
54.87,8.97,20.81,63.45,1.0,0
43.87,6.96,6.19,18.17,0.5,1
64.41,7.78,6.27,46.16,1.0,0
23.74,3.34,10.07,33.72,0.3,0
48.1,10.15,3.7,22.05,0.85,0
46.55,4.42,10.51,9.43,0.2,1
67.14,3.2,9.71,20.3,1.0,1
33.53,7.27,7.56,14.81,0.2,1
54.47,4.75,12.21,21.51,1.0,1
33.56,6.85,9.61,9.32,0.2,1
39.3,4.01,15.52,50.48,0.5,0
45.98,2.57,12.72,10.97,0.2,1
55.32,3.95,10.17,8.85,0.85,1
47.23,2.24,6.44,8.99,0.85,1
40.66,6.97,1.54,35.72,0.5,0
29.8,0.96,7.18,35.53,0.3,0
37.92,8.68,13.69,14.8,0.2,0
43.33,2.35,17.13,27.45,1.0,0
41.63,8.11,15.73,13.21,0.85,1
22.81,6.52,7.16,7.75,1.0,0
52.15,1.32,1.58,42.63,0.85,0
60.36,5.44,19.38,11.58,0.3,0
31.51,2.16,11.89,10.21,0.5,1
39.31,5.46,8.68,35.38,0.3,0
44.73,3.38,13.81,40.63,0.2,1
30.97,1.34,2.95,48.99,0.3,0
51.55,6.35,2.9,20.6,1.0,1
36.59,4.66,12.33,14.68,1.0,1
35.71,4.92,2.51,27.1,1.0,1
43.11,1.51,2.09,10.88,0.85,0
48.37,1.4,12.58,17.14,0.2,0
40.87,4.17,13.01,8.42,0.2,1
43.84,7.99,7.75,32.23,0.3,1
40.18,7.03,7.46,10.69,1.0,1
53.64,6.24,8.15,13.46,0.3,1
47.41,9.31,7.15,6.21,0.5,0
40.21,3.48,8.21,32.09,0.2,1
39.97,6.44,4.56,51.1,1.0,0
43.33,1.77,10.23,9.27,0.2,0
42.93,12.5,9.22,14.15,0.2,0
50.62,3.13,11.57,47.57,0.3,0
32.97,6.18,4.52,46.16,0.2,0
53.02,11.08,2.94,26.65,1.0,0
47.31,3.93,14.48,4.38,0.2,1
47.0,6.1,17.66,15.47,0.85,0
44.55,5.38,4.36,59.51,0.2,0
19.37,3.82,7.79,48.33,0.2,0
42.38,3.36,12.68,38.13,1.0,1
61.5,2.32,9.33,18.57,0.2,1
25.71,0.8,9.96,2.92,1.0,0
34.82,4.45,6.78,38.03,0.5,1
32.21,3.18,3.51,36.48,0.2,1
34.55,3.06,21.11,16.51,0.85,0
49.98,6.68,13.05,42.21,0.5,0
43.49,5.19,6.49,11.74,1.0,1
35.46,8.28,12.48,49.12,0.85,0
54.88,3.8,7.45,4.02,0.85,1
64.31,2.44,4.71,1.7,0.2,1
25.25,6.74,11.79,3.76,1.0,0
45.02,6.92,7.72,67.29,0.2,0
52.11,5.68,3.42,11.94,0.5,1
52.5,3.01,6.67,37.74,0.3,1
34.8,4.96,7.45,22.06,0.85,1
20.14,2.37,7.4,15.27,1.0,0
48.33,3.15,10.04,44.73,0.2,0
46.09,8.86,8.08,25.52,0.2,0
40.66,3.61,12.99,9.53,0.2,1
46.18,7.77,10.85,39.32,0.85,0
54.41,5.86,9.33,27.28,0.5,1
19.11,10.95,13.45,33.31,1.0,0
42.75,5.74,19.03,40.69,1.0,0
32.05,5.55,5.14,27.49,0.2,1
50.38,1.78,14.11,8.68,0.85,0
25.8,3.21,8.0,27.27,0.5,0
46.06,4.16,9.96,38.13,0.5,1
44.17,12.5,14.88,65.1,0.2,0
60.89,3.35,9.79,37.35,0.5,1
62.19,2.47,4.51,18.43,0.85,1
29.49,2.0,23.08,78.41,1.0,0
49.75,1.74,15.43,9.92,0.5,0
37.78,12.5,3.24,9.94,1.0,0
43.57,5.32,4.34,12.1,0.2,1
44.35,2.67,6.92,20.01,0.3,0
50.32,9.45,8.59,15.17,1.0,0
64.21,11.71,4.2,55.7,0.85,0
23.92,2.74,8.25,3.56,0.5,0
20.09,3.71,8.22,18.29,0.3,0
25.14,8.67,5.6,43.4,1.0,0
34.53,6.97,3.97,7.74,0.85,0
60.98,4.38,4.17,62.54,0.85,0
48.24,8.8,15.14,74.64,0.85,0
46.0,1.74,14.21,24.4,0.3,0
43.19,0.8,1.25,1.07,0.5,0
34.99,2.4,5.03,46.53,0.3,0
53.15,3.1,1.52,17.05,0.2,1
56.52,2.88,3.8,15.65,0.85,1
45.51,1.09,2.72,2.64,0.2,0
38.48,3.85,13.45,14.15,0.5,0
35.04,6.45,6.97,5.74,0.3,1
54.01,7.49,12.21,25.04,0.5,1
35.51,7.18,9.53,3.73,1.0,1
56.78,8.37,5.45,18.69,0.5,0
54.53,6.06,8.93,68.82,1.0,0
51.8,3.47,5.25,9.42,0.85,1
35.24,1.47,6.8,33.72,0.5,0
61.21,1.44,16.73,1.5,0.5,0
53.9,5.12,14.72,16.65,0.5,1
50.57,2.77,8.1,19.78,1.0,1
32.32,4.98,4.29,20.05,1.0,1
35.52,2.25,4.16,40.13,0.85,1
60.21,9.25,11.31,56.13,1.0,0
20.31,3.93,8.9,40.52,1.0,0
50.89,4.11,9.47,57.95,0.5,0
60.77,4.33,2.68,0.69,1.0,1
29.64,0.8,7.29,24.55,0.85,0
60.15,8.7,7.17,10.54,0.5,0
39.16,2.43,5.78,26.24,1.0,1
32.42,4.39,13.31,12.26,0.2,1
51.32,4.9,3.74,23.88,0.85,1
40.61,2.93,14.05,14.16,0.2,1
47.72,6.54,2.9,8.39,0.2,1
39.91,8.18,4.1,16.04,0.2,1
65.2,1.45,9.35,12.05,0.85,0
38.21,6.91,10.13,20.47,0.5,1
67.21,1.26,21.81,10.37,0.5,0
29.91,2.94,10.57,17.02,0.5,1
57.97,3.44,9.92,9.43,0.85,1
41.76,3.5,4.6,52.05,0.5,0
56.9,8.94,2.88,3.13,1.0,0
36.96,3.63,14.09,31.96,0.5,1
53.61,3.63,13.71,20.34,0.85,1
35.69,2.06,7.9,2.09,1.0,1
52.18,5.59,2.73,35.04,1.0,1
31.51,4.2,8.7,8.43,1.0,1
50.94,6.17,7.59,11.1,0.5,1
44.63,2.03,12.88,59.51,0.3,0
54.92,11.08,10.07,2.82,1.0,0
28.71,7.17,3.87,8.41,0.85,1
49.87,12.5,4.45,50.79,0.85,0
46.88,4.86,3.98,6.99,0.2,1
39.58,7.94,6.69,15.36,0.2,1
34.11,11.23,5.93,25.92,0.5,0
38.97,5.66,5.63,17.65,0.2,1
56.13,4.28,8.25,28.73,1.0,1
35.55,3.58,15.11,40.03,0.5,0
44.81,3.98,6.39,17.14,0.85,1
42.96,5.23,6.12,47.79,0.5,0
31.97,4.17,8.48,12.06,0.85,1
28.5,6.83,6.39,16.7,0.85,1
56.65,9.71,10.64,24.27,0.2,0
55.28,2.29,2.51,13.35,1.0,1
25.82,2.28,5.19,57.82,0.2,0
36.65,3.66,13.21,75.68,0.2,0
39.49,1.46,16.22,24.95,0.85,0
49.73,10.67,7.85,26.99,0.2,0
54.61,8.39,5.33,33.63,0.85,0
28.34,4.25,6.94,32.66,0.85,0
47.58,4.48,14.95,5.21,0.85,1
28.7,5.74,10.8,35.78,0.5,0
46.3,2.96,6.48,18.64,0.85,1
54.13,3.9,13.76,3.83,0.2,1
55.99,3.09,7.81,7.8,0.5,1
31.52,4.91,3.89,8.37,0.2,1
52.88,4.98,4.15,12.78,0.85,1
44.54,4.41,24.12,5.15,1.0,0
48.03,7.97,4.82,42.56,0.85,0
52.33,4.44,17.56,23.79,0.85,0
30.4,4.59,14.15,20.57,0.2,1
57.47,1.81,6.97,14.02,0.2,1
27.21,6.72,6.97,30.59,1.0,0
24.82,5.18,11.14,59.53,0.85,0
48.25,7.11,7.64,4.21,0.85,1
41.39,2.81,3.51,21.3,0.85,1
55.29,2.38,20.84,8.83,0.2,0
20.59,4.13,7.47,11.92,0.2,0
49.75,1.3,5.73,10.71,0.3,0
41.36,10.99,2.87,16.51,0.2,0
26.0,4.06,9.55,33.79,1.0,0
57.07,0.84,7.89,24.44,1.0,0
49.07,3.51,19.44,5.87,1.0,0
37.26,4.3,1.41,0.22,0.85,1
38.09,9.75,20.55,6.52,0.2,0
47.27,4.88,16.87,5.92,1.0,0
40.67,1.91,7.97,4.03,0.2,1
61.01,5.78,7.97,5.39,0.85,1
33.65,4.84,7.5,4.62,1.0,1
25.85,4.21,6.32,35.22,0.2,0
61.19,3.83,12.41,13.72,1.0,1
45.77,7.68,12.42,4.78,1.0,1
19.05,4.76,5.57,15.21,0.5,0
49.96,4.59,7.73,19.36,0.3,1
42.62,8.63,4.25,11.18,0.85,0
27.02,7.22,15.2,45.94,1.0,0
69.77,5.79,5.71,50.32,0.3,0
28.41,3.14,11.43,23.03,0.5,1
20.79,3.98,17.23,24.13,0.2,0
34.61,4.5,6.56,5.51,0.5,1
61.71,2.06,12.27,19.15,0.85,1
31.06,3.55,11.07,16.27,0.2,1
59.42,4.85,8.5,0.12,0.85,1
38.06,6.46,14.3,5.21,1.0,0
37.61,6.31,12.7,44.42,0.85,0
24.7,1.58,12.47,43.8,0.85,0
32.35,3.84,11.08,23.46,0.85,1
48.5,2.92,5.07,20.45,0.5,1
44.37,1.37,18.46,61.58,1.0,0
45.2,4.38,6.94,69.91,0.5,0
35.51,3.52,14.95,12.95,0.85,1
45.87,4.76,11.28,49.96,0.5,0
55.86,6.34,6.41,40.12,0.85,1
35.21,5.76,17.59,71.17,0.85,0
33.21,11.8,3.05,6.94,1.0,0
34.1,5.17,10.44,78.93,0.85,0
35.49,9.56,11.38,22.18,0.2,0
61.83,2.46,12.58,47.23,0.2,0
52.42,5.71,10.21,6.37,0.2,1
41.93,3.12,4.58,34.49,0.5,1
38.02,4.1,10.64,1.56,0.5,1
45.01,7.31,12.57,21.72,1.0,1
46.8,4.08,15.72,13.08,0.85,1
36.24,8.04,13.07,15.71,0.85,0
45.75,3.17,2.61,29.42,0.5,1
55.12,2.4,10.19,11.65,0.85,1
54.84,5.34,11.96,19.46,0.3,1
48.74,5.47,22.32,21.71,0.5,0
36.08,3.93,3.7,36.1,0.5,1
48.99,6.6,5.98,49.96,0.2,0
50.67,1.22,14.48,39.77,0.85,0
49.31,2.63,10.4,10.12,0.5,1
51.97,5.95,6.35,30.38,0.2,1
56.94,4.17,11.91,35.4,0.5,1
21.99,3.26,6.01,42.3,0.5,0
43.01,5.12,4.52,3.43,0.2,1
58.59,7.72,3.22,8.38,1.0,1
16.3,5.73,10.33,19.62,0.85,0
44.28,7.07,5.82,28.57,0.2,1
63.67,5.89,11.39,24.65,0.2,1
59.93,8.78,12.75,29.19,0.85,0
53.25,3.54,14.9,1.69,0.85,1
47.57,7.99,8.61,35.25,1.0,1
59.25,1.65,4.32,51.47,0.5,0
35.24,2.25,4.47,58.4,0.85,0
64.74,6.52,6.92,46.96,0.3,0
55.7,2.17,11.65,17.73,0.5,1
47.78,3.93,17.72,37.16,0.5,0
22.35,8.71,19.42,58.06,1.0,0
60.43,2.43,5.46,18.22,1.0,1
50.14,7.4,4.0,25.3,0.85,0
31.7,3.82,15.93,41.43,0.2,0
53.14,2.3,12.0,31.61,0.5,1
41.92,4.73,7.81,40.33,1.0,1
45.14,8.4,3.39,7.15,1.0,0
35.57,2.12,7.26,33.68,0.3,0
59.07,2.05,1.0,22.83,0.5,1
61.06,6.41,16.75,31.39,0.85,0
43.44,3.44,13.46,8.45,0.2,1
53.8,11.88,9.36,9.82,0.2,0
60.69,5.48,9.55,2.45,0.3,1
58.6,7.71,3.79,3.53,1.0,1
22.31,5.38,17.9,65.72,0.2,0
61.33,2.16,5.41,42.75,0.5,0
34.4,2.76,3.31,34.0,0.85,1
56.98,2.98,14.62,24.98,0.85,0
58.26,6.07,11.54,9.34,1.0,1
35.32,4.64,4.0,70.25,1.0,0
55.52,1.44,1.0,13.58,1.0,0
25.89,6.69,13.81,36.34,0.85,0
45.52,12.5,16.7,0.14,1.0,0
68.44,2.41,11.38,4.56,0.85,1
22.51,2.63,15.66,52.86,0.2,0
52.71,3.19,11.6,55.55,0.2,0
64.5,4.34,23.86,12.79,0.5,0
29.11,2.52,22.95,37.72,0.85,0
49.3,8.65,15.71,18.39,0.85,0
43.4,10.35,11.32,54.57,0.2,0
52.52,4.98,2.74,14.47,1.0,1
20.34,4.5,14.31,2.18,0.2,0
36.7,1.56,12.58,20.4,1.0,0
35.29,2.27,15.56,14.97,0.5,1
58.69,1.09,20.62,7.16,0.85,0
33.12,3.28,27.43,49.44,1.0,0
54.97,3.64,3.19,39.43,0.2,1
30.41,6.36,1.0,8.6,0.2,0
41.35,5.01,12.7,5.7,0.2,1
36.34,2.88,16.84,9.08,0.2,0
49.06,6.55,10.01,53.23,0.2,0
66.44,12.5,2.34,42.95,0.3,0
54.35,6.73,14.31,13.78,0.2,1
54.01,3.46,4.58,4.8,0.5,1
67.75,5.3,8.72,45.06,0.5,0
40.91,2.48,7.18,81.22,1.0,0
44.24,2.32,8.89,27.9,0.5,1
59.54,10.77,4.09,22.52,0.5,0
57.78,5.35,11.7,25.19,0.3,1
27.47,7.84,7.69,32.05,1.0,0
49.68,4.0,7.35,43.49,0.2,0
31.65,2.31,4.44,8.25,0.2,1
23.99,2.04,10.81,20.13,1.0,0
36.94,2.72,11.47,42.66,0.5,0
24.69,5.74,2.78,40.12,1.0,0
53.71,1.78,14.93,22.57,0.2,0
49.39,4.75,16.96,26.4,0.85,0
45.8,6.15,25.46,18.12,1.0,0
60.56,2.26,6.83,27.04,1.0,1
41.31,12.5,10.59,37.53,0.3,0
45.2,7.35,3.53,37.15,0.85,1
33.64,4.33,7.85,69.35,1.0,0
25.05,3.0,15.97,13.49,0.2,0
31.26,5.46,12.61,4.27,0.2,1
53.13,5.36,9.19,39.71,1.0,1
15.95,4.81,15.38,31.37,1.0,0
65.33,5.57,15.13,20.52,1.0,1
46.98,2.57,17.86,60.37,0.5,0
52.67,6.71,4.79,6.26,0.2,1
26.51,1.95,5.2,4.47,0.3,0
47.87,1.94,22.85,3.41,0.85,0
32.65,1.16,9.07,53.0,0.2,0
46.14,6.32,11.28,12.39,1.0,1
35.37,5.66,17.75,4.36,0.2,0
45.73,4.58,9.61,17.58,0.5,1
27.6,3.19,4.0,44.28,0.85,0
43.04,3.53,7.37,53.78,1.0,0
39.06,2.51,9.22,3.64,0.85,1
43.57,5.31,8.62,30.2,0.85,1
20.08,1.02,27.42,19.21,0.85,0
39.35,1.39,5.24,15.67,0.2,0
31.45,2.59,13.45,29.0,0.5,1
34.01,4.97,1.62,32.51,0.5,1
46.44,4.38,7.1,29.14,0.2,1
22.91,8.99,3.1,34.69,1.0,0
45.59,3.94,9.97,46.76,0.3,0
41.46,7.0,6.0,38.34,0.3,1
41.96,4.83,10.86,59.27,0.2,0
42.01,1.14,10.29,5.11,0.2,0
37.02,2.31,9.19,13.52,0.5,0
42.86,2.51,15.55,44.7,1.0,0
64.23,2.89,8.13,39.17,0.2,1
44.45,3.71,13.26,5.2,0.2,1
29.83,7.95,7.95,63.98,0.85,0
37.37,4.11,20.84,40.68,0.85,0
22.75,3.1,4.17,32.32,0.3,0
51.15,7.24,12.87,8.91,0.85,1
51.95,7.22,2.45,24.02,0.85,1
39.95,0.87,4.16,34.67,0.85,0
43.91,4.35,9.4,28.41,0.2,1
43.16,8.49,8.31,6.53,1.0,0
41.49,3.98,21.06,12.31,1.0,0
29.97,2.38,1.0,33.31,0.2,0
44.49,6.96,10.43,34.21,0.85,1
66.69,2.17,6.45,13.34,0.85,1
54.44,4.87,8.76,3.19,1.0,1
59.75,3.95,9.79,45.88,1.0,0
55.78,1.55,9.56,22.97,0.5,0
52.2,7.74,21.02,2.16,0.85,0
37.23,5.54,24.83,7.54,0.5,0
44.57,9.17,9.04,13.79,0.85,0
41.1,4.36,7.6,10.03,0.5,1
33.84,2.49,12.63,29.7,1.0,0
57.56,1.65,9.24,15.7,0.2,0
27.09,7.29,12.89,27.83,0.5,0
63.52,2.34,7.34,26.89,1.0,0
29.04,12.5,8.49,6.52,0.2,0
32.33,11.0,2.79,42.7,0.85,0
60.76,4.6,11.42,27.38,0.2,1
60.68,3.79,14.85,1.79,1.0,1
51.63,2.87,4.45,14.08,0.2,1
51.21,3.09,20.34,21.02,0.85,0
27.16,12.5,23.87,58.5,0.5,0
57.93,3.46,10.1,43.09,0.2,0
54.47,5.76,2.74,28.75,0.3,1
58.82,5.99,14.22,29.39,0.5,1
54.96,7.51,8.5,28.42,0.5,1
28.3,5.5,16.19,5.95,0.5,0
40.68,4.39,14.58,4.6,0.5,1
54.52,2.71,10.25,14.48,0.3,1
47.57,5.91,1.72,16.36,0.85,1
40.11,5.25,10.35,7.38,0.5,0
24.26,3.42,13.45,6.95,0.5,0
62.82,5.64,11.38,12.95,0.85,1
48.15,4.18,11.38,51.92,0.5,0
41.92,5.25,13.55,64.39,0.5,0
47.5,6.53,9.4,21.85,0.2,1
27.99,4.84,13.52,29.65,0.3,0
57.71,6.86,5.1,0.58,0.2,1
44.26,4.79,7.67,46.03,0.3,0
66.92,7.51,11.45,48.47,0.2,0
52.2,3.69,4.23,4.43,0.5,1
50.48,2.39,13.54,1.59,0.5,1
56.29,5.11,10.25,4.5,0.85,1
62.05,10.21,12.8,6.11,0.5,0
50.91,7.11,16.04,25.87,0.85,0
18.44,10.15,21.83,2.23,0.2,0
51.02,3.4,6.06,17.99,0.2,1
51.88,4.38,14.19,13.63,1.0,1
30.53,2.47,7.03,1.95,0.5,1
32.75,2.05,8.76,50.28,0.2,0
46.58,9.41,10.66,25.39,0.3,0
35.22,8.91,5.32,2.24,0.2,0
34.79,6.21,4.96,56.94,0.5,0
58.97,3.43,10.35,5.87,0.5,1
32.79,6.62,12.19,2.29,0.5,1
36.26,8.52,20.65,19.95,1.0,0
30.27,10.81,9.98,2.26,0.5,0
27.7,1.75,10.35,20.9,0.3,0
53.8,3.73,7.77,43.03,0.3,0
38.75,3.52,13.94,54.45,0.2,0
38.35,4.05,12.89,13.93,0.85,1
51.44,5.97,4.64,13.74,0.5,1
45.74,1.2,7.36,58.53,0.5,0
46.78,3.38,3.77,29.54,0.85,1
54.54,3.58,3.32,19.89,0.85,1
51.09,4.77,19.03,29.28,0.2,0
17.12,5.1,11.55,9.88,0.85,0
58.94,4.02,17.29,27.23,0.85,0
30.35,12.0,10.07,10.04,1.0,0
30.92,4.23,5.61,10.87,0.2,1
31.02,5.94,5.66,21.0,0.2,1
29.21,6.51,5.41,20.61,0.5,1
37.29,2.64,6.42,45.5,0.85,0
35.34,2.73,4.85,78.76,0.2,0
40.52,6.57,3.85,12.53,0.2,1
28.11,8.97,17.45,68.58,0.85,0
59.65,10.78,10.07,35.57,0.5,0
47.31,2.69,5.07,25.33,0.2,0
59.35,7.72,10.05,16.71,1.0,0
63.49,4.56,5.46,31.47,0.3,1
46.39,8.9,11.88,24.77,0.85,0
47.36,5.59,16.91,30.78,0.2,0
21.39,6.24,4.23,42.09,0.2,0
36.85,9.73,9.73,45.18,0.85,0
54.56,10.26,7.15,18.18,0.2,0
46.85,4.97,14.99,39.92,0.2,1
66.24,1.62,2.07,40.8,0.85,0
29.78,3.02,12.11,16.29,0.85,1
43.7,12.5,11.22,20.74,0.5,0
62.79,6.41,13.85,31.8,0.85,0
55.95,2.7,9.73,43.02,0.85,0
68.55,3.29,8.2,26.74,0.85,1
55.16,8.18,5.57,26.64,0.85,1
34.02,11.85,16.65,50.22,0.2,0
39.98,4.72,17.22,42.64,0.5,0
45.6,8.91,8.94,21.61,0.3,0
48.34,7.66,17.76,31.4,0.5,0
27.67,5.63,1.87,11.82,0.2,0
31.64,6.86,15.48,38.51,0.2,1
41.18,5.5,14.47,27.3,0.5,1
40.59,9.08,14.87,54.02,1.0,0
33.63,7.06,11.24,41.58,0.85,0
45.45,1.76,9.97,11.56,1.0,0
34.61,4.2,15.21,42.41,0.5,0
42.7,2.68,13.59,18.76,0.2,1
56.6,5.03,19.35,36.84,0.3,0
38.59,4.07,14.86,16.63,0.85,1
45.9,3.24,6.63,29.77,0.2,1
47.65,2.18,4.03,4.7,0.2,1
57.7,1.11,4.15,4.21,0.85,0
54.94,9.0,15.92,47.54,0.85,0
44.37,8.99,12.93,67.08,1.0,0
50.85,2.13,24.55,51.3,0.85,0
61.09,5.58,17.25,18.14,0.5,0
47.71,1.47,18.69,4.1,0.5,0
20.34,2.9,11.87,45.1,0.85,0
59.3,3.91,6.06,15.18,0.2,1
62.18,3.11,8.68,16.3,0.3,1
36.58,6.4,1.63,50.88,0.2,0
49.69,0.8,11.15,14.29,0.5,0
39.39,2.84,5.26,74.99,0.85,0
67.62,7.38,18.6,24.86,0.2,0
63.99,1.38,6.8,1.62,1.0,0
42.22,3.04,8.72,13.29,1.0,1
30.85,7.92,8.07,11.95,1.0,1
38.14,12.5,8.57,47.32,0.85,0
63.84,9.0,18.04,11.58,0.2,0
48.36,3.85,9.3,21.43,0.85,1
34.53,12.49,11.36,1.04,0.5,0
65.05,7.5,12.68,37.76,0.85,1
57.45,2.16,14.01,21.09,0.85,1
57.15,1.52,3.99,14.11,1.0,0
41.27,7.17,2.05,21.52,0.3,0
35.01,4.28,6.69,44.96,0.2,0
55.12,2.11,3.08,6.49,0.5,1
52.25,4.15,12.83,57.31,0.3,0
60.99,8.24,15.88,35.65,1.0,0
33.76,3.13,10.34,17.44,0.2,1
57.51,3.08,6.78,35.67,1.0,1
51.21,4.12,6.22,41.71,0.2,1
57.07,4.45,9.2,11.51,0.2,1
27.8,3.69,16.54,5.04,0.5,0
40.15,6.45,4.09,46.1,0.5,0
42.86,6.84,14.27,24.43,0.85,1
39.79,4.37,5.16,31.75,0.85,1
50.12,3.01,5.08,13.09,0.3,1
40.68,3.39,4.57,3.07,1.0,1
48.34,9.46,4.02,33.69,0.2,0
28.41,12.38,2.73,19.7,0.5,0
66.87,1.88,17.04,26.06,0.85,0
45.61,2.23,3.31,47.99,0.2,0
40.78,3.35,5.31,4.18,0.85,1
52.48,9.58,13.92,7.98,0.3,0
66.2,3.68,2.89,27.31,1.0,1
26.3,6.43,4.62,39.14,0.5,0
43.23,4.15,5.22,13.56,0.85,1
26.3,3.39,11.3,20.71,0.85,0
24.26,4.0,13.23,5.05,1.0,0
35.69,2.12,11.78,32.86,0.5,1
29.68,6.86,9.11,27.82,0.5,1
47.45,2.98,28.61,21.87,1.0,0
39.4,3.19,12.24,23.6,1.0,1
39.55,2.75,5.86,12.04,0.2,1
47.98,10.33,15.95,1.84,0.3,0
47.64,3.52,9.54,32.45,0.2,1
51.46,5.23,15.06,15.31,0.3,1
49.47,1.04,1.0,56.19,0.2,0
50.44,0.8,13.4,16.45,0.5,0
44.94,2.16,10.53,37.68,1.0,0
36.66,7.91,13.01,48.22,1.0,0
29.83,5.04,12.58,8.63,0.2,1
36.46,10.9,3.89,0.18,0.5,0
52.14,8.57,14.77,5.04,0.85,0
41.12,2.79,1.33,10.66,0.2,1
41.32,4.16,8.35,7.56,0.85,1
39.87,9.31,5.58,24.72,0.85,0
49.81,3.92,10.26,13.97,0.5,1
36.94,6.72,13.02,59.84,0.3,0
56.14,1.9,18.17,1.59,0.85,0
41.64,5.57,2.82,44.2,0.2,0
57.06,4.55,10.19,43.84,0.3,0
27.44,2.81,6.96,39.31,0.5,0
56.96,4.25,5.56,3.12,0.85,1
33.61,5.51,2.81,26.35,0.85,1
36.35,7.76,5.19,11.15,0.5,1
54.92,10.45,8.44,24.61,0.2,0
48.97,7.2,1.0,1.86,0.5,1
42.99,8.83,10.26,44.73,0.85,0
50.73,2.57,3.23,37.98,0.85,1
38.92,2.3,10.09,43.36,0.5,0
63.77,6.27,7.26,26.16,0.85,1
34.3,1.99,13.72,15.57,0.85,1
59.29,4.02,8.11,20.26,1.0,1
43.88,7.12,19.76,9.59,0.5,0
48.66,9.61,6.56,60.0,0.2,0
55.81,5.66,9.6,36.14,0.85,1
41.37,2.42,12.82,11.14,1.0,1
64.53,4.68,5.06,14.48,0.85,1
44.49,4.99,1.13,41.22,0.2,1
52.63,3.02,13.97,6.67,0.3,1
41.37,1.61,6.11,72.42,0.5,0
55.6,7.21,4.16,57.11,0.85,0
51.03,4.08,10.36,36.36,0.85,1
43.03,6.67,7.2,12.24,0.5,1
25.25,5.35,5.72,23.1,1.0,0
63.44,4.1,12.33,15.17,0.85,1
28.67,3.76,21.84,48.21,0.5,0
41.27,4.47,9.36,8.52,0.85,1
35.66,6.25,13.77,16.2,0.5,1
33.03,0.84,15.45,0.01,0.3,0
32.76,6.15,8.75,8.31,0.2,1
38.37,5.89,9.06,12.92,0.5,1
21.11,7.17,12.54,6.14,0.2,0
64.22,9.88,18.67,7.88,0.2,0
57.18,3.07,14.75,49.67,0.5,0
60.48,1.79,13.9,16.22,0.3,0
25.94,5.18,13.75,0.64,0.5,0
33.6,4.95,8.55,34.56,1.0,1
58.3,3.82,16.04,30.83,0.2,0
41.98,5.99,7.0,30.72,0.5,1
54.12,3.21,10.6,29.43,0.2,1
33.16,4.11,3.8,75.8,0.85,0
37.97,6.14,11.3,31.32,0.5,1
26.04,3.86,13.19,71.39,0.2,0
45.09,4.96,7.72,44.67,0.3,0
51.12,3.88,9.15,19.24,0.5,1
20.3,2.45,1.12,11.18,0.85,0
66.46,7.12,17.67,17.29,0.85,0
45.02,6.78,14.7,48.44,0.3,0
63.05,6.67,12.85,47.87,0.2,0
47.19,4.3,2.52,8.57,1.0,1
44.39,7.41,5.05,5.47,0.85,1
51.36,7.59,25.42,53.41,0.85,0
51.71,9.25,8.4,23.22,0.2,0
30.83,4.34,16.6,13.36,1.0,0
61.37,5.14,11.79,21.53,0.2,1
54.22,2.44,14.58,15.28,0.3,0
60.02,9.87,10.64,47.29,0.5,0
50.62,3.92,4.65,27.31,0.85,1
20.1,2.04,9.18,46.27,0.2,0
39.13,9.39,15.43,12.9,1.0,0
36.84,4.25,17.93,24.54,0.85,0
42.27,11.9,12.32,1.89,0.3,0
27.75,4.77,11.68,11.69,0.5,0
45.64,3.01,10.95,43.63,0.3,0
51.52,7.26,9.96,40.26,0.5,0
31.05,4.1,17.08,9.32,0.85,0
36.32,6.54,13.6,0.33,0.5,1
37.01,3.12,12.54,10.64,0.2,0
30.7,6.15,7.72,25.17,0.5,1
40.68,3.73,8.43,59.42,0.85,0
45.36,7.01,8.06,38.04,0.85,1
28.31,4.47,31.11,20.58,0.2,0
42.62,5.13,18.49,22.96,0.5,0
53.25,4.06,3.27,61.59,0.5,0
32.4,4.57,8.56,3.02,0.3,1
44.13,6.94,5.74,13.2,0.85,1
51.98,2.41,6.2,22.76,0.85,1
58.29,5.48,1.1,25.41,1.0,1
34.61,12.5,3.72,24.71,0.2,0
55.68,8.69,10.3,8.04,0.2,0
45.35,4.3,11.45,23.29,0.5,1
59.72,4.98,20.58,45.96,0.2,0
35.93,3.59,14.99,20.33,1.0,1
36.19,6.42,5.52,31.62,0.3,1
35.78,2.07,9.45,3.86,1.0,1
53.38,3.73,4.73,2.06,0.5,1
44.49,3.01,8.48,35.5,0.85,1
55.32,3.67,13.57,44.86,0.85,0
45.69,5.33,13.41,39.64,0.5,1
48.37,0.93,13.67,12.74,0.3,0
46.14,3.96,4.89,10.36,0.5,1
64.1,3.49,7.89,48.99,0.85,0
55.24,7.77,12.26,18.0,0.5,1
51.31,2.68,3.23,14.53,0.2,1
52.73,5.38,6.68,13.44,1.0,1
54.63,4.3,10.61,0.34,1.0,1
54.09,8.07,9.17,56.21,0.5,0
48.74,7.49,2.62,14.23,0.5,1
42.58,10.76,12.5,24.64,0.5,0
35.23,8.22,7.23,18.17,1.0,0
59.14,5.59,19.16,27.17,0.5,0
31.73,7.22,5.86,35.27,0.5,0
67.41,4.08,23.56,25.29,1.0,0
57.41,5.03,16.62,12.85,0.85,0
47.87,5.16,13.0,2.96,0.85,1
46.05,2.77,5.08,30.33,0.3,1
63.87,9.07,11.63,0.21,0.2,0
44.21,7.92,4.07,77.12,0.5,0
23.53,9.51,10.51,34.14,0.5,0
29.52,4.34,12.15,21.29,0.5,1
53.16,4.53,6.63,33.48,0.5,1
55.07,3.21,27.29,23.22,0.85,0
48.03,2.26,2.91,28.79,0.2,1
50.73,6.8,10.5,19.22,0.3,1
45.03,2.36,12.6,23.31,0.2,1
61.31,2.28,3.91,24.19,0.5,1
46.71,6.57,17.48,10.16,0.85,0
46.09,5.2,9.9,4.99,0.85,1
21.22,6.82,21.42,30.63,0.3,0
43.33,2.98,8.44,6.57,1.0,1
37.69,11.48,19.79,5.65,0.5,0
16.59,2.72,9.99,1.23,1.0,0
39.91,3.49,5.07,57.33,1.0,0
49.49,3.06,8.15,21.62,0.3,1
63.54,11.31,8.22,59.48,0.2,0
43.91,3.76,16.88,55.65,1.0,0
41.38,2.58,9.32,45.93,1.0,0
31.51,12.5,14.67,10.47,0.85,0
35.28,10.35,14.86,19.5,1.0,0
62.35,8.78,9.08,24.83,1.0,0
50.06,10.04,3.14,37.67,0.2,0
56.15,2.65,14.47,11.16,0.3,0
30.31,10.76,19.54,27.29,1.0,0
31.86,4.17,22.87,2.16,1.0,0
61.25,5.71,5.66,21.94,0.2,1
29.36,4.66,3.9,16.03,0.5,1
22.15,9.46,3.95,25.89,0.2,0
36.83,0.86,11.88,16.49,0.2,0
44.22,2.41,19.7,17.22,0.2,0
50.74,10.03,2.82,41.11,0.2,0
29.57,3.24,8.44,6.77,0.3,1
44.38,9.28,12.48,18.45,0.2,0
25.81,3.15,14.55,35.5,0.5,0
59.42,4.08,8.36,18.07,0.3,1
55.12,11.96,1.0,8.01,1.0,0
46.52,7.18,3.7,22.08,0.85,1
44.1,5.25,2.77,25.63,1.0,1
40.23,6.28,9.45,30.55,0.5,0
36.25,8.24,12.52,45.19,0.5,0
27.04,5.08,13.07,40.09,0.5,0
52.3,6.56,6.6,29.91,0.5,1
56.2,12.5,5.14,38.23,0.5,0
38.52,2.52,8.8,13.82,1.0,1
35.0,5.22,8.93,12.42,1.0,1
62.37,3.58,16.38,33.55,0.85,0
43.43,2.8,15.95,34.91,1.0,0
64.83,5.19,4.27,9.17,0.5,1
37.72,2.84,2.55,25.57,0.85,1
41.76,2.59,8.19,5.02,0.2,1
28.46,4.48,10.21,28.02,1.0,1
40.3,6.46,19.28,12.56,0.2,0
28.07,6.18,16.77,88.49,0.5,0
40.11,4.54,14.64,11.33,1.0,1
35.2,2.06,20.17,25.84,0.5,0
36.21,1.98,12.26,14.85,0.5,1
39.71,5.81,4.17,19.56,0.5,1
42.65,3.3,16.97,57.93,0.3,0
54.89,5.38,12.19,3.21,0.5,1
33.83,5.0,13.59,2.31,0.2,1
40.61,1.37,9.72,22.99,0.3,0
51.22,10.13,14.79,25.27,0.3,0
18.41,1.97,3.14,7.22,0.2,0
48.4,4.15,12.23,28.38,0.85,1
27.02,2.22,8.04,10.48,0.2,0
57.96,3.25,4.69,9.43,0.85,1
52.11,3.48,7.6,11.26,0.3,1
40.42,3.68,16.05,4.94,0.85,0
37.76,4.22,5.21,14.41,0.85,1
37.85,11.28,11.16,18.05,0.3,0
67.67,2.74,13.45,65.45,1.0,0
40.85,6.58,6.6,9.65,0.2,1
31.78,8.74,5.72,9.52,0.3,0
23.3,6.21,12.02,18.93,1.0,0
39.42,9.7,2.93,27.76,1.0,0
34.89,6.24,9.81,12.67,0.2,1
57.37,6.14,16.63,37.17,0.85,0
60.09,8.87,10.54,24.91,0.2,0
42.93,5.68,7.23,31.96,0.2,1
35.48,8.76,13.64,10.81,0.2,0
50.99,5.67,7.1,20.63,0.5,1
48.2,8.68,5.53,20.58,1.0,0
33.36,10.71,2.92,28.0,1.0,0
26.92,3.86,16.3,12.41,0.2,0
47.09,3.54,11.17,56.21,0.85,0
31.14,9.69,8.59,7.79,0.5,0
37.95,8.59,11.2,9.07,0.5,0
58.1,1.52,4.19,0.9,0.5,0
29.61,5.42,1.48,21.35,0.2,1
54.08,11.91,14.46,49.63,0.2,0
61.41,2.41,17.64,4.59,1.0,0
50.18,2.2,3.16,43.88,0.5,0
34.85,3.19,7.93,63.31,0.2,0
38.45,3.71,17.68,33.98,0.2,0
44.05,1.7,14.59,6.7,0.85,0
19.97,2.43,7.62,4.65,0.85,0
66.07,1.6,3.06,25.43,1.0,0
43.98,5.32,6.52,10.4,0.85,1
59.09,5.26,14.64,23.99,1.0,1
19.5,9.73,5.31,1.76,0.5,0
30.35,5.56,18.97,27.52,0.2,0
48.73,6.51,7.08,35.38,0.2,1
38.85,6.89,15.78,29.56,1.0,1
43.32,2.67,7.94,44.13,1.0,0
39.06,2.47,9.45,14.05,0.85,1
44.34,2.25,14.24,41.52,1.0,0
48.99,3.7,6.42,15.08,1.0,1
46.34,3.53,1.0,38.64,0.85,1
39.11,4.94,4.39,30.93,1.0,1
46.7,7.18,7.24,67.65,0.5,0
54.4,6.51,20.68,36.4,1.0,0
63.14,3.51,18.77,29.23,1.0,0
33.12,3.15,21.0,12.13,0.3,0
60.8,3.39,16.82,3.39,0.2,0
39.35,3.65,13.41,12.33,1.0,1
53.75,1.89,1.06,9.64,0.5,1
41.18,5.61,8.15,18.71,0.85,1
43.42,11.95,21.79,21.81,0.2,0
31.3,4.8,3.35,24.27,0.85,1
36.06,4.92,12.77,24.69,1.0,1
53.02,6.05,13.03,48.97,0.5,0
54.71,2.39,4.99,45.97,0.85,0
36.1,3.21,18.85,11.54,0.5,0
59.7,3.41,5.0,2.86,0.2,1
21.51,2.32,19.78,18.84,1.0,0
37.85,10.65,10.49,16.01,0.85,0
60.12,7.07,1.0,27.37,0.85,1
55.4,7.34,10.66,10.94,0.2,0
59.5,3.9,9.79,6.01,0.85,1
49.12,5.14,11.4,26.4,0.85,1
34.6,3.71,9.31,30.69,0.85,1
41.16,4.19,10.39,10.44,0.2,1
36.73,4.93,10.35,4.89,1.0,1
43.13,4.33,15.09,37.02,0.3,0
40.58,4.9,11.49,5.9,0.2,1
55.93,1.74,5.86,14.45,1.0,0
56.61,2.42,2.08,20.44,1.0,1
39.57,3.71,7.62,65.62,0.5,0
39.82,4.08,11.37,28.93,0.85,1
32.1,4.08,5.14,22.91,0.2,1
53.82,6.4,22.39,67.85,0.85,0
30.7,5.44,25.05,29.92,0.2,0
37.4,5.89,8.35,29.94,1.0,1
30.81,3.38,21.38,6.11,0.85,0
57.74,2.65,13.07,15.01,0.85,1
42.53,4.27,11.41,12.65,0.2,1
34.26,6.8,13.39,38.92,0.85,0
51.23,10.41,11.87,12.78,0.5,0
55.14,3.44,15.09,3.3,1.0,1
23.13,10.4,1.36,51.67,1.0,0
59.64,2.48,17.56,4.03,0.5,0
64.67,1.84,5.4,13.45,0.85,1
13.31,4.01,9.65,41.21,1.0,0
61.51,2.66,15.85,0.16,1.0,1
46.33,3.13,6.65,0.31,0.5,1
48.78,7.7,24.91,55.83,0.5,0
19.07,7.31,4.64,36.36,0.5,0
54.16,5.45,4.94,18.46,0.5,1
48.72,5.21,9.07,8.02,0.5,1
49.71,3.1,2.71,10.89,0.2,1
38.86,4.31,1.11,29.67,0.2,0
43.1,3.91,11.56,10.47,0.5,1
42.6,2.1,8.4,46.8,0.5,0
28.06,11.38,12.4,36.19,0.2,0
59.24,3.97,20.67,10.52,0.2,0
56.19,2.53,19.74,49.95,1.0,0
39.27,1.97,13.15,8.37,0.85,0
47.29,6.09,8.01,28.78,0.85,1
52.68,10.87,8.34,25.8,0.85,0
42.26,12.5,8.43,11.0,0.3,0
63.7,4.46,15.96,28.86,0.85,0
64.16,3.97,14.75,10.53,0.2,1
37.24,4.97,12.3,12.96,0.2,1
57.51,4.91,11.35,6.42,0.2,1
49.88,1.37,5.92,38.35,1.0,0
49.1,3.7,9.35,29.43,0.5,1
42.51,5.63,6.75,36.32,0.5,1
48.5,6.25,10.13,23.16,0.85,1
25.81,6.5,18.16,6.32,1.0,0
65.21,4.87,9.74,25.52,1.0,1
43.73,2.47,29.97,32.98,0.5,0
49.59,4.4,8.96,20.88,1.0,1
59.97,8.94,4.34,20.31,0.85,0
42.87,5.86,23.39,56.87,0.3,0
49.47,4.07,4.33,9.08,0.85,1
50.1,12.5,10.11,70.95,1.0,0
57.07,5.01,12.71,7.38,0.2,1
31.12,4.36,8.75,37.75,1.0,1
34.91,6.8,1.93,22.65,0.85,1
39.21,2.32,10.95,7.37,0.2,0
62.08,3.97,24.62,11.02,0.3,0
36.58,4.42,11.87,35.58,0.3,1
25.99,1.67,10.67,1.18,0.2,0
18.97,5.27,10.32,30.25,1.0,0
32.7,6.24,7.04,40.52,1.0,1
57.34,3.5,6.03,41.0,1.0,1
20.45,6.98,12.76,16.63,1.0,0
61.71,8.25,6.1,52.26,0.5,0
44.29,8.79,18.05,64.74,0.3,0
20.18,2.52,4.68,22.31,0.2,0
40.82,5.16,22.54,48.74,0.3,0
32.59,6.6,8.11,19.95,0.85,1
23.43,5.15,3.06,13.48,1.0,0
39.91,7.94,1.84,42.14,0.85,0
22.44,5.38,15.15,7.96,0.2,0
65.57,2.47,9.22,27.23,1.0,1
46.93,8.02,4.71,7.04,0.85,1
55.15,5.06,5.71,51.82,0.2,0
47.31,10.58,3.11,7.76,0.5,0
55.55,2.48,5.62,38.33,0.85,1
48.6,5.11,2.78,12.04,0.2,1
38.51,10.17,7.79,52.82,0.2,0
67.32,5.45,8.62,53.6,0.2,0
28.41,7.2,9.86,59.23,1.0,0
23.02,8.4,9.98,25.12,0.2,0
20.57,4.95,6.22,9.39,0.5,0
59.42,2.95,16.39,51.85,0.85,0
58.8,7.69,6.45,15.62,0.2,0
66.13,4.45,10.19,18.41,0.85,1
52.54,1.31,6.39,59.95,0.2,0
37.34,9.19,15.05,13.3,0.2,0
31.46,11.28,30.11,37.38,0.5,0
65.94,3.4,4.33,30.62,0.85,1
39.57,4.83,20.63,42.11,0.3,0
57.89,11.78,2.58,17.56,0.85,0
44.86,10.28,14.46,9.51,1.0,0
52.38,6.61,19.75,20.44,0.85,0
58.0,9.76,11.32,22.26,0.2,0
53.2,4.29,6.58,7.87,0.2,1
25.03,2.07,4.7,23.24,0.85,0
26.61,8.74,14.83,78.41,0.2,0
46.79,4.74,3.11,15.95,0.85,1
34.78,1.76,8.67,36.05,0.5,0
59.86,3.47,14.27,12.85,1.0,1
51.0,4.19,15.01,12.53,0.85,1
31.51,4.48,6.88,1.83,1.0,1
28.74,3.15,9.35,19.09,0.85,1
50.48,2.61,3.98,10.85,0.5,1
59.31,1.62,10.08,1.26,0.2,0
59.5,1.57,8.55,7.59,0.5,0
28.23,4.69,17.82,0.93,0.2,0
38.95,5.54,8.48,7.71,1.0,1
23.64,2.57,11.05,28.12,0.85,0
45.26,9.65,7.14,8.84,0.2,0
59.08,3.79,5.95,65.48,0.5,0
65.25,4.48,3.64,16.04,0.2,1
37.14,4.33,9.02,58.23,0.85,0
33.72,1.42,9.38,26.1,0.2,0
51.81,7.98,7.5,34.84,0.85,0
60.64,6.53,9.83,81.68,0.85,0
51.69,9.81,10.28,0.98,0.85,0
25.53,9.48,3.53,31.82,0.5,0
43.63,6.1,5.7,6.41,0.2,1
23.91,6.78,16.03,32.2,0.2,0
52.52,2.46,8.74,34.59,0.2,0
55.13,3.81,6.85,10.3,0.2,1
50.65,4.32,2.59,43.89,0.5,0
48.1,3.51,9.1,16.78,0.3,1
50.37,9.36,11.15,23.2,1.0,0
26.13,5.24,9.95,7.71,1.0,0
50.5,2.99,14.0,43.96,1.0,0
44.5,9.04,5.93,2.94,1.0,0
29.15,5.34,2.15,3.97,1.0,1
23.44,7.81,10.16,30.55,0.2,0
28.61,2.43,5.23,3.79,0.85,1
47.23,5.57,4.52,2.12,0.5,1
60.02,2.91,11.29,5.64,0.3,1
46.73,5.4,9.47,18.85,0.2,1
45.09,6.54,15.86,37.6,0.85,0
58.95,2.29,13.67,23.59,1.0,1
44.36,4.65,8.3,14.09,0.85,1
58.99,2.42,6.33,26.28,1.0,1
36.78,8.03,23.0,44.75,0.3,0
26.69,4.91,11.74,17.45,1.0,0
67.62,2.98,25.51,38.72,1.0,0
49.67,3.44,10.19,19.06,0.5,1
32.24,3.74,5.28,28.36,1.0,0
37.85,9.74,11.69,18.26,1.0,0
46.96,4.56,17.74,25.74,0.85,0
44.79,7.31,11.06,10.4,1.0,1
60.92,4.68,8.49,1.47,0.5,1
52.74,2.46,5.09,32.36,0.5,1
37.81,3.42,12.54,11.62,0.3,1
45.13,5.71,6.39,25.72,0.5,1
49.01,1.43,8.06,23.96,0.2,0
39.68,6.23,11.65,12.12,0.5,1
47.17,3.16,8.79,7.25,1.0,1
34.93,5.22,9.91,13.74,0.2,1
55.2,3.51,4.95,5.25,1.0,1
45.5,6.87,14.83,20.13,0.85,1
28.84,4.87,4.03,24.49,0.2,1
27.63,6.73,4.37,12.39,0.5,0
65.46,1.62,2.31,35.99,0.85,0
61.02,4.28,12.34,4.73,0.85,0
56.25,3.13,19.06,67.67,1.0,0
38.84,6.13,2.57,15.57,0.85,1
51.59,7.98,4.44,45.06,0.2,0
48.57,7.83,7.2,3.95,1.0,1
56.53,10.01,5.97,19.96,0.2,0
34.15,8.08,10.97,19.39,0.2,0
52.72,4.26,1.86,56.51,1.0,0
18.55,2.71,10.21,25.7,0.3,0
59.43,1.7,9.73,3.85,0.3,0
27.88,2.64,1.9,8.08,0.5,0
64.7,1.52,7.24,43.6,0.5,0
34.76,2.12,18.45,12.1,0.2,0
43.07,5.47,4.67,23.01,0.2,1
53.92,1.62,18.92,45.14,0.3,0
21.22,5.86,12.79,17.86,1.0,0
26.5,3.43,5.63,55.08,1.0,0
58.59,4.99,1.0,24.61,1.0,1
46.24,5.06,7.89,15.93,0.5,1
49.04,10.03,10.46,64.26,0.5,0
37.2,5.16,3.29,18.86,0.2,1
50.14,2.18,2.42,4.62,0.85,1
49.62,2.8,1.98,36.59,0.85,1
44.67,5.05,13.35,25.36,0.5,1
51.09,4.15,13.61,32.09,0.85,1
36.77,5.18,11.57,14.13,0.2,1
38.1,5.91,12.52,13.79,0.5,1
57.47,2.87,6.85,27.08,0.85,1
54.73,6.01,3.5,15.04,0.3,1
59.04,6.38,3.77,49.54,0.2,0
48.93,5.22,6.41,9.81,0.2,1
33.31,11.62,7.22,52.87,0.3,0
47.71,1.73,17.83,2.41,0.5,0
32.85,10.87,7.26,9.09,1.0,0
32.0,3.93,8.07,46.59,0.85,0
25.9,3.11,7.99,31.53,0.85,0
51.06,6.13,12.75,32.44,0.85,1
38.18,3.44,1.56,35.03,0.2,1
34.89,7.7,8.23,0.97,0.2,1
34.21,3.87,16.31,47.23,0.5,0
58.81,8.26,16.44,4.61,1.0,0
34.25,2.57,12.97,4.55,1.0,1
31.84,5.65,7.59,12.97,0.85,1
30.91,2.98,5.52,23.54,0.3,1
47.21,5.77,2.98,12.68,0.2,1
45.48,1.96,8.71,52.62,1.0,0
24.09,2.07,15.9,40.05,0.85,0
59.24,3.85,6.87,22.89,1.0,1
47.69,8.46,9.17,33.44,0.2,0
57.4,1.78,6.59,15.09,0.2,0
22.02,9.27,7.61,11.4,0.2,0
30.88,5.77,3.85,50.17,1.0,0
37.75,8.11,12.08,23.78,0.85,0
54.21,4.87,2.09,21.38,0.2,1
52.62,5.25,22.6,10.12,0.85,0
39.29,4.21,7.36,43.21,0.85,0
50.85,3.95,5.81,20.44,1.0,1
62.95,6.97,10.32,10.61,0.85,1
43.21,2.57,17.6,9.44,0.5,0
37.58,4.81,16.84,30.34,0.5,0
61.0,1.76,18.67,24.66,1.0,0
49.17,2.13,3.04,50.91,0.5,0
52.71,4.55,5.17,25.08,0.5,1
21.56,3.29,2.63,6.81,0.2,0
25.87,4.27,3.02,16.56,0.85,0
59.58,2.82,4.6,4.43,0.85,1
18.17,6.56,3.51,2.03,0.85,0
55.83,2.22,6.64,16.3,0.3,1
29.93,11.04,7.69,16.1,0.3,0
61.46,9.04,6.74,3.6,0.3,0
23.19,6.14,7.69,39.18,0.5,0
65.47,2.03,16.27,13.67,1.0,0
56.57,4.27,15.05,7.27,0.85,1
32.6,6.34,21.31,22.91,0.5,0
19.56,7.88,14.03,27.93,0.5,0
57.96,7.86,15.46,44.23,1.0,0
37.77,7.05,12.08,21.21,1.0,1
58.93,1.19,4.39,24.4,0.5,0
53.27,2.64,19.33,0.72,1.0,0
49.46,7.15,4.92,14.23,1.0,1
56.22,3.42,11.78,34.31,0.5,0
43.51,5.6,5.22,1.0,1.0,1
51.27,11.43,2.96,18.54,0.3,0
62.77,3.33,4.72,29.63,0.5,1
63.66,8.17,5.25,42.35,1.0,0
37.88,5.76,7.31,33.14,0.2,1
26.28,12.5,2.54,14.29,0.5,0
41.78,5.77,10.25,7.84,0.3,1
45.16,3.45,14.3,4.9,0.5,1
44.42,4.82,13.5,40.57,0.3,1
27.48,2.54,15.33,46.54,0.2,0
52.95,6.9,23.38,2.2,0.85,0
34.79,3.8,28.29,16.51,1.0,0
51.74,4.82,7.72,52.08,0.85,0
38.09,8.51,9.0,9.86,0.3,0
31.88,2.38,8.95,2.78,1.0,1
52.43,7.9,11.17,39.97,1.0,1
35.43,1.89,5.44,38.7,0.2,0
48.75,4.49,13.68,44.38,0.85,0
47.2,6.16,3.62,4.2,1.0,1
33.95,7.15,20.33,56.92,0.2,0
37.57,2.5,3.59,3.16,0.85,1
31.16,11.52,13.04,73.49,0.85,0
50.14,6.21,7.54,33.21,0.2,1
38.5,7.2,11.03,10.02,0.2,1
36.47,6.23,6.4,2.34,0.2,1
43.63,2.57,3.5,23.14,0.3,1
27.3,3.15,19.42,1.96,0.2,0
26.6,9.09,9.12,56.24,0.2,0
46.85,9.25,6.21,29.41,0.85,0
36.5,1.37,10.87,15.46,0.5,0
40.26,6.86,5.62,7.4,0.2,0
35.92,4.45,1.87,32.86,0.3,1
33.4,6.01,14.17,18.03,0.3,0
55.55,5.29,28.33,22.42,0.5,0
29.82,5.24,20.75,12.13,0.85,0
56.32,2.9,16.69,57.68,0.3,0
42.94,8.0,13.13,4.14,0.5,1
66.81,3.43,4.2,32.32,0.85,1
43.73,4.39,4.1,2.86,0.85,1
35.95,2.95,4.0,30.01,0.2,1
27.92,4.82,8.4,5.88,0.2,0
38.88,2.24,8.63,41.45,0.5,1
31.01,3.53,10.13,19.34,0.5,0
47.83,7.98,5.17,11.37,0.2,1
48.08,2.47,1.85,25.43,1.0,1
19.71,6.82,3.16,50.1,0.3,0
47.89,2.12,2.55,22.72,0.2,1
33.42,3.31,14.15,1.76,0.5,1
53.53,3.34,3.76,3.02,0.2,1
37.42,7.59,13.2,10.73,0.3,1
50.94,9.29,3.28,63.59,0.3,0
53.8,3.98,8.91,5.4,0.5,1
62.6,2.23,6.04,45.9,0.85,0
24.19,3.63,11.33,11.93,0.3,0
32.35,3.8,3.94,23.23,1.0,0
60.63,3.56,10.3,42.48,0.5,0
49.77,4.45,10.04,23.93,0.85,1
38.7,2.95,7.61,3.03,1.0,1
43.79,2.31,8.72,25.57,0.85,0
48.43,1.47,3.96,44.56,0.5,0
36.61,7.42,14.59,8.66,1.0,1
26.35,5.27,10.55,3.81,0.3,0
57.7,6.49,3.5,8.26,0.2,1
32.77,6.04,18.28,16.82,0.2,0
39.16,4.62,10.84,33.99,0.85,1
66.3,4.44,4.36,20.25,1.0,1
53.57,11.38,5.14,19.67,0.5,0
45.02,3.59,4.84,33.04,0.2,1
39.74,4.88,5.15,23.34,0.85,1
55.22,3.77,4.93,60.51,0.3,0
43.68,2.67,13.1,58.39,0.5,0
64.9,12.5,10.34,59.88,0.2,0
52.25,6.34,5.27,9.84,0.2,1
56.39,3.27,19.05,22.0,0.2,0
41.84,2.88,1.0,21.27,0.2,1
41.01,6.81,11.93,12.39,1.0,1
31.73,8.3,9.61,15.5,0.2,0
36.55,2.45,9.43,10.69,0.3,1
37.8,4.34,9.73,11.45,0.5,1
51.02,4.87,8.78,20.08,0.85,1
40.0,4.89,19.98,54.89,0.5,0
41.63,5.41,10.78,72.3,0.2,0
40.86,4.1,8.4,33.74,0.2,1
45.11,4.53,16.02,9.84,1.0,0
31.92,4.67,17.06,18.48,1.0,0
31.01,2.36,13.72,1.31,0.2,1
53.02,11.24,10.07,27.74,0.5,0
59.3,7.03,1.93,19.66,0.2,1
25.98,8.07,17.93,29.11,0.2,0
46.02,5.53,14.78,20.02,0.5,1
53.36,12.5,19.14,14.25,0.3,0
46.74,0.8,3.76,11.52,0.3,0
60.75,4.97,21.17,7.97,0.5,0
63.69,2.82,21.61,41.85,0.3,0
40.9,5.19,8.31,29.12,0.85,1
64.76,10.06,2.65,21.58,0.2,0
29.74,6.73,10.83,18.95,0.5,1
45.79,4.69,10.9,33.28,0.85,1
44.34,10.61,9.42,18.96,1.0,0
54.5,7.67,6.59,52.54,0.2,0
32.02,6.36,2.6,70.07,0.2,0
36.78,6.27,9.89,61.26,0.2,0
26.97,7.43,6.4,57.19,0.85,0
57.43,3.43,3.14,1.72,1.0,1
38.37,3.18,4.64,28.0,0.85,1
21.97,2.66,14.1,72.07,0.85,0
32.36,3.52,14.49,63.76,0.2,0
44.5,10.26,13.57,17.67,0.5,0
52.96,4.34,2.68,7.6,0.5,1
45.49,10.37,3.34,58.93,0.5,0
41.9,3.37,5.27,12.63,1.0,1
45.06,8.48,23.37,49.34,0.5,0
26.04,9.32,5.86,15.57,0.85,0
53.07,5.24,19.22,23.22,0.85,0
43.18,4.3,11.46,44.72,0.3,0
48.21,3.04,1.5,16.73,0.85,1
47.63,7.94,8.79,19.66,0.2,1
48.48,4.21,15.29,33.59,0.85,1
69.36,3.92,2.42,4.0,0.3,1
48.91,5.87,10.64,16.23,0.2,1
22.64,6.75,6.49,19.66,0.85,0
33.68,2.95,4.78,37.18,0.3,1
41.05,5.85,9.39,30.75,0.2,1
48.8,9.34,14.23,54.05,0.5,0
27.0,2.63,13.82,28.79,0.5,0
51.85,8.03,4.39,44.05,0.85,0
27.29,8.0,6.86,40.16,0.3,0
32.56,8.36,6.87,32.28,1.0,0
54.95,6.9,14.96,76.67,0.85,0
51.73,6.71,8.92,35.34,1.0,0
64.92,7.89,7.23,43.87,1.0,0
21.02,5.85,14.46,9.18,0.5,0
36.74,3.76,17.11,50.88,0.5,0
44.86,3.71,6.53,37.23,1.0,1
41.88,4.61,24.47,10.75,0.5,0
56.55,7.15,9.49,15.96,1.0,1
52.94,4.68,2.39,5.91,0.85,1
45.61,4.27,7.1,17.16,0.2,1
40.82,8.32,9.62,45.66,0.85,0
51.85,5.33,15.02,44.57,0.5,0
35.86,2.16,12.37,5.1,0.3,1
44.37,2.66,4.77,13.71,1.0,1
52.23,2.46,7.9,32.96,0.2,1
46.23,4.75,3.12,33.18,0.3,1
54.11,2.72,16.6,2.69,0.5,0
46.63,4.3,1.0,27.92,0.5,1
34.46,3.58,5.66,9.85,1.0,1
61.64,1.91,13.45,26.69,0.3,1
31.35,2.62,1.33,66.97,1.0,0
45.45,10.58,12.6,28.28,0.2,0
48.5,4.0,11.38,78.67,1.0,0
33.09,3.85,8.2,20.39,0.2,1
56.54,3.74,3.87,27.59,0.85,1
51.46,5.51,6.33,33.64,1.0,1
62.64,4.83,4.77,51.0,1.0,0
43.58,11.82,1.0,20.07,0.5,0
47.92,8.59,7.13,3.49,0.2,0
25.5,11.63,17.59,12.34,1.0,0
45.54,7.08,8.68,2.24,0.85,1
38.78,6.63,10.49,37.9,0.2,1
41.2,2.56,19.63,38.49,0.3,0
55.59,1.36,8.28,5.1,0.5,0
30.11,2.13,10.22,31.52,0.2,0
49.05,1.97,3.01,8.96,0.5,1
50.71,4.42,3.74,71.63,1.0,0
15.72,7.72,10.23,26.03,1.0,0
53.59,3.34,2.06,35.87,0.3,1
36.9,2.9,1.75,19.02,0.85,1
21.81,7.4,3.23,14.72,0.2,0
42.88,2.92,5.27,0.26,0.2,1
59.77,10.27,3.11,8.78,1.0,0
54.26,2.68,5.59,1.04,0.2,1
54.72,7.71,12.95,4.83,1.0,1
50.94,5.58,7.79,39.6,0.3,1
48.13,1.06,11.55,20.93,0.3,0
43.28,3.07,13.5,22.7,0.3,1
42.34,7.94,6.59,24.62,1.0,1
47.52,1.94,17.24,14.04,0.85,0
55.68,3.87,16.06,0.72,1.0,0
17.53,2.0,7.76,26.83,1.0,0
45.75,4.43,14.99,36.5,1.0,0
33.81,5.9,6.71,43.33,1.0,0
51.29,5.13,12.64,8.39,0.85,1
38.3,5.36,22.22,38.0,0.5,0
52.22,5.11,6.36,25.46,0.85,1
41.36,4.2,10.05,18.65,0.5,0
25.21,7.26,7.03,23.93,0.3,0
37.82,1.91,8.94,34.38,0.85,1
37.45,9.98,5.04,39.67,0.2,0
37.7,5.23,7.96,25.23,1.0,1
28.34,2.07,11.21,30.11,0.3,0
42.44,9.28,6.82,43.1,1.0,0
35.85,4.28,6.05,19.81,0.85,1
49.36,3.54,6.63,25.82,0.85,1
61.68,2.1,6.37,15.52,0.5,1
57.18,3.31,4.18,14.21,0.2,1
35.15,7.45,17.76,16.59,0.2,0
69.25,2.81,20.69,33.87,0.85,0
51.69,7.53,5.71,37.78,0.5,1
49.58,3.89,10.75,15.77,0.85,1
37.88,2.59,6.41,16.99,0.2,1
45.58,3.41,10.17,28.39,0.85,1
44.94,6.11,6.11,3.54,0.5,1
51.24,5.36,2.36,30.59,1.0,1
55.76,10.57,4.01,71.93,1.0,0
58.17,4.0,9.31,9.5,0.3,1
55.18,7.65,5.5,66.71,0.85,0
65.58,4.42,8.74,23.37,1.0,1
30.18,2.96,17.93,65.52,0.85,0
41.47,2.31,1.89,5.1,0.2,1
38.48,4.03,14.72,35.26,0.5,0
34.05,4.73,8.79,28.41,0.5,0
53.67,9.13,4.08,2.75,0.85,0
58.47,10.51,5.25,37.77,0.5,0
42.63,10.5,25.98,12.35,0.85,0
56.85,3.15,6.86,24.28,0.2,1
53.78,2.78,2.45,21.54,0.3,1
39.49,3.32,10.25,17.59,0.5,1
51.34,4.35,4.66,7.64,0.2,1
61.66,1.63,17.42,16.54,0.85,0
47.93,2.67,6.95,27.55,0.2,1
28.3,8.8,10.77,23.83,0.85,0
46.57,5.52,15.75,14.84,0.3,1
51.34,3.47,24.22,1.08,0.85,0
34.26,1.75,20.92,26.13,0.3,0
57.71,5.46,3.37,85.12,0.2,0
20.21,4.88,6.72,3.68,1.0,0
52.12,2.67,11.18,41.49,0.2,0
37.4,6.85,3.58,44.24,0.85,0
38.22,3.56,7.34,29.77,1.0,1
18.14,5.17,20.27,37.12,0.3,0
59.58,10.44,4.64,14.53,0.2,0
20.59,6.65,8.93,48.09,0.3,0
47.93,2.11,2.1,36.12,0.5,1
38.03,6.67,11.13,27.83,0.3,1
54.3,3.22,10.37,16.54,0.3,1
29.09,6.14,15.27,41.7,0.2,0
44.63,7.61,16.41,52.22,0.2,0
33.75,5.17,4.96,15.97,0.2,1
43.67,2.21,15.99,38.95,0.85,0
26.01,1.27,23.47,3.74,1.0,0
45.47,8.44,16.88,40.81,0.2,0
56.05,9.79,16.13,43.61,0.85,0
40.07,3.11,10.04,31.77,0.5,1
49.73,1.14,11.39,40.97,0.5,0
56.14,1.96,14.04,11.24,1.0,1
33.15,3.65,4.45,14.07,1.0,1
68.16,7.57,23.07,17.47,0.5,0
42.54,1.15,6.18,35.37,0.3,0
29.14,9.01,9.18,35.12,0.85,0
39.36,8.46,9.68,35.26,0.85,0
19.19,8.92,15.3,34.73,0.85,0
56.94,2.54,8.49,25.55,0.5,1
44.74,7.91,7.77,6.28,1.0,1
29.19,4.83,6.94,47.82,0.3,0
56.06,2.44,16.87,10.33,1.0,0
51.29,5.13,15.75,2.5,0.85,1
44.96,4.73,7.97,3.53,0.2,1
37.28,1.95,7.79,13.03,1.0,1
53.98,6.5,4.62,42.35,0.3,0
25.05,4.61,9.02,26.61,0.2,0
56.97,3.81,6.75,41.96,1.0,1
41.55,3.73,7.66,11.89,0.2,1
56.74,5.65,4.72,0.53,0.2,1
60.44,3.57,10.72,18.38,1.0,1
38.49,1.31,8.07,37.99,0.2,0
45.16,2.37,17.76,19.83,0.3,0
51.45,4.64,7.93,35.36,0.5,1
39.15,3.45,14.05,17.42,0.2,1
56.72,3.78,10.4,10.05,0.5,1
41.83,2.61,17.43,13.52,0.3,0
56.93,2.62,16.01,40.67,0.3,0
47.37,6.16,16.15,40.63,1.0,0
37.23,5.09,23.18,38.34,0.2,0
41.38,2.84,3.3,34.98,0.2,1
54.81,3.71,5.89,27.72,0.2,1
31.72,6.99,1.0,27.86,0.5,1
59.57,2.3,14.49,12.41,0.2,1
64.81,7.49,12.13,7.25,0.85,1
59.17,4.25,18.97,33.81,0.85,0
42.64,3.73,12.35,5.95,0.85,1
44.42,2.02,2.32,10.61,0.2,1
28.07,12.5,5.03,13.4,0.2,0
65.92,5.86,3.02,30.16,1.0,1
35.23,1.29,1.12,8.53,0.85,0
57.16,5.24,5.82,12.49,0.2,1
44.69,8.4,10.15,19.59,0.2,0
33.69,5.44,16.38,4.39,1.0,0
46.24,7.09,11.54,13.71,0.5,1
60.53,3.37,4.55,70.71,0.2,0
40.84,3.11,8.7,40.05,1.0,1
45.78,3.94,5.21,40.81,0.85,1
23.09,4.79,10.42,24.58,1.0,0
46.39,3.41,10.48,2.1,0.2,1
47.64,4.2,6.96,45.12,0.85,0
59.31,2.38,4.27,22.47,0.2,1
52.03,1.63,12.53,11.44,0.85,0
29.82,2.88,6.19,37.09,0.2,0
66.0,11.25,18.87,32.69,0.85,0
53.87,8.74,7.49,15.67,1.0,0
31.15,5.31,1.0,4.62,0.2,1
33.8,1.84,9.56,12.77,0.5,1
32.03,4.4,9.13,16.34,1.0,1
39.98,5.01,6.93,14.84,0.3,1
41.51,3.29,3.67,38.7,0.5,1
44.74,9.03,11.8,29.99,0.5,0
41.23,2.31,6.19,7.15,0.5,1
64.3,6.17,1.99,14.9,1.0,1
50.97,2.28,18.14,15.66,0.5,0
49.82,2.46,4.19,27.92,1.0,0
19.58,4.4,4.0,17.63,0.85,0
28.73,1.06,3.94,23.69,0.2,0
36.14,5.13,5.38,21.6,0.2,1
53.07,3.51,5.25,30.5,0.5,1
29.85,4.22,3.83,66.8,0.2,0
49.79,3.06,13.48,14.7,0.5,1
25.2,8.9,12.64,8.04,0.3,0
46.72,7.35,1.85,40.45,0.85,1
32.27,6.14,3.58,3.86,1.0,1
61.77,2.54,14.18,22.1,0.2,1
23.28,6.54,9.44,5.75,0.85,0
59.1,5.49,4.93,9.91,0.2,1
29.21,12.5,14.09,18.91,0.85,0
34.59,1.82,13.02,15.22,0.3,1
37.16,4.05,12.71,12.95,0.5,1
53.81,3.09,2.86,19.12,0.85,0
56.21,5.59,13.26,26.49,1.0,1
52.89,1.69,7.58,13.64,0.2,0
46.27,6.8,5.02,3.49,0.5,1
42.41,1.68,8.43,23.08,0.85,0
27.5,5.64,6.18,6.47,0.5,0
56.68,3.73,16.4,23.99,1.0,0
41.96,2.72,9.21,15.98,1.0,1
42.01,2.29,12.15,13.73,0.85,1
28.99,3.07,2.88,20.88,1.0,1
44.26,3.8,6.42,7.1,0.85,1
52.42,4.56,11.92,1.03,1.0,1
32.27,4.89,5.93,19.74,0.2,1
33.28,4.09,10.09,0.54,0.2,1
57.89,3.65,5.9,39.66,0.85,1
37.66,10.23,5.57,5.79,1.0,0
38.47,6.56,5.06,36.39,0.5,1
43.98,1.86,5.21,3.09,0.85,1
23.03,3.29,13.13,24.66,0.85,0
35.92,4.31,1.73,18.96,0.2,1
53.34,2.78,5.48,12.61,1.0,1
53.54,3.81,17.9,8.08,0.2,0
37.81,1.96,6.51,16.91,0.85,1
56.69,4.77,7.29,41.9,0.85,1
34.78,12.04,14.06,63.86,0.2,0
66.64,4.92,12.29,27.98,1.0,1
49.82,4.91,1.46,21.36,0.2,1
52.39,4.09,3.27,4.47,0.2,1
57.03,2.22,7.98,1.87,0.3,1
40.46,10.75,8.97,0.24,0.3,0
44.31,5.2,4.26,31.89,0.5,1
56.36,6.13,5.5,29.33,0.85,1
60.16,3.65,13.91,17.25,0.2,1
50.98,6.24,7.42,1.73,0.2,1
37.75,10.71,14.12,17.5,0.5,0
40.18,8.85,13.12,81.31,1.0,0
50.89,0.8,7.21,82.64,1.0,0
46.41,8.56,15.4,3.46,0.5,0
38.57,2.54,10.75,20.55,0.2,0
71.58,2.64,1.55,11.71,0.2,1
39.81,1.97,4.72,11.91,0.2,1
32.71,2.48,4.87,7.97,0.85,1
48.4,5.67,1.0,13.74,1.0,1
53.88,4.88,12.16,17.47,0.5,1
47.37,6.39,12.56,0.46,0.85,1
40.12,4.58,14.75,7.03,0.5,1
52.39,2.54,8.76,12.87,0.85,1
53.22,6.69,6.65,29.35,0.3,1
29.69,3.85,11.62,51.76,0.5,0
34.12,6.79,13.25,65.1,0.5,0
49.47,5.24,13.78,16.65,0.2,1
49.24,4.8,9.26,7.42,1.0,1
47.22,11.77,5.66,3.07,1.0,0
51.82,1.34,3.0,19.74,1.0,0
55.47,1.42,8.96,4.95,1.0,0
60.43,3.08,6.58,14.83,1.0,1
37.48,6.83,18.93,5.8,0.2,0
36.99,3.34,23.79,59.37,0.5,0
37.21,3.92,1.24,29.87,0.85,1
50.35,1.48,18.5,39.36,0.85,0
27.45,6.68,8.95,17.69,1.0,0
39.86,1.54,12.36,22.71,0.2,0
52.28,3.66,4.49,9.88,1.0,1
29.96,1.05,16.43,14.42,0.85,0
33.21,7.47,3.99,27.43,0.2,1
70.33,1.45,13.0,66.23,0.2,0
51.4,3.52,13.24,21.68,0.2,1
15.93,3.11,1.66,14.09,1.0,0
64.22,6.16,10.29,11.27,0.5,1
39.55,4.96,11.19,28.98,0.3,1
32.26,11.41,13.58,15.27,0.3,0
53.09,1.82,11.5,1.74,0.3,1
60.62,8.55,2.18,11.64,0.3,0
61.3,9.5,8.69,2.94,0.3,0
62.68,11.19,14.92,14.76,0.2,0
30.47,4.58,10.48,72.0,0.5,0
53.19,2.05,4.04,12.24,0.85,1
38.0,5.81,4.33,27.23,0.85,1
54.63,1.6,6.38,19.74,0.3,0
25.33,8.03,9.13,15.15,1.0,0
31.0,4.29,6.61,2.81,0.85,1
52.07,5.45,4.66,40.18,0.2,0
59.02,11.17,10.65,29.81,0.85,0
61.98,4.93,14.86,35.14,0.5,1
28.22,2.07,10.69,17.75,0.2,1
51.48,4.31,3.99,13.84,0.2,1
22.38,3.17,1.91,2.8,0.2,0
40.15,5.22,10.34,10.53,0.2,1
44.54,3.61,23.26,11.12,0.85,0
52.32,2.93,4.62,58.66,0.2,0
32.39,4.39,10.61,14.2,1.0,1
47.98,2.01,8.57,53.69,0.85,0
41.69,4.18,15.23,41.07,0.85,1
58.46,6.01,2.33,9.91,1.0,1
44.93,9.81,8.09,62.02,0.85,0
36.09,3.21,6.2,20.91,0.85,1
26.18,12.45,5.42,34.21,0.85,0
68.7,5.5,12.99,7.85,0.5,1
50.24,3.73,4.83,28.91,0.3,1
53.94,4.0,7.07,55.54,0.85,0
50.03,4.49,17.16,4.71,0.5,0
31.99,3.49,13.62,77.87,0.85,0
43.79,2.97,11.78,3.23,0.2,1
44.81,5.14,7.12,12.4,0.2,1
61.42,1.31,11.49,5.91,0.2,0
31.06,2.68,4.17,2.45,1.0,1
28.12,6.74,10.83,48.18,0.85,0
44.08,1.14,5.05,27.47,0.2,0
55.15,5.65,4.26,15.94,0.85,1
47.28,4.79,12.91,24.25,0.85,0
39.2,3.12,14.75,47.18,0.85,0
60.99,3.57,15.55,10.11,1.0,0
51.46,4.37,2.56,16.8,0.5,1
51.88,5.76,3.69,52.52,1.0,0
41.52,5.48,17.52,8.34,0.5,0
45.68,8.25,7.43,61.29,1.0,0
53.86,5.31,12.71,12.18,0.85,1
29.61,9.08,6.72,7.89,1.0,0
29.18,1.26,4.92,15.8,0.85,0
35.74,8.16,20.09,32.82,0.85,0
44.67,3.75,5.01,24.02,0.2,1
35.13,4.99,10.83,55.76,0.5,0
38.89,6.36,6.7,6.66,0.5,1
39.34,2.37,18.78,37.52,0.2,0
36.57,3.98,14.72,6.99,0.2,1
29.67,8.62,5.65,26.16,0.3,0
24.46,9.79,7.72,8.77,0.5,0
50.21,3.1,9.56,4.79,0.5,1
45.31,6.13,1.87,43.03,0.5,0
67.33,3.52,6.34,7.39,0.5,1
31.06,1.68,11.46,25.29,0.2,0
54.75,9.44,2.48,3.54,0.2,0
48.69,2.37,6.27,47.67,1.0,0
44.86,12.5,11.42,10.44,0.3,0
43.23,1.95,5.28,25.94,0.5,1
40.77,8.05,5.19,22.39,0.85,1
43.52,7.83,4.8,17.23,0.2,1
29.12,3.54,14.37,17.26,1.0,1
42.28,5.37,13.6,21.95,0.3,1
33.83,3.6,12.66,11.85,0.3,1
60.63,2.71,14.9,24.75,0.2,1
42.99,5.88,3.69,8.93,0.85,1
36.74,7.18,11.76,3.97,0.2,1
26.69,2.96,8.81,24.9,0.5,0
57.7,9.44,6.33,51.41,0.85,0
28.47,5.28,7.28,3.55,0.85,1
48.36,4.54,9.08,10.78,1.0,1
51.24,4.62,7.71,11.57,0.85,1
30.29,9.3,4.01,18.9,0.2,0
26.54,3.82,10.06,37.44,0.2,0
55.93,3.93,2.03,5.06,0.5,1
30.55,9.19,5.29,15.3,0.85,0
40.17,9.57,13.59,7.82,0.85,0
54.45,7.75,6.11,42.31,0.5,0
44.45,2.1,19.44,61.85,0.85,0
45.78,12.29,15.33,32.29,0.2,0
29.01,5.02,7.35,2.84,0.85,1
52.18,4.47,17.46,4.91,0.85,0
51.74,7.76,4.33,44.17,0.5,0
35.32,5.66,4.76,17.19,0.85,1
35.39,3.61,15.34,6.23,0.5,1
39.05,10.3,14.94,27.38,0.85,0
38.29,4.45,13.13,3.99,0.85,1
43.8,4.94,14.07,28.49,0.3,0
51.09,10.25,9.89,15.02,1.0,0
50.48,7.5,2.7,28.94,0.2,0
53.59,6.5,17.24,45.89,0.85,0
53.9,3.52,3.7,38.54,0.2,1
43.16,5.83,4.35,23.28,0.85,1
53.13,6.02,14.15,52.24,0.5,0
47.94,5.95,2.14,24.5,0.5,1
62.27,4.53,8.84,23.08,1.0,1
43.49,2.97,5.75,50.23,0.85,0
51.95,8.08,6.75,6.67,0.85,1
37.95,3.44,7.41,4.74,0.85,1
59.11,4.8,4.39,47.48,1.0,0
63.88,0.87,14.45,10.47,1.0,0
44.48,7.39,6.0,19.78,1.0,1
19.89,2.66,7.69,12.69,0.5,0
31.75,6.03,2.67,0.11,1.0,1
63.79,2.17,3.1,33.65,0.5,1
61.34,4.21,10.42,47.32,0.85,0
47.08,3.98,7.9,47.4,0.2,0
49.02,2.68,8.82,40.36,0.5,1
42.59,5.35,10.46,19.29,0.2,0
50.12,1.87,15.81,63.1,1.0,0
28.95,6.94,5.31,16.21,1.0,1
47.78,7.15,1.95,0.93,0.2,1
45.11,2.85,8.93,43.62,0.85,0
35.71,9.23,10.0,23.56,0.3,0
23.81,4.27,1.96,19.93,1.0,0
37.83,2.52,3.71,23.91,1.0,1
47.43,1.5,16.57,37.11,0.5,0
58.71,0.8,1.0,25.38,0.3,0
27.75,8.96,14.25,38.55,0.2,0
48.5,3.08,12.19,9.06,0.2,1
57.67,3.82,20.58,6.08,0.85,0
54.28,3.61,5.19,7.17,0.85,1
67.27,7.88,5.04,37.54,0.85,0
64.12,6.23,9.48,8.52,0.5,1
37.24,5.02,8.75,0.97,0.85,1
52.96,1.99,11.43,45.75,1.0,0
61.84,10.5,11.94,28.6,0.5,0
48.19,6.31,2.25,10.69,1.0,1
47.56,6.39,10.39,0.71,1.0,0
51.27,2.15,11.91,11.34,0.85,1
47.7,2.43,7.66,6.78,0.2,1
51.67,4.93,17.18,18.77,0.2,0
56.92,5.0,8.39,47.87,0.85,0
27.04,2.68,13.73,4.71,1.0,0
37.68,2.17,3.1,4.33,0.2,1
67.1,3.38,19.69,25.66,1.0,0
51.48,3.94,8.75,32.21,1.0,1
46.56,2.0,4.61,32.75,0.5,1
59.96,6.42,3.28,11.57,0.5,1
27.37,6.62,8.93,16.96,0.85,0
64.24,6.08,4.65,38.95,0.5,1
38.07,2.08,5.33,13.33,0.85,1
58.51,3.35,2.11,36.22,0.5,1
45.68,7.07,18.64,57.72,0.3,0
58.26,5.22,7.52,37.98,0.85,1
53.53,9.31,14.43,42.24,0.85,0
41.83,8.61,14.3,25.69,0.85,0
38.24,4.64,13.29,1.45,0.85,1
46.44,3.31,14.57,11.96,1.0,1
56.49,6.9,1.38,42.62,0.85,0
42.56,7.27,12.45,16.78,1.0,1
26.94,7.75,14.2,7.92,0.2,0
22.83,5.17,7.36,41.48,0.2,0
29.11,3.07,9.19,11.73,0.2,1
51.12,6.03,14.82,38.73,1.0,1
57.92,6.17,18.64,5.38,0.85,0
26.62,6.79,7.84,13.51,0.3,0
23.28,3.51,6.64,10.65,1.0,0
50.73,1.27,4.68,8.86,0.5,0
56.64,6.0,5.18,3.41,0.85,1
25.93,1.8,6.45,7.95,0.85,0
47.8,7.13,1.51,20.04,0.85,1
56.26,5.07,15.13,21.55,0.85,1
38.58,3.24,16.27,19.52,1.0,0
39.19,9.11,3.26,74.58,0.3,0
25.19,3.8,14.97,45.45,0.3,0
63.67,5.1,10.78,20.74,0.2,1
51.04,3.45,6.08,36.14,0.85,1
61.26,4.81,4.42,31.51,0.2,1
47.0,6.23,15.75,52.41,1.0,0
67.9,3.62,15.82,51.46,0.2,0
60.47,4.24,9.03,17.92,0.5,1
39.49,7.06,20.39,45.39,1.0,0
30.84,1.33,10.19,33.16,0.85,0
57.91,7.3,8.59,23.68,0.5,0
17.35,8.05,4.56,11.05,1.0,0
35.36,2.52,4.15,43.04,0.2,0
41.31,1.55,5.13,20.76,0.2,0
44.17,2.12,17.84,19.91,1.0,0
58.02,2.74,5.29,18.9,0.85,1
22.2,2.28,17.8,53.22,0.5,0
44.19,6.49,13.33,2.09,0.3,1
33.64,4.39,9.2,16.33,0.2,1
32.86,5.57,7.39,22.39,1.0,1
47.6,7.7,4.85,20.62,0.2,1
34.12,6.86,11.21,26.76,0.5,1
42.1,10.18,22.51,12.37,1.0,0
51.58,8.48,16.95,1.23,0.5,1
61.14,0.8,6.09,0.43,0.2,0
61.47,4.14,24.35,74.36,1.0,0
38.69,6.03,14.29,49.42,0.85,0
49.68,10.37,11.74,5.13,0.5,0
19.8,3.8,3.23,80.56,0.3,0
52.65,6.3,14.06,53.94,0.85,0
54.05,11.95,3.29,7.15,1.0,0
49.61,6.69,8.95,9.94,0.5,1
30.43,2.58,13.86,67.36,0.5,0
61.24,1.61,3.61,11.23,0.2,0
43.13,2.89,17.38,7.28,0.3,0
35.83,4.3,18.16,11.69,0.2,0
27.92,11.42,10.92,7.0,0.85,0
25.94,7.92,12.62,12.15,0.2,0
70.0,3.76,7.91,27.52,0.2,1
27.54,2.66,6.98,7.65,1.0,0
54.89,2.65,13.81,13.5,0.3,1
61.4,12.5,4.18,36.89,1.0,0
34.58,2.45,9.94,24.24,0.3,0
45.58,7.25,8.99,13.35,0.3,1
35.0,7.03,13.08,35.2,1.0,1
50.81,4.08,15.66,54.02,0.2,0
59.58,2.32,11.21,20.23,1.0,1
28.04,6.09,19.11,20.98,0.2,0
49.21,10.96,8.04,4.27,0.3,0
35.13,2.14,15.49,10.64,0.85,1
47.21,4.94,4.6,21.25,1.0,1
61.98,6.84,1.0,6.83,0.3,1
62.63,10.59,10.97,33.18,0.5,0
33.75,1.36,4.45,41.65,0.85,0
36.06,6.4,23.08,32.34,0.2,0
43.99,10.48,2.43,20.92,0.3,0
55.88,7.27,9.84,6.15,0.2,1
52.47,3.3,16.33,5.71,0.85,1
45.25,5.06,10.33,22.13,0.5,1
60.63,7.84,8.8,5.05,0.2,1
50.96,8.13,8.99,12.17,0.2,0
31.08,7.2,4.09,0.01,0.5,1
52.89,5.34,8.04,4.84,0.2,1
40.16,4.52,19.28,11.26,0.3,0
33.76,8.45,1.73,19.69,0.3,0
30.27,6.13,11.32,72.68,0.85,0
35.34,5.16,11.28,33.9,0.85,1
36.09,3.12,18.7,15.37,0.5,0
36.99,3.01,3.41,17.08,1.0,1
38.98,4.6,12.18,2.16,0.85,1
51.18,6.63,15.44,22.01,0.85,1
51.49,6.38,3.34,53.05,0.5,0
63.29,6.17,5.84,16.87,0.2,1
32.88,5.0,9.95,17.09,0.3,1
56.88,8.05,1.0,12.44,1.0,1
48.0,8.88,3.18,64.18,0.2,0
50.42,2.45,2.07,27.16,0.3,1
44.16,3.44,1.0,7.31,0.2,1
67.28,12.5,10.15,1.2,0.3,0
41.36,4.44,9.24,8.71,1.0,1
45.4,4.51,8.6,11.83,0.5,1
57.86,2.97,22.23,18.39,0.2,0
42.37,8.16,9.73,38.07,1.0,1
40.65,12.5,20.31,6.64,0.3,0
45.04,2.97,10.48,47.49,0.85,0
68.71,8.43,11.07,32.7,0.2,0
40.68,2.73,3.35,26.59,0.5,1
32.19,7.77,7.86,14.63,0.5,1
45.31,2.76,15.5,28.08,0.5,0
58.67,1.29,15.6,44.08,0.85,0
55.71,12.5,15.2,3.08,1.0,0
49.75,3.69,10.88,30.29,1.0,1
50.66,1.92,8.4,28.51,0.85,1
62.08,5.34,12.3,51.03,1.0,0
53.38,6.69,6.97,23.67,0.3,1
50.45,8.62,6.31,28.74,0.2,0
58.19,4.3,13.91,11.99,0.2,1
46.4,4.16,6.48,3.66,0.85,1
42.97,3.72,4.26,7.08,1.0,1
56.84,5.06,22.79,42.98,0.85,0
23.56,7.08,9.23,35.24,0.2,0
58.7,5.81,5.96,17.04,0.85,1
44.59,3.64,8.25,57.05,0.2,0
65.43,4.92,4.18,18.06,0.85,1
36.38,2.26,6.04,25.3,0.2,1
46.52,4.37,8.16,13.11,0.2,1
55.73,4.04,4.64,44.01,0.85,0
39.01,8.65,12.06,43.38,0.85,0
37.9,5.35,3.84,36.94,0.2,1
30.49,4.41,16.24,13.89,0.85,0
63.48,4.75,12.24,30.44,1.0,1
49.97,4.37,9.4,9.59,0.2,1
54.16,2.54,14.99,17.57,0.5,1
61.84,7.01,2.2,43.83,0.85,0
40.05,0.98,11.98,3.45,0.2,0
57.01,3.67,4.57,79.5,0.2,0
31.67,3.08,6.01,3.44,1.0,1
25.37,3.72,7.55,34.33,1.0,0
60.09,6.93,9.38,18.91,0.2,1
49.6,4.43,13.34,19.17,0.2,0
30.75,4.79,5.02,32.51,1.0,1
50.99,6.72,10.11,9.45,0.85,1
54.11,6.46,5.75,24.77,0.85,0
55.92,6.21,4.05,20.72,0.85,1
66.83,4.83,18.11,78.6,0.2,0
59.31,8.38,8.54,24.69,0.5,0
64.28,3.02,4.66,4.71,0.85,1
52.07,4.41,14.97,5.29,0.5,1
40.54,3.78,6.46,16.69,0.2,1
35.63,3.89,3.68,2.74,0.3,1
67.15,2.79,2.37,20.09,1.0,1
37.99,7.48,6.68,3.6,1.0,0
56.92,6.56,15.68,1.73,0.2,1
23.57,4.34,8.01,7.88,0.2,0
48.47,6.01,4.39,36.32,0.85,0
55.22,7.72,6.17,2.4,0.2,1
31.43,10.35,3.52,28.5,0.2,0
43.47,2.12,11.81,27.29,0.2,1
62.76,4.5,4.44,18.33,0.85,1
31.27,8.88,8.18,20.11,0.5,0
41.95,12.5,1.73,45.55,0.85,0
36.93,5.73,11.39,1.57,0.5,1
47.06,7.37,6.2,45.41,0.85,0
57.07,0.8,4.49,21.04,0.85,0
40.82,5.89,12.23,25.58,0.5,1
53.8,4.25,8.49,57.75,0.2,0
28.62,6.99,12.07,29.32,0.2,1
32.69,10.68,8.27,5.33,0.2,0
57.67,4.8,4.21,3.77,0.85,1
43.07,4.67,10.3,9.84,0.5,1
21.62,3.45,16.96,11.5,0.2,0
26.59,1.01,14.12,17.0,0.85,0
37.69,3.62,7.69,7.32,0.2,1
50.71,2.02,15.5,6.43,0.85,1
44.74,2.16,1.69,16.32,0.5,1
67.59,5.94,13.57,21.13,0.2,0
29.23,2.36,12.16,8.76,0.85,1
44.59,5.03,12.65,6.96,1.0,1
47.45,12.5,3.81,37.8,0.85,0
63.18,3.88,1.0,4.18,1.0,1
54.26,2.17,6.4,9.36,0.85,1
31.52,10.98,6.32,24.16,0.2,0
51.83,2.73,10.35,6.02,0.2,1
50.2,3.7,6.6,51.73,0.2,0
29.0,8.1,4.4,10.52,0.85,1
25.4,2.49,20.59,15.85,0.3,0
52.06,3.52,11.4,5.89,0.2,1
33.83,2.4,6.56,66.82,0.85,0
60.05,8.04,10.19,35.67,0.5,0
45.26,2.34,9.73,18.28,1.0,0
40.3,6.37,14.4,15.84,0.2,0
55.31,4.54,13.14,21.09,0.85,1
28.45,3.41,4.95,52.17,0.3,0
43.54,4.48,8.87,35.06,0.5,1
47.6,3.73,7.01,40.38,0.5,1
19.84,3.01,4.77,42.1,0.2,0
47.43,1.42,14.97,53.2,0.85,0
25.61,2.45,1.95,74.73,0.5,0
59.83,5.34,5.23,6.51,1.0,1
50.39,4.03,15.52,12.18,0.85,1
31.34,6.3,12.33,31.44,0.85,1
45.08,5.02,8.05,11.92,0.2,1
46.03,0.8,5.32,12.27,1.0,0
49.11,5.94,6.72,7.15,0.2,1
56.9,2.22,12.6,2.92,0.2,1
45.88,4.76,12.46,30.9,1.0,1
25.48,1.71,6.53,13.79,0.5,0
50.82,7.86,14.45,22.0,0.3,1
41.13,7.08,13.08,8.09,0.2,1
48.04,4.15,7.68,15.99,0.85,1
53.86,6.93,13.22,16.18,0.85,1
43.77,2.56,2.95,11.09,0.2,1
58.97,3.25,7.54,1.55,1.0,0
63.95,7.74,12.7,8.12,0.2,1
47.92,0.8,6.54,20.28,1.0,0
36.58,4.24,3.07,33.36,0.2,1
44.14,5.71,4.22,41.98,0.85,1
62.94,3.59,10.43,51.01,1.0,0
58.03,8.88,26.85,50.37,0.5,0
46.47,10.21,19.07,31.62,0.5,0
61.13,5.93,7.32,48.95,0.3,0
60.57,2.23,4.63,7.82,0.2,1
40.43,7.0,12.74,20.65,0.2,1
41.48,12.24,15.91,42.12,0.2,0
44.57,4.89,16.74,45.54,0.85,0
40.06,4.36,5.64,37.2,0.3,1
62.98,2.67,9.26,8.51,0.85,1
36.57,5.54,3.98,36.43,0.85,1
38.57,4.44,1.0,22.25,0.2,1
59.73,0.91,3.65,62.07,0.2,0
41.79,6.77,14.92,64.46,0.5,0
21.66,2.07,8.92,12.88,0.85,0
39.2,12.5,5.61,11.51,0.2,0
47.81,5.07,26.69,39.37,0.3,0
58.47,4.16,6.56,21.78,0.85,1
42.68,4.94,9.46,20.66,1.0,1
46.75,4.77,10.39,18.65,0.85,1
48.7,3.74,4.64,22.39,0.2,1
29.9,1.6,4.66,40.08,0.5,0
47.18,8.98,20.71,77.17,0.85,0
51.37,4.9,8.89,15.11,0.2,1
63.54,8.08,6.27,45.45,0.5,0
34.97,1.75,4.02,39.15,0.85,0
30.71,2.94,1.87,27.93,0.2,1
48.42,3.56,19.66,56.47,0.2,0
60.38,2.27,5.27,15.71,0.85,1
34.53,6.76,8.41,34.05,1.0,1
50.75,4.06,1.77,14.82,1.0,1
58.19,5.46,14.22,10.36,0.2,1
65.19,3.22,5.96,15.55,0.85,1
46.73,8.27,20.81,56.55,0.5,0
40.62,7.2,14.75,4.91,0.2,0
44.85,6.65,15.67,74.26,0.85,0
41.28,5.06,4.86,21.6,0.5,1
64.68,8.98,4.65,35.54,0.85,0
53.38,7.25,10.65,31.99,0.85,0
56.12,4.52,3.53,61.28,0.85,0
44.43,3.41,21.09,31.87,0.5,0
45.63,4.05,3.07,43.02,0.85,0
30.56,6.08,12.22,31.15,0.5,0
31.44,1.74,4.23,8.4,0.3,0
39.19,2.86,10.82,55.22,0.85,0
43.42,8.91,16.23,7.54,0.2,0
29.41,7.85,4.88,4.57,0.85,1
40.35,4.07,3.65,4.73,1.0,1
58.7,12.5,10.99,41.96,0.5,0
37.21,7.03,3.09,49.4,0.2,0
53.94,4.93,16.3,36.18,0.2,0
21.84,7.93,16.93,20.88,0.2,0
29.9,3.33,13.57,34.86,0.85,1
61.37,3.02,7.38,8.52,0.85,1
54.23,4.42,7.63,27.72,1.0,1
37.29,4.8,4.97,21.55,0.85,0
49.53,3.02,11.23,9.92,0.2,1
48.08,9.56,2.68,17.68,0.85,0
64.35,3.85,13.31,59.69,0.3,0
39.81,1.48,4.75,38.79,0.85,0
43.29,5.07,18.0,32.34,0.5,0
33.36,4.22,12.99,38.31,0.2,0
53.64,7.45,7.84,53.89,0.5,0
37.43,3.35,6.19,29.85,0.85,1
50.45,6.8,5.46,2.13,0.85,1
48.01,5.49,12.02,26.45,1.0,1
56.81,8.19,17.27,37.62,0.2,0
57.98,5.04,19.87,35.2,0.5,0
33.89,2.93,21.78,36.52,0.5,0
31.77,5.65,19.51,21.18,0.2,0
62.9,2.46,12.43,18.31,0.85,1
50.66,1.1,4.7,36.37,0.5,0
28.99,3.07,6.68,18.41,1.0,1
45.15,8.47,7.36,2.71,0.85,0
56.24,11.62,11.45,46.5,0.85,0
56.17,1.72,8.18,28.46,0.85,0
54.02,7.71,6.85,64.25,0.2,0
55.09,10.61,6.99,30.65,0.85,0
63.75,2.41,9.81,17.5,0.3,0
45.39,9.62,13.17,7.83,0.85,0
43.06,2.1,5.76,48.54,0.85,0
40.62,4.43,9.67,22.78,1.0,1
59.87,5.85,4.33,4.73,0.2,1
43.04,2.54,31.42,39.73,0.5,0
25.41,9.31,9.41,25.61,0.85,0
48.16,4.69,5.16,4.28,0.2,1
32.32,7.33,11.03,0.82,0.3,1
48.01,2.63,5.85,43.22,1.0,0
29.45,11.98,11.68,10.44,0.3,0
45.31,6.24,5.22,44.87,1.0,0
42.79,6.1,3.7,48.19,0.3,0
43.25,5.8,5.53,35.14,0.85,1
44.11,6.15,9.96,9.46,1.0,1
50.76,6.95,8.35,32.74,0.2,1
33.52,3.86,13.21,10.24,0.2,0
56.17,2.02,5.56,16.95,0.2,1
28.5,2.08,11.44,35.79,0.85,1
23.75,4.91,7.22,14.67,0.3,0
48.15,10.78,8.55,49.04,0.5,0
48.83,4.41,18.27,15.8,0.3,0
52.15,8.7,14.19,4.14,0.5,0
32.34,4.52,5.5,5.21,0.5,1
30.4,10.11,12.28,10.09,0.85,0
49.44,6.06,3.54,20.08,0.85,1
35.4,5.59,29.93,2.88,0.2,0
26.67,8.26,17.05,52.87,0.2,0
44.06,6.03,15.62,21.37,0.2,1
36.35,6.79,11.13,2.67,0.2,1
58.99,4.86,4.77,5.14,0.85,1
42.51,5.79,8.93,10.65,0.2,1
39.99,2.21,8.37,12.15,0.2,1
29.29,9.24,7.76,58.84,0.2,0
20.5,9.41,11.35,15.13,1.0,0
42.71,3.97,12.95,40.09,0.5,0
39.78,4.62,5.81,22.99,0.85,1
45.33,11.84,11.51,26.04,0.5,0
55.94,4.04,7.09,39.79,0.85,1
36.01,7.18,1.16,36.3,1.0,1
23.4,5.39,4.13,44.1,0.2,0
57.9,1.82,11.28,24.21,0.85,1
41.73,6.2,14.66,4.3,0.85,1
27.45,1.93,2.39,31.25,0.85,0
32.81,9.13,4.12,32.92,0.3,0
29.56,4.28,8.41,19.49,1.0,1
61.03,2.28,3.28,33.14,0.5,1
47.2,7.52,11.3,48.37,0.85,0
47.19,1.87,1.69,66.01,0.2,0
56.84,1.95,3.28,7.87,0.2,1
38.08,12.16,12.76,23.97,0.2,0
58.18,8.38,15.04,36.27,0.2,0
64.22,5.03,5.6,18.23,0.85,1
49.09,6.3,8.38,30.27,0.85,1
20.63,2.74,10.15,37.92,0.85,0
32.83,5.34,1.34,41.33,0.5,0
60.06,2.43,12.37,4.11,0.85,1
43.68,2.39,2.34,41.94,0.2,1
57.01,7.72,4.5,7.1,0.2,1
19.68,3.7,12.84,44.03,1.0,0
31.47,3.36,15.15,12.54,0.5,1
62.6,5.97,12.4,44.57,0.85,0
45.44,3.28,18.22,81.25,0.85,0
61.74,4.21,24.88,57.94,1.0,0
31.17,11.23,14.64,0.61,0.85,0
38.94,1.94,10.76,48.1,1.0,0
52.27,10.28,2.2,53.93,1.0,0
45.53,12.5,17.49,15.12,0.3,0
42.08,2.04,6.03,40.39,1.0,1
37.54,2.24,7.45,6.2,0.2,1
39.52,6.59,9.27,47.97,0.85,0
53.17,1.03,16.84,38.33,0.5,0
30.06,5.1,14.42,21.93,0.3,1
57.81,3.02,9.02,57.09,0.2,0
32.54,9.28,16.65,6.92,0.85,0
47.57,3.87,15.76,46.7,0.5,0
55.92,5.56,6.82,28.78,0.85,1
47.4,7.08,5.95,25.94,0.2,0
45.55,6.27,7.48,26.27,0.5,1
29.59,4.83,13.56,0.5,1.0,1
37.06,7.26,10.93,58.92,1.0,0
31.58,1.76,3.51,9.93,0.2,0
35.04,8.36,6.47,21.17,0.5,0
59.44,4.04,16.59,28.14,0.2,0
55.57,6.79,19.06,6.02,1.0,0
53.5,4.71,3.77,31.76,0.5,1
52.04,3.37,22.63,4.93,0.3,0
43.19,4.51,10.92,7.83,0.85,1
58.07,5.65,14.31,10.97,1.0,1
65.81,6.16,15.06,3.29,0.5,0
44.82,5.71,3.93,57.48,0.85,0
42.97,3.22,10.81,43.0,0.2,0
45.85,2.57,3.82,10.11,0.5,1
40.73,2.73,8.09,51.21,1.0,0
40.79,4.19,6.98,17.38,1.0,1
39.01,6.73,15.59,26.82,1.0,0
15.61,6.98,3.98,41.62,1.0,0
44.28,3.47,15.74,27.96,1.0,1
38.14,4.84,6.97,31.64,0.85,1
48.22,1.87,2.36,51.84,1.0,0
52.88,3.87,11.55,12.61,0.2,1
57.91,3.46,28.05,43.8,0.85,0
31.33,2.99,17.04,45.86,0.85,0
52.8,5.13,18.62,55.36,1.0,0
50.41,11.43,7.05,30.66,0.85,0
49.75,4.99,4.85,21.78,1.0,1
65.48,8.69,16.2,25.43,0.5,0
52.03,7.72,1.62,6.81,0.85,1
37.95,3.56,20.1,8.35,1.0,0
41.96,7.29,7.2,5.09,0.85,1
61.66,11.78,12.18,22.32,0.85,0
55.03,2.25,7.35,26.52,0.85,1
47.22,7.71,10.84,42.92,0.85,0
44.99,4.64,6.67,1.62,1.0,1
50.46,3.24,6.44,42.85,0.3,0
53.9,5.96,7.01,13.05,0.5,1
44.3,6.05,14.05,24.86,0.85,1
38.47,12.5,4.86,32.99,0.5,0
49.86,3.31,8.09,18.77,0.85,1
54.83,4.98,6.26,2.41,1.0,1
47.08,4.93,2.82,10.86,1.0,1
39.12,3.3,12.72,31.73,0.3,1
36.12,2.76,16.79,25.74,0.85,0
37.7,3.82,5.44,7.63,1.0,1
39.92,4.55,7.23,82.92,0.5,0
29.63,2.65,16.87,32.87,0.5,0
52.8,7.95,16.92,13.09,0.85,0
39.5,6.38,12.49,23.54,0.2,0
55.93,2.29,8.54,62.26,0.5,0
51.19,3.78,4.08,46.68,1.0,0
36.33,5.19,10.42,8.64,0.5,1
55.98,7.07,7.36,18.2,0.2,1
60.23,4.57,6.47,13.85,0.5,1
52.58,6.86,15.07,48.15,0.2,0
33.49,5.78,7.8,2.44,0.2,1
49.64,7.29,9.1,8.7,0.5,1
51.84,3.06,7.8,28.21,0.85,1
36.67,6.48,12.26,62.25,0.85,0
40.14,4.65,5.0,25.64,0.3,1
37.48,8.55,11.45,35.11,0.2,0
64.52,3.02,9.22,8.56,0.5,1
47.0,5.84,13.48,8.42,0.3,1
31.1,5.0,9.29,49.26,0.3,0
24.93,4.39,7.11,12.3,0.3,0
33.27,3.88,3.42,25.42,0.85,1
45.77,4.05,9.19,35.03,0.2,1
32.89,11.0,6.37,4.22,0.85,0
34.65,4.32,17.44,5.88,1.0,0
65.28,10.57,5.49,2.96,0.85,0
67.14,4.39,14.29,32.12,0.85,0
51.02,5.29,8.47,12.35,0.85,1
33.14,4.83,1.0,9.1,0.3,1
51.01,10.89,5.75,1.79,1.0,0
45.83,7.48,18.24,2.91,0.3,0
40.26,3.67,6.33,18.33,1.0,1
34.56,1.94,10.28,17.84,0.5,1
57.09,3.73,10.17,1.53,1.0,1
64.64,9.38,11.47,20.97,0.5,0
46.81,2.39,20.28,16.71,0.2,0
26.5,2.0,12.97,11.9,0.2,0
55.82,3.26,9.87,42.79,0.5,0
28.63,2.64,18.07,6.76,0.85,0
57.41,2.9,13.72,15.03,0.2,1
57.65,1.41,5.57,7.69,1.0,0
34.02,5.35,5.3,27.83,0.85,1
49.38,5.93,15.7,24.55,0.5,0
21.69,4.31,3.57,36.67,1.0,0
51.98,1.95,4.51,6.51,0.5,1
65.47,3.28,12.22,45.16,0.5,0
28.01,5.83,4.53,12.95,0.2,1
64.13,6.26,15.94,3.99,0.2,0
47.76,1.45,4.75,13.26,1.0,0
69.78,4.91,5.82,39.69,1.0,1
42.08,3.12,9.32,30.15,0.85,1
47.21,4.73,10.57,20.92,0.5,1
22.77,2.06,9.82,56.48,0.5,0
62.11,1.61,8.52,26.63,0.85,0
49.17,4.24,2.61,47.11,0.85,0
41.13,4.47,10.3,16.45,0.2,1
64.56,2.82,13.35,22.28,0.5,1
43.56,10.09,8.52,46.0,0.2,0
32.13,3.07,6.02,4.83,0.85,1
43.14,3.03,3.78,4.63,0.2,1
34.46,4.82,6.58,22.93,0.3,1
29.11,4.48,18.51,24.26,0.85,0
33.14,3.08,7.14,74.63,0.5,0
50.94,5.91,12.88,9.4,1.0,1
60.58,5.88,6.15,27.39,0.85,1
46.09,4.87,3.54,6.3,1.0,1
20.14,5.32,16.61,5.61,0.2,0
25.54,4.64,4.91,40.53,1.0,0
26.62,4.5,2.78,39.52,0.5,0
54.31,2.08,7.35,0.5,1.0,1
39.4,5.02,15.76,7.46,0.85,1
48.3,7.55,3.08,28.81,0.2,1
64.42,5.33,4.19,18.54,0.5,1
52.62,3.99,12.52,35.06,0.2,1
39.75,7.37,6.86,37.45,1.0,1
26.13,5.33,9.96,22.73,1.0,0
38.84,3.05,7.18,38.2,0.2,1
51.31,7.36,22.69,46.15,0.85,0
51.99,3.57,16.04,29.09,1.0,0
56.45,2.46,13.68,17.68,0.5,0
48.93,2.84,11.63,34.84,1.0,1
43.62,3.38,9.01,34.94,0.2,1
42.99,2.01,7.66,36.94,0.85,1
31.17,8.98,1.0,10.6,0.85,0
41.45,1.56,11.87,10.33,0.5,0
36.66,6.29,9.92,17.59,0.2,1
48.9,5.47,3.11,9.52,0.2,1
50.27,5.28,12.09,29.18,0.5,1
33.33,5.87,9.4,35.11,0.3,1
25.33,4.21,6.71,4.13,1.0,1
39.23,6.31,5.21,30.38,0.85,1
46.13,4.42,11.1,7.5,0.2,1
45.84,3.77,4.7,21.31,0.5,1
21.48,2.16,9.1,36.89,0.2,0
28.88,5.59,12.9,45.64,1.0,0
43.86,5.65,14.13,50.62,1.0,0
46.9,4.64,7.87,10.9,0.5,1
33.91,7.01,7.6,0.91,0.85,1
53.57,8.35,9.41,17.85,0.2,0
52.12,3.47,6.68,56.83,1.0,0
43.42,6.43,16.2,53.13,0.5,0
51.41,2.13,11.47,34.6,0.2,1
21.02,4.82,7.1,22.62,0.5,0
50.96,4.23,4.4,38.09,0.5,1
62.04,7.11,23.01,27.68,0.85,0
50.34,3.63,21.21,36.78,0.5,0
54.16,8.58,5.26,55.89,0.85,0
41.62,4.1,5.87,20.72,0.85,1
28.43,2.16,6.02,23.91,1.0,1
53.9,1.67,6.81,69.69,1.0,0
35.77,6.77,6.41,66.55,0.2,0
60.96,2.01,1.0,8.69,0.5,1
52.89,6.01,13.71,28.52,0.3,0
65.24,6.7,10.05,49.85,1.0,0
28.25,3.02,2.78,2.92,0.5,1
46.19,5.4,22.37,52.52,0.2,0
29.91,10.06,6.68,33.15,0.3,0
32.48,4.29,15.97,39.28,1.0,1
50.11,1.78,19.56,27.52,1.0,0
64.95,3.31,1.11,6.07,0.2,1
45.74,10.73,21.26,28.19,0.85,0
61.78,6.98,7.19,20.67,0.3,1
27.14,2.32,3.15,17.5,0.5,0
32.14,8.24,9.96,25.58,1.0,0
50.85,8.49,1.85,31.2,1.0,0
61.99,3.65,6.24,18.57,0.2,1
54.75,2.11,15.26,33.35,0.85,0
57.08,7.87,14.15,39.82,0.85,1
44.93,11.46,22.27,31.17,0.5,0
20.11,3.07,1.56,50.05,0.2,0
43.6,6.77,9.73,18.16,0.85,1
49.49,3.12,3.23,12.5,0.2,1
31.61,3.04,17.91,37.52,0.85,0
30.8,5.41,1.79,0.34,1.0,0
34.67,2.84,18.54,32.15,1.0,0
63.08,4.56,6.23,25.33,0.3,1
61.13,8.63,11.61,57.48,0.85,0
46.28,1.87,8.17,22.19,0.5,1
21.98,7.23,10.59,19.7,0.85,0
54.11,5.19,7.82,61.84,0.85,0
35.46,5.91,12.49,23.63,1.0,1
39.92,4.93,4.42,7.05,1.0,1
28.48,9.25,6.42,31.33,0.85,0
30.31,5.74,5.28,21.46,1.0,1
52.6,3.83,6.33,7.11,0.85,1
45.37,5.2,4.32,63.83,0.5,0
39.6,3.72,10.69,8.86,0.5,1
25.3,3.16,8.27,26.19,0.2,0
37.66,8.19,7.55,4.01,0.85,1
56.63,3.73,16.07,23.46,0.85,0
44.41,1.6,10.47,22.79,0.5,0
55.12,5.95,9.61,12.43,1.0,1
33.82,3.85,11.73,26.78,0.2,1
63.21,10.18,10.83,35.18,0.2,0
64.45,6.47,11.31,68.58,1.0,0
60.5,9.91,10.97,14.5,0.5,0
38.7,7.14,5.97,9.01,0.5,1
37.77,8.31,12.33,12.43,1.0,0
61.69,5.78,9.12,20.05,0.5,1
21.72,7.39,13.78,11.74,1.0,0
36.35,2.91,6.67,83.33,1.0,0
33.76,7.13,9.35,3.69,0.3,1
47.18,2.08,13.17,17.23,0.3,1
52.4,4.57,6.84,4.63,0.5,1
49.09,3.39,12.36,57.69,0.85,0
34.09,5.43,13.37,38.98,0.2,0
42.4,3.67,9.68,13.73,0.2,1
54.72,2.13,4.93,57.08,1.0,0
55.65,2.01,19.32,33.98,1.0,0
38.19,2.25,8.55,17.79,0.5,1
32.03,5.51,16.1,41.04,1.0,0
49.9,5.62,17.83,4.39,0.2,0
27.86,3.66,2.69,67.62,1.0,0
63.57,6.06,7.93,11.6,0.85,1
62.41,4.33,7.75,11.21,0.85,1
27.79,5.82,8.67,10.28,0.3,0
29.44,4.73,4.66,13.77,1.0,1
43.6,7.27,19.3,36.7,1.0,0
54.11,2.88,4.01,18.85,0.85,1
56.11,1.42,3.49,68.4,1.0,0
16.87,4.35,5.56,34.11,0.3,0
52.25,5.0,2.76,35.03,0.85,1
41.03,2.51,7.6,25.77,0.5,1
53.39,2.77,5.19,17.94,0.85,1
23.42,6.38,8.66,42.53,0.85,0
63.2,6.47,10.01,8.25,1.0,1
61.58,4.24,9.17,16.81,0.3,1
63.45,1.72,16.94,10.63,0.2,0
38.89,6.25,17.19,19.7,0.5,0
18.46,4.97,10.39,19.22,0.3,0
48.31,3.43,9.38,17.35,0.85,1
56.89,7.67,7.4,15.48,0.2,1
49.73,0.95,12.03,2.86,0.85,0
48.91,4.58,5.0,24.96,0.2,1
55.45,6.29,5.77,2.36,0.85,1
33.26,2.1,9.73,6.46,1.0,1
60.61,1.97,10.54,21.72,0.85,1
55.39,10.66,12.54,18.21,0.2,0
52.1,6.43,21.04,25.52,0.2,0
39.53,9.29,2.08,40.96,0.5,0
31.19,7.39,11.09,45.76,0.85,0
58.6,5.56,9.09,63.17,0.2,0
52.74,11.4,7.46,8.89,1.0,0
58.11,5.24,2.98,20.09,0.2,1
57.05,4.38,12.16,27.51,0.85,1
34.7,7.39,12.89,27.6,0.5,0
25.25,7.74,4.22,4.85,0.85,0
46.0,5.99,12.13,26.01,0.2,1
32.5,3.43,1.75,10.06,0.5,1
54.68,7.38,4.09,57.69,1.0,0
37.16,3.39,4.83,26.41,0.2,1
59.61,4.81,21.63,39.1,0.85,0
45.11,2.77,9.78,17.89,1.0,1
52.34,2.88,9.07,61.69,0.5,0
61.4,1.13,23.68,8.98,0.85,0
37.29,4.31,4.16,6.32,1.0,1
24.18,5.65,22.54,55.54,0.85,0
29.76,11.17,5.28,42.41,0.2,0
36.37,3.23,11.53,10.44,1.0,1
43.84,4.91,13.49,4.61,0.5,0
39.61,4.44,1.0,12.36,0.5,1
46.33,5.77,12.85,37.37,0.3,1
63.95,3.96,9.07,59.33,0.85,0
58.28,6.49,9.26,5.96,0.2,1
52.06,2.66,6.42,46.27,1.0,0
29.77,4.68,17.76,34.48,0.2,0
41.32,5.61,4.65,18.68,0.3,1
40.02,7.98,7.29,16.74,0.2,1
37.04,6.56,1.92,5.64,0.5,1
42.96,4.62,8.16,14.06,0.85,1
25.36,2.88,18.23,5.86,0.2,0
46.01,11.89,5.41,2.87,0.5,0
55.48,3.11,13.98,15.96,0.5,1
50.63,2.22,1.81,42.92,0.5,0
38.4,3.3,14.83,2.83,0.5,1
50.94,1.95,6.38,17.9,0.85,1
35.86,5.57,2.39,4.48,0.85,1
26.72,4.6,6.66,12.19,0.2,0
51.73,4.09,9.88,5.7,0.2,1
62.89,4.36,18.9,60.17,0.85,0
47.7,3.42,6.6,7.38,0.3,1
44.86,1.33,7.22,59.68,0.2,0
48.27,7.4,12.09,54.52,0.85,0
46.12,3.6,1.25,11.35,0.85,1
35.94,2.0,12.28,43.63,0.2,0
62.38,1.56,1.82,21.37,0.5,0
55.64,8.8,19.88,36.45,0.2,0
51.48,3.82,27.23,10.37,0.2,0
45.37,3.77,13.08,23.36,1.0,1
53.14,5.91,8.12,47.02,0.3,0
49.65,3.43,4.48,28.62,0.5,1
51.19,1.92,1.95,7.51,0.2,0
17.51,3.23,15.08,28.47,0.3,0
37.45,5.24,13.69,30.26,0.85,1
62.34,3.22,18.33,9.66,0.85,0
58.06,2.81,5.74,24.87,0.3,1
43.4,2.41,7.8,45.55,0.85,0
47.62,5.64,17.96,12.06,1.0,0
40.82,5.17,7.15,23.96,0.2,1
44.91,6.03,5.82,0.75,0.5,1
40.37,4.1,10.24,20.83,0.5,1
30.05,3.58,8.59,29.78,0.85,1
60.6,2.89,4.86,32.18,0.5,1
17.48,3.84,16.69,14.42,0.85,0
43.88,1.63,11.11,26.94,0.2,0
67.46,5.37,5.78,0.52,0.85,1
38.36,3.64,11.02,26.7,0.5,1
43.79,7.86,20.4,40.33,1.0,0
28.16,4.46,4.51,65.22,0.2,0
38.9,1.3,10.93,17.91,0.3,0
52.68,5.01,31.03,33.43,0.85,0
57.15,12.06,8.87,2.67,0.5,0
44.38,5.63,13.54,45.57,0.2,0
45.85,6.84,12.34,65.98,0.2,0
29.41,8.29,8.88,15.23,1.0,0
60.52,2.74,7.91,29.18,0.5,1
31.76,4.2,11.78,0.42,0.2,1
33.65,2.82,10.38,34.96,0.3,0
45.16,6.42,8.67,6.5,1.0,1
57.21,2.84,3.51,14.67,0.5,1
23.76,4.08,13.78,7.79,0.5,0
40.53,6.71,14.32,9.73,0.3,1
53.26,6.38,6.64,8.31,0.5,1
25.47,4.96,6.37,7.95,0.3,0
40.15,8.34,8.52,39.8,0.3,0
37.07,6.69,6.9,1.4,1.0,1
49.19,3.24,13.75,1.3,1.0,1
55.01,1.96,20.84,28.48,0.2,0
50.22,2.66,3.03,27.95,0.5,1
52.65,6.91,3.85,16.98,0.2,1
52.56,5.59,7.24,44.13,0.2,0
27.4,8.39,8.29,31.38,0.2,0
21.67,5.91,5.57,12.49,0.5,0
45.18,6.77,17.42,19.63,0.2,0
33.52,5.33,12.94,7.01,0.85,1
48.09,3.17,16.52,30.8,0.5,0
23.29,3.09,6.9,43.38,0.85,0
55.93,2.68,16.85,13.18,0.2,0
52.04,3.18,18.23,7.02,0.85,0
48.67,8.5,18.26,3.59,1.0,0
41.63,6.32,1.0,53.74,0.5,0
42.46,4.14,8.59,51.48,0.2,0
49.08,5.69,12.39,37.0,0.2,1
50.2,5.64,13.85,57.67,0.5,0
41.62,8.88,5.06,7.99,0.5,0
32.4,3.91,10.51,12.93,0.5,1
57.19,5.17,8.4,69.52,0.5,0
43.03,6.8,11.65,35.23,0.5,1
59.91,3.16,12.96,26.11,0.85,0
20.18,9.27,8.37,36.11,0.85,0
38.93,6.63,1.68,0.33,0.85,1
48.79,2.66,10.8,7.77,0.85,1
38.46,10.88,27.66,22.14,0.85,0
39.27,8.35,14.33,6.34,0.85,0
39.18,6.2,5.14,36.17,0.85,1
44.95,1.42,12.15,49.07,0.2,0
42.26,3.48,7.79,31.9,0.3,1
43.24,4.98,6.26,17.16,1.0,1
38.86,5.18,7.78,16.18,1.0,1
21.89,4.77,11.66,27.67,0.3,0
50.57,2.23,12.36,6.18,0.2,1
31.78,4.02,2.5,49.08,0.2,0
36.0,4.24,12.99,3.9,1.0,1
43.37,1.24,16.53,27.76,1.0,0
39.65,6.17,12.03,29.51,0.85,1
27.13,9.8,7.42,19.8,0.85,0
40.56,4.4,15.72,23.76,0.85,1
25.98,6.23,8.49,27.28,0.85,0
39.33,2.69,10.88,22.47,0.85,1
59.86,5.51,4.53,24.19,1.0,1
50.66,5.56,1.1,64.48,0.85,0
33.23,7.88,11.0,16.71,0.3,1
50.27,8.66,4.53,23.25,1.0,0
45.02,6.19,2.14,40.45,0.2,1
47.59,3.22,4.6,69.74,1.0,0
52.7,3.15,12.96,53.92,0.5,0
50.82,8.61,5.69,5.65,1.0,0
43.41,1.75,10.83,9.14,1.0,0
46.56,2.36,12.05,15.8,0.2,1
26.61,3.47,5.08,24.49,0.3,0
44.04,5.95,10.66,1.61,0.5,1
37.84,9.64,5.79,16.97,0.3,0
24.96,10.04,11.95,10.36,0.85,0
54.15,1.0,5.29,42.53,0.5,0
34.38,5.42,8.43,26.92,0.2,1
18.65,4.56,5.92,3.54,0.3,0
30.41,2.91,27.38,29.0,0.5,0
46.55,0.95,11.48,3.06,0.85,0
27.12,4.55,3.37,47.96,0.5,0
63.59,2.33,20.18,33.6,0.5,0
51.14,5.84,11.93,4.28,0.2,1
37.2,4.77,9.74,23.83,0.2,1
49.41,1.43,6.59,61.14,0.2,0
63.91,4.14,7.93,7.64,0.5,1
58.86,1.93,11.38,8.55,0.85,1
51.44,5.29,4.96,8.8,0.85,1
40.73,6.5,8.18,7.44,0.85,1
35.84,3.73,11.54,0.32,0.5,0
29.74,8.4,9.5,9.8,0.2,0
46.03,5.34,17.29,48.99,0.85,0
41.31,4.7,6.0,30.76,1.0,1
43.15,4.75,18.27,18.24,0.2,0
51.66,4.14,12.0,13.84,0.5,1
42.22,4.06,6.78,14.72,0.85,1
42.97,2.28,3.95,77.48,0.5,0
62.83,9.34,6.13,54.24,0.85,0
43.07,4.11,5.17,63.4,0.85,0
56.09,10.04,17.96,22.99,0.2,0
62.98,6.44,9.1,32.84,0.85,1
31.44,4.32,11.72,41.76,1.0,0
22.41,4.98,2.51,9.78,0.5,0
53.18,6.5,20.09,40.72,0.3,0
62.92,7.47,16.91,54.61,0.5,0
63.49,4.66,9.01,4.28,0.2,1
36.67,7.14,20.14,24.44,0.3,0
65.04,6.38,9.37,2.13,0.85,1
49.98,6.53,15.94,60.01,0.3,0
59.22,7.15,10.94,20.06,0.2,1
56.18,3.38,6.25,20.56,0.5,1
35.45,8.81,13.0,28.4,0.5,0
50.99,5.6,6.3,4.54,0.2,1
39.26,7.46,6.45,18.28,0.5,1
44.56,4.65,13.69,28.63,0.2,1
55.81,5.25,10.04,72.81,0.2,0
40.1,3.37,10.01,82.48,1.0,0
62.52,2.54,8.03,62.88,1.0,0
38.48,4.23,5.79,39.92,1.0,1
43.76,6.64,11.69,2.09,0.2,1
57.42,3.42,24.76,19.44,0.2,0
41.38,1.78,4.25,28.11,0.2,0
28.08,8.07,3.77,12.15,0.85,1
23.79,2.34,6.99,13.99,0.5,0
56.19,5.51,11.37,12.61,0.5,1
36.37,10.66,13.29,20.04,0.2,0
65.24,12.5,8.58,4.11,1.0,0
50.7,4.35,1.06,43.59,1.0,0
56.04,8.13,7.15,45.54,0.3,0
38.59,5.55,17.43,38.39,1.0,0
48.36,2.75,8.16,17.56,0.3,1
43.02,4.15,2.82,14.23,0.85,1
62.27,3.59,3.9,19.98,0.3,1
58.9,7.97,10.55,50.28,0.3,0
31.66,10.44,7.78,8.63,0.85,0
47.9,3.82,1.23,19.11,0.85,1
63.24,1.81,15.26,13.02,0.5,0
44.57,5.16,9.05,26.52,0.5,1
55.29,2.86,13.97,19.13,0.5,1
19.98,2.5,15.09,20.45,0.3,0
53.51,3.22,4.3,7.97,0.2,1
30.38,3.09,16.87,3.06,0.85,0
30.38,5.82,7.02,54.21,0.5,0
53.0,6.52,4.54,21.3,0.2,1
55.27,5.48,7.26,23.03,0.85,1
64.4,2.85,22.68,28.8,0.5,0
55.2,2.89,18.12,25.47,0.5,0
62.52,4.54,20.28,33.73,0.5,0
37.66,3.94,1.0,26.65,1.0,1
65.71,4.78,5.24,14.67,0.3,1
21.49,5.73,12.71,5.01,1.0,0
56.99,4.51,14.24,13.99,0.5,1
37.19,6.26,9.26,30.11,0.85,1
63.37,5.25,6.62,24.92,0.2,0
56.46,6.41,6.78,24.55,0.85,1
35.42,2.41,9.51,11.13,0.2,1
33.96,1.65,1.0,28.41,0.85,0
59.81,2.79,12.03,8.26,1.0,1
50.96,7.7,10.04,2.69,0.5,1
27.13,5.27,9.11,29.71,0.2,0
41.04,3.39,4.76,13.08,0.85,1
48.91,3.12,4.41,70.24,0.5,0
55.67,6.61,3.22,36.54,0.5,1
57.68,5.34,18.07,29.49,0.2,0
59.49,2.19,16.31,26.09,0.85,0
50.06,2.18,10.16,20.91,0.85,1
32.52,6.3,5.82,25.05,0.85,1
52.06,3.32,13.36,60.32,1.0,0
19.32,1.87,3.97,19.18,0.5,0
48.56,1.85,14.62,43.5,0.2,0
45.69,5.83,14.74,39.23,0.85,1
38.0,3.42,6.01,46.46,0.2,0
47.86,6.87,8.83,45.55,0.85,0
42.24,4.86,10.7,16.24,0.5,1
44.85,3.74,4.82,41.54,1.0,0
47.13,4.71,6.71,10.89,0.2,1
41.08,11.18,10.46,17.17,0.85,0
60.68,2.7,9.73,30.51,1.0,1
50.03,8.32,8.12,44.1,0.5,0
55.76,6.34,5.21,1.33,0.85,1
54.87,3.51,9.52,29.8,1.0,1
31.35,6.34,7.17,11.52,0.5,1
39.2,5.17,4.89,0.07,0.3,1
58.75,4.46,6.23,2.42,0.2,1
56.24,3.92,5.33,45.05,0.85,0
60.31,7.48,7.29,36.74,0.85,1
49.96,4.79,21.42,37.66,0.2,0
35.13,2.81,19.33,34.39,0.2,0
44.83,4.62,11.51,49.67,1.0,0
22.49,1.92,13.13,21.56,1.0,0
54.04,3.33,7.48,24.69,0.85,1
42.03,6.23,13.73,29.51,1.0,1
45.58,2.61,15.65,58.26,0.85,0
54.78,12.5,14.3,0.2,1.0,0
65.4,1.18,4.7,28.85,1.0,0
49.39,3.88,14.87,50.82,0.2,0
63.87,6.55,14.67,48.66,1.0,0
45.8,1.97,12.45,2.98,0.5,1
69.11,6.61,15.54,46.32,0.85,0
31.71,6.38,15.45,47.31,0.2,0
37.09,4.03,10.11,48.13,0.5,0
45.81,2.87,11.75,4.96,0.2,1
64.23,4.76,6.85,12.25,0.5,1
45.22,6.24,3.41,26.75,0.5,1
41.64,3.0,9.5,3.55,0.3,1
49.24,4.44,9.3,34.45,0.5,1
39.12,2.03,14.23,31.07,0.2,1
47.32,7.09,4.65,45.77,0.2,0
47.77,10.26,15.68,4.86,0.5,0
47.38,3.66,14.11,1.98,1.0,0
35.99,3.19,12.74,33.85,0.85,1
30.36,7.84,4.53,15.71,0.85,1
38.34,7.77,6.49,20.0,0.2,1
52.41,6.71,7.83,1.41,0.85,1
33.91,2.35,1.0,10.18,0.85,1
26.37,0.8,4.78,31.79,0.5,0
47.82,4.34,11.54,65.64,1.0,0
42.65,5.83,10.09,4.84,0.5,1
58.47,3.67,19.95,4.44,0.3,0
23.72,7.69,4.32,13.27,0.85,0
28.7,3.27,9.23,61.95,0.2,0
64.67,1.68,1.26,25.4,1.0,0
56.35,3.66,10.2,5.57,0.5,1
59.22,5.57,3.25,8.08,0.5,1
21.79,2.59,2.95,52.16,1.0,0
23.29,5.28,8.13,20.21,0.85,0
61.77,4.32,6.72,52.86,1.0,0
31.52,10.14,8.29,35.86,0.85,0
28.97,7.21,1.52,6.77,1.0,1
43.92,12.5,2.66,37.67,0.5,0
51.71,2.27,2.6,0.45,1.0,1
17.41,8.49,3.66,18.73,0.2,0
32.07,1.33,8.01,22.03,0.85,0
57.42,7.52,8.14,20.79,0.85,1
38.45,1.62,6.53,9.48,0.2,0
26.8,6.56,3.24,36.55,0.85,0
47.94,5.32,16.02,44.41,0.3,0
44.42,5.63,10.93,2.71,0.85,1
38.66,1.2,10.98,66.23,0.2,0
41.84,6.33,6.36,42.44,0.85,0
26.3,1.67,17.18,32.48,1.0,0
49.03,10.16,6.27,37.16,0.85,0
52.26,3.16,11.31,11.68,0.85,1
64.13,3.82,18.32,20.05,0.85,0
49.62,8.43,27.28,9.43,1.0,0
41.99,4.84,4.86,55.58,0.85,0
34.57,4.89,16.29,40.57,0.2,0
31.56,5.98,12.44,42.16,1.0,0
36.91,2.69,2.62,20.11,0.2,1
49.67,3.14,4.41,26.94,0.85,1
33.87,4.97,9.12,26.08,0.2,1
35.88,10.53,9.11,69.05,0.85,0
38.72,6.86,13.97,39.75,0.85,1
33.48,7.09,8.03,33.73,1.0,1
51.45,8.83,12.53,32.95,0.5,0
40.34,7.7,27.96,32.97,0.5,0
48.27,6.69,20.3,43.21,0.85,0
37.75,4.3,9.59,16.95,1.0,1
25.56,1.06,13.59,12.72,0.2,0
29.19,2.57,6.78,10.57,0.85,1
61.26,2.78,13.89,11.04,0.5,1
39.84,8.09,11.08,33.87,0.5,0
49.46,6.24,8.0,25.53,1.0,1
48.92,0.8,8.73,15.4,0.85,0
45.62,4.78,8.26,46.83,0.2,0
40.55,1.07,11.34,52.93,0.85,0
44.18,4.28,12.26,62.6,0.5,0
67.6,7.81,8.82,32.33,0.2,1
57.71,6.23,16.08,47.33,0.2,0
42.62,3.85,19.97,39.73,0.2,0
55.57,5.17,11.77,6.79,0.2,1
29.96,3.17,4.64,14.85,0.5,1
30.86,2.15,4.45,17.36,0.5,1
38.17,3.04,33.34,17.59,0.5,0
41.41,7.41,9.33,23.29,1.0,1
67.01,8.59,11.5,6.03,1.0,0
43.85,7.61,9.08,32.62,1.0,1
49.11,7.17,11.51,2.27,0.2,0
32.68,2.44,8.38,15.54,0.5,1
42.62,4.05,16.47,39.99,0.2,0
43.19,4.28,5.9,11.78,1.0,0
36.3,3.55,27.74,18.49,1.0,0
39.54,2.58,10.76,58.34,0.85,0
41.64,5.31,2.95,31.44,1.0,1
59.63,5.2,8.36,21.21,0.3,1
32.24,3.98,7.54,41.78,0.85,1
37.56,9.63,19.15,30.58,0.5,0
48.02,3.65,6.17,8.79,0.3,1
52.38,4.44,8.49,4.11,0.2,1
18.85,1.95,12.64,26.54,0.5,0
30.55,6.74,2.95,16.33,1.0,1
48.68,8.44,4.58,28.76,0.5,0
33.85,1.78,11.4,35.97,0.2,0
55.14,5.99,3.17,26.9,0.5,1
19.17,3.86,6.02,19.77,0.2,0
35.83,6.94,7.79,17.18,0.2,1
21.9,5.39,5.08,12.97,0.85,0
33.52,5.39,6.58,13.42,0.85,1
63.53,5.19,5.36,7.68,0.85,1
49.61,10.89,13.77,50.9,0.85,0
57.33,2.16,5.39,25.01,0.5,1
58.27,1.08,14.01,17.18,0.2,0
51.8,6.78,5.48,40.32,1.0,1
54.98,2.45,2.4,59.03,0.2,0
31.65,7.03,17.03,24.27,0.5,0
60.96,6.62,12.66,53.38,0.85,0
59.8,3.0,4.97,4.15,0.5,1
57.17,12.5,6.27,30.3,0.3,0
44.56,9.27,5.23,36.49,0.3,0
31.87,4.52,12.94,0.89,1.0,1
46.69,5.25,1.0,54.04,0.85,0
49.36,8.2,21.34,10.63,0.5,0
68.72,2.26,7.21,20.71,1.0,1
45.73,6.01,6.02,18.43,0.85,1
46.69,4.47,13.94,5.54,0.2,1
30.71,9.43,6.5,15.63,0.5,0
38.62,1.5,10.01,28.68,0.85,0
31.37,5.45,7.69,73.62,0.85,0
57.46,2.26,10.92,7.7,0.85,1
44.51,6.06,3.15,37.55,0.2,1
34.8,4.86,7.37,16.38,0.2,1
60.5,5.15,17.58,30.87,0.5,0
35.53,7.24,22.8,48.7,0.2,0
44.97,6.37,3.41,39.81,0.2,1
51.19,3.21,11.45,37.36,0.2,1
30.42,1.22,7.74,64.08,1.0,0
46.79,1.62,6.97,43.67,1.0,0
59.15,3.29,1.25,44.76,0.3,0
15.32,5.21,3.38,8.32,0.3,0
64.83,4.61,5.26,10.4,0.85,1
49.91,5.3,8.43,11.48,0.5,1
39.57,8.35,11.62,38.89,1.0,0
59.3,3.39,9.76,11.16,1.0,1
45.95,6.99,7.99,0.38,0.3,1
48.2,5.1,10.87,20.61,0.5,1
53.25,8.78,8.0,5.12,0.3,0
53.0,5.41,7.06,20.39,0.85,1
49.65,10.3,22.77,24.46,0.2,0
41.71,6.67,15.52,49.33,0.85,0
30.14,7.87,3.19,57.13,0.5,0
58.28,3.31,11.58,28.49,0.85,1
26.07,8.69,27.91,39.46,1.0,0
47.32,10.39,10.77,44.51,0.5,0
50.53,6.28,5.14,43.16,0.3,0
40.31,4.08,11.66,19.79,0.5,1
54.09,7.99,4.58,37.88,0.85,1
42.48,6.95,14.85,8.57,0.5,1
36.8,11.97,9.36,14.9,0.2,0
37.27,6.16,5.82,38.04,0.2,1
51.37,4.5,6.85,50.47,0.2,0
39.03,5.06,12.52,60.25,1.0,0
37.14,2.94,3.43,27.86,1.0,0
45.05,4.01,17.73,9.81,0.85,0
34.08,1.43,3.51,0.52,1.0,0
30.27,4.4,7.75,5.04,0.2,1
48.14,8.08,13.5,47.43,0.5,0
25.35,12.5,13.91,17.98,0.5,0
58.48,3.89,3.1,23.98,1.0,1
59.71,6.52,5.88,19.93,1.0,1
55.86,4.49,6.9,24.35,0.5,1
41.77,3.84,18.18,64.37,0.3,0
22.39,2.52,8.43,59.59,0.2,0
28.61,9.88,17.49,2.66,1.0,0
55.34,1.77,15.9,34.42,0.5,0
53.94,5.94,1.82,33.65,0.3,1
40.39,2.05,12.17,30.59,0.3,0
34.57,3.46,16.71,52.24,0.5,0
44.0,9.6,7.11,15.62,0.5,0
40.02,2.47,8.75,19.84,1.0,1
44.14,5.64,5.3,10.64,1.0,1
43.79,8.7,9.3,21.22,0.85,0
53.07,5.84,6.94,20.34,0.2,1
56.5,5.99,12.54,61.05,0.85,0
48.65,5.8,5.33,7.68,0.5,1
41.32,2.05,9.13,8.18,0.2,0
29.12,7.78,8.53,27.71,0.2,1
35.04,8.57,7.62,0.07,0.5,0
40.07,5.45,5.51,13.05,0.2,1
36.06,4.98,12.44,4.69,0.2,1
61.15,1.98,5.1,22.28,0.5,1
33.82,2.99,17.53,23.85,0.5,0
59.47,5.73,10.61,17.8,0.5,1
57.54,1.5,23.86,20.13,0.85,0
40.67,2.82,18.29,6.55,0.3,0
44.72,3.92,3.94,46.39,0.3,0
51.47,2.3,13.91,5.59,0.2,1
28.86,2.87,4.42,17.19,0.5,1
45.28,5.98,19.56,13.12,0.2,0
56.05,4.45,11.88,23.19,1.0,1
43.42,6.83,4.6,6.78,0.85,1
48.24,3.81,4.32,39.87,0.2,1
39.07,4.42,13.14,13.26,0.5,1
55.33,5.39,10.77,26.82,0.2,1
53.34,2.97,3.73,34.03,0.3,1
59.57,6.17,9.01,40.45,0.3,0
49.8,2.54,15.02,49.91,0.85,0
42.84,3.16,3.99,17.91,0.3,1
55.32,3.5,1.01,15.09,0.85,1
46.18,3.29,3.72,27.78,0.2,1
36.02,4.89,4.55,31.46,0.3,1
55.05,3.29,11.0,17.39,0.2,1
36.81,4.23,6.72,13.51,0.2,1
21.95,8.29,3.24,14.89,0.2,0
40.89,8.67,7.53,24.2,1.0,0
25.68,0.8,10.28,8.92,1.0,0
48.49,5.97,6.28,0.66,0.3,1
25.62,1.27,10.21,31.78,1.0,0
31.43,6.19,18.0,47.59,0.2,0
33.06,7.6,7.6,4.64,0.85,1
27.17,3.6,19.64,9.21,0.85,0
58.43,8.79,16.02,32.75,0.85,0
27.69,3.02,1.32,22.47,1.0,0
67.25,8.07,11.63,15.61,0.5,1
46.67,7.49,6.75,2.8,0.2,1
56.08,1.9,5.57,2.4,0.2,1
42.89,3.78,12.92,30.24,0.5,1
55.19,1.69,12.76,2.1,0.3,0
45.67,2.34,11.97,23.63,0.85,1
55.91,8.94,1.82,6.98,0.5,0
44.39,6.18,10.37,37.52,0.3,1
23.42,3.27,10.4,53.16,1.0,0
37.12,1.32,21.74,4.18,0.85,0
41.9,1.64,13.85,12.44,0.85,0
49.69,4.27,7.04,89.91,0.85,0
50.8,9.18,11.08,19.42,0.3,0
22.02,7.04,17.08,3.58,1.0,0
48.76,4.36,14.68,31.79,0.85,1
49.04,4.37,8.05,20.01,0.3,1
53.42,5.43,18.69,70.06,0.85,0
57.24,8.35,22.54,17.51,1.0,0
41.43,2.64,13.6,4.72,0.2,1
53.7,5.38,4.41,10.97,0.3,1
37.82,2.26,13.13,13.04,0.5,0
41.75,5.15,7.61,18.64,0.3,1
52.43,4.33,5.42,34.63,0.85,1
26.79,1.74,3.42,8.53,0.2,0
57.94,5.43,3.19,5.26,0.85,1
47.73,3.51,7.62,30.81,0.5,1
64.79,3.77,9.89,0.28,0.5,1
52.32,2.81,11.78,18.05,0.5,1
51.85,5.08,16.22,11.38,0.2,0
39.6,4.9,3.93,4.07,0.5,1
52.93,6.86,6.4,36.76,0.85,1
52.97,5.76,1.66,16.81,0.2,1
51.95,2.83,11.56,27.95,1.0,1
50.84,7.05,1.35,9.41,0.85,1
45.8,7.96,2.02,41.88,1.0,1
27.92,3.06,10.45,9.51,0.3,0
43.73,3.93,4.69,4.35,0.5,1
41.47,3.46,11.44,38.71,0.85,1
49.3,4.79,6.98,28.4,1.0,1
61.14,2.91,5.64,11.05,0.5,1
33.57,6.79,13.41,17.87,0.2,1
28.36,2.54,13.01,34.42,0.2,0
62.51,3.73,2.36,2.63,0.5,1
47.27,5.65,12.67,42.39,0.5,0
50.43,4.78,19.94,25.62,0.85,0
41.69,4.92,8.6,21.6,0.85,1
35.92,2.37,9.44,12.67,1.0,1
30.22,4.36,6.73,10.28,0.2,1
46.81,7.78,13.49,32.11,0.85,1
53.18,6.6,13.5,49.79,0.85,0
54.01,3.97,17.14,29.47,0.5,0
45.82,4.74,12.64,17.03,0.85,1
39.19,5.24,23.39,37.78,0.3,0
27.82,8.85,22.09,10.26,0.85,0
43.17,3.61,7.69,25.9,1.0,1
28.19,6.55,12.61,6.24,0.85,1
37.57,4.78,1.19,4.59,0.85,1
46.64,7.77,7.38,57.16,1.0,0
27.45,8.18,7.69,25.17,1.0,0
39.03,4.95,15.15,6.46,0.2,1
37.52,3.28,5.83,11.85,0.3,1
44.7,7.65,4.99,22.4,0.5,1
36.03,4.68,8.44,23.88,0.5,1
46.61,2.09,5.17,5.31,0.85,1
27.15,1.77,4.41,4.19,0.2,0
57.74,4.69,8.6,47.01,1.0,0
30.78,0.8,5.82,38.83,0.3,0
43.73,3.5,3.54,39.39,1.0,1
38.59,7.93,5.58,25.01,0.5,1
32.96,8.69,13.14,3.77,0.5,0
64.66,7.93,3.31,0.45,0.85,1
34.61,4.75,3.06,36.47,0.2,1
62.42,2.82,7.69,36.02,0.2,1
43.02,8.36,4.21,0.55,0.85,0
43.31,5.14,7.4,13.63,0.85,1
38.37,2.04,18.21,5.49,0.2,0
36.38,4.89,3.97,11.26,0.5,1
45.91,7.69,12.54,45.12,0.5,0
36.43,1.16,2.69,3.14,1.0,0
33.12,4.27,13.8,31.75,0.2,1
53.14,9.24,19.24,61.87,0.2,0
61.07,4.73,13.81,26.36,0.2,1
31.74,2.38,16.77,26.39,0.5,0
45.17,7.25,13.01,33.04,0.3,1
38.06,6.24,5.86,20.01,0.2,1
41.81,5.14,5.22,64.8,0.5,0
18.14,2.44,17.48,30.86,0.85,0
31.74,5.52,1.62,22.63,0.2,1
26.84,6.55,9.56,51.04,1.0,0
34.94,2.04,6.7,21.09,0.2,1
53.31,5.4,18.02,13.77,0.85,0
36.64,4.04,4.25,23.33,0.85,1
53.84,1.56,7.14,27.03,0.2,0
44.27,4.16,3.11,15.72,0.85,1
38.44,3.67,19.42,51.54,0.3,0
48.11,4.4,6.7,37.21,0.3,1
33.25,3.41,7.2,40.77,1.0,1
34.89,1.76,2.36,46.35,0.2,0
28.91,8.98,3.19,14.38,0.3,0
66.0,12.5,19.1,13.14,0.3,0
34.72,3.74,11.24,63.93,0.85,0
27.02,4.69,10.68,13.2,0.85,0
62.01,12.5,14.05,22.21,0.2,0
54.26,2.41,10.96,9.97,0.85,1
60.7,3.29,5.56,8.41,0.85,1
32.25,5.88,18.07,56.28,0.2,0
52.67,5.28,5.45,2.67,0.85,1
52.67,7.72,14.87,31.44,1.0,1
44.8,6.33,5.94,53.52,1.0,0
41.13,9.62,5.57,16.04,0.5,0
32.78,5.61,10.17,39.41,0.2,1
60.82,2.08,3.76,49.34,0.2,0
50.11,3.76,7.23,2.88,0.2,1
48.8,7.25,9.04,16.6,0.3,1
60.08,1.08,17.13,22.6,0.85,0
50.44,4.18,7.34,2.51,0.2,1
28.18,5.46,1.97,9.75,0.85,1
47.07,5.51,14.8,5.45,0.2,1
57.28,3.09,10.74,30.37,0.2,1
49.81,3.65,11.83,19.52,0.5,1
44.56,5.17,2.96,18.58,1.0,1
45.85,7.07,4.43,26.73,0.85,1
61.81,2.14,9.67,12.02,0.85,1
50.26,4.8,4.81,2.27,0.2,1
41.8,8.6,14.8,20.09,1.0,0
40.38,4.61,1.41,38.99,0.5,1
33.63,5.98,14.78,36.33,0.3,1
65.31,9.53,8.47,2.36,0.2,0
59.9,5.13,10.31,3.78,0.3,1
39.97,9.37,4.76,24.64,0.5,0
48.24,3.79,7.42,25.94,0.3,1
54.47,8.09,10.09,1.5,0.85,1
60.48,5.45,4.17,6.9,0.85,1
50.44,5.52,7.44,33.24,0.5,1
63.99,6.01,11.75,24.91,0.2,0
48.36,5.46,17.62,19.5,0.85,0
25.58,5.58,5.6,3.37,0.2,0
54.97,11.18,13.38,20.14,0.5,0
20.06,6.14,3.64,22.49,1.0,0
32.86,8.16,4.6,35.14,0.5,1
25.58,3.04,14.6,27.17,0.5,0
38.16,1.79,16.09,8.04,0.3,0
26.76,1.9,9.59,26.54,0.5,0
19.61,2.24,4.27,1.12,1.0,0
56.28,9.49,4.55,4.69,1.0,0
31.24,1.84,19.97,28.52,0.85,0
63.46,4.38,9.79,35.29,1.0,1
22.79,12.5,6.37,33.72,0.2,0
44.35,6.75,10.3,7.52,0.2,1
34.19,3.49,5.88,29.65,0.2,1
29.88,2.92,12.98,22.56,0.85,1
57.11,3.87,4.36,19.21,0.2,1
29.79,5.61,5.82,57.05,1.0,0
48.16,3.98,12.55,6.72,0.85,1
31.91,6.75,2.11,11.38,0.85,1
43.15,10.94,27.75,36.02,1.0,0
21.96,3.19,6.66,45.85,1.0,0
37.1,11.22,12.15,44.66,1.0,0
45.94,5.23,2.82,21.69,0.5,1
56.2,3.91,9.97,25.96,0.2,1
39.19,2.89,9.49,23.1,1.0,1
50.78,6.3,5.7,21.0,0.85,1
56.6,3.31,6.86,6.95,0.3,1
60.55,6.62,15.66,28.89,0.2,1
40.87,4.79,5.27,43.47,0.2,0
53.19,3.69,12.0,14.4,0.3,1
49.57,4.74,8.26,19.71,0.85,1
48.44,6.18,9.11,49.25,0.85,0
27.88,4.42,7.14,3.95,0.85,0
63.16,3.31,13.98,12.48,0.5,1
59.47,3.05,1.0,11.07,0.85,1
53.28,6.96,4.45,43.73,0.5,0
37.99,2.42,7.0,20.83,0.2,1
38.86,3.15,4.9,24.4,0.85,0
48.3,1.79,9.65,31.18,0.2,0
51.51,4.61,12.01,13.81,0.85,1
49.36,2.65,10.3,11.35,0.85,1
35.18,4.4,8.87,53.06,0.2,0
52.75,4.49,12.04,31.29,0.5,1
60.3,4.64,17.01,37.77,0.5,0
56.21,3.5,11.96,10.76,0.2,1
41.14,6.94,11.61,7.33,0.2,1
41.91,3.98,18.7,43.64,0.85,0
34.85,3.19,20.91,3.95,0.85,0
38.04,1.9,4.88,53.91,0.5,0
54.72,7.54,6.59,12.37,0.85,1
53.4,3.41,1.0,38.47,1.0,1
19.91,6.67,6.96,5.24,0.5,0
38.52,3.87,12.66,16.07,1.0,1
33.55,11.52,22.79,60.61,0.3,0
40.42,11.31,1.0,21.49,1.0,0
47.46,5.61,3.43,15.88,0.3,1
49.64,5.65,9.34,53.14,0.85,0
60.1,5.33,3.31,3.67,0.5,1
47.14,3.96,2.11,3.75,1.0,1
44.42,7.22,8.18,5.63,0.85,1
64.85,4.67,12.56,43.49,0.85,0
35.63,2.45,6.69,24.2,1.0,1
18.88,4.14,4.85,24.26,0.5,0
53.2,2.51,6.83,45.99,0.5,0
61.04,2.4,3.69,59.86,0.5,0
56.59,3.03,6.96,11.82,0.3,1
24.66,10.51,8.88,41.15,0.5,0
42.83,5.99,2.64,31.98,0.2,1
41.35,4.15,9.69,29.33,0.5,1
32.7,3.94,9.11,12.32,0.3,1
48.91,4.95,7.72,37.36,0.2,1
35.88,3.43,10.83,36.73,0.2,1
63.07,6.17,19.16,23.44,0.5,0
29.97,5.16,6.55,49.23,0.2,0
52.76,5.84,3.73,20.68,0.2,1
31.24,4.0,12.97,54.89,0.5,0
21.24,12.5,5.51,22.58,0.85,0
60.38,2.49,12.67,56.46,0.2,0
47.88,6.23,5.89,10.99,0.3,1
36.9,3.55,3.42,33.18,0.5,1
34.07,5.14,36.0,67.19,0.2,0
55.21,5.5,9.41,27.4,1.0,1
43.01,11.31,13.05,42.25,0.2,0
38.01,5.55,7.46,1.98,1.0,1
38.34,4.1,17.83,14.26,0.85,0
47.75,0.8,15.04,11.86,0.5,0
23.58,3.33,15.12,24.78,0.85,0
47.23,12.5,14.28,22.17,0.3,0
50.15,6.53,10.21,12.2,0.85,1
55.92,7.08,8.72,27.09,1.0,1
46.6,1.42,11.34,20.88,0.5,0
38.61,3.47,5.85,19.29,0.3,1
43.11,6.23,9.54,46.41,0.85,0
30.48,1.96,11.82,40.12,0.5,1
38.51,5.02,2.99,18.94,0.85,1
21.92,9.2,13.32,17.29,0.85,0
49.55,2.78,8.59,56.67,0.2,0
48.26,3.15,20.27,41.61,1.0,0
49.0,8.16,20.2,11.32,0.2,0
52.64,3.48,15.5,32.84,0.5,1
50.74,2.97,7.91,28.52,0.5,1
42.03,9.76,12.58,37.79,0.5,0
46.35,4.66,5.11,30.47,1.0,1
39.6,2.76,6.05,4.15,1.0,1
44.78,8.43,10.12,11.81,0.3,0
53.65,2.48,12.96,4.8,0.2,1
64.88,4.86,8.08,32.96,1.0,0
56.01,5.38,14.05,11.17,0.5,1
55.32,3.34,11.08,20.84,0.85,1
56.36,6.88,6.43,23.39,0.3,0
51.26,2.92,5.93,18.54,0.85,1
25.93,7.12,14.06,6.28,0.3,0
36.36,4.34,6.2,28.72,0.5,1
61.16,2.66,4.97,26.25,0.85,1
28.06,4.92,12.76,6.32,0.2,1
40.09,5.71,2.45,3.34,1.0,1
32.39,1.42,4.95,26.19,1.0,0
46.86,9.25,15.65,24.83,0.2,0
56.76,4.55,9.6,5.3,0.2,0
37.15,3.75,9.61,53.44,0.2,0
27.29,5.5,15.95,5.19,1.0,0
43.83,4.82,14.64,32.01,1.0,1
37.78,3.6,13.98,39.09,0.2,1
41.54,5.58,6.96,14.66,0.5,1
30.64,7.13,4.75,73.33,0.3,0
30.22,3.89,9.65,8.4,0.85,1
39.53,0.88,9.78,36.33,0.3,0
25.24,6.64,2.02,30.65,0.2,0
47.48,4.51,7.85,54.77,0.5,0
50.74,2.68,9.52,6.24,0.2,1
61.09,5.81,8.78,63.02,0.5,0
36.8,2.68,23.95,20.65,0.2,0
27.61,6.52,4.96,19.42,1.0,0
14.93,2.43,4.13,7.37,0.85,0
29.94,3.48,16.78,21.61,0.85,0
41.96,1.65,19.3,11.52,0.85,0
63.39,3.4,16.03,16.67,0.85,0
56.66,3.75,17.48,3.5,0.2,0
31.13,4.53,8.95,20.09,0.5,1
60.54,3.97,16.94,41.66,0.85,0
47.33,2.48,8.93,0.97,1.0,1
39.27,4.44,7.41,51.14,0.2,0
23.99,3.45,4.48,50.98,0.5,0
30.04,4.99,13.48,62.42,0.5,0
59.85,2.9,10.35,10.83,0.85,1
23.78,3.32,7.09,8.18,0.85,0
61.88,5.59,1.56,4.1,0.5,1
30.99,4.07,11.66,22.08,0.2,0
40.09,1.83,12.22,1.38,1.0,1
36.35,9.56,2.72,36.09,0.3,0
66.34,6.83,10.03,17.6,0.3,1
53.85,6.71,7.34,5.03,0.3,1
44.22,1.64,11.42,52.28,0.3,0
49.79,1.24,6.92,40.65,1.0,0
63.35,7.54,12.74,0.96,0.85,1
30.25,2.47,3.7,42.16,1.0,0
60.74,5.07,5.74,61.69,0.2,0
57.14,3.39,11.44,1.42,0.2,1
45.24,1.31,14.62,34.82,0.85,0
38.91,3.06,13.54,18.29,0.3,0
61.43,5.55,8.25,11.2,0.5,1
52.22,4.19,6.23,24.53,0.5,1
35.55,10.53,7.83,40.35,0.85,0
37.84,6.42,8.2,29.67,0.2,1
61.32,5.75,3.43,7.36,0.85,1
27.09,5.06,4.92,5.62,0.85,0
29.17,2.67,5.01,38.46,0.85,1
32.34,2.72,5.8,27.75,1.0,0
33.36,4.59,8.98,20.29,0.5,1
53.42,3.07,5.42,30.81,0.2,0
56.53,9.6,16.79,14.68,0.2,0
44.23,6.37,18.18,15.46,1.0,0
33.7,8.02,24.76,10.08,0.2,0
51.86,0.9,4.26,4.32,0.85,0
38.83,5.69,12.67,13.05,0.85,1
33.86,1.82,16.72,3.84,0.3,0
50.73,8.75,2.42,19.1,0.5,0
41.0,6.15,14.89,31.41,0.85,1
18.84,6.6,10.31,46.99,0.85,0
36.2,6.76,6.23,82.98,0.5,0
55.63,3.29,10.25,57.36,0.3,0
33.19,11.14,9.52,19.79,0.2,0
56.3,6.34,13.37,7.46,0.85,1
51.45,5.12,4.78,52.71,0.5,0
38.86,3.5,4.93,50.62,0.5,0
42.84,4.35,2.88,22.08,0.2,1
54.58,8.53,10.24,16.96,0.5,0
45.76,3.92,12.7,5.28,0.85,1
52.42,3.22,8.91,32.93,0.85,1
18.7,5.96,9.68,39.42,0.85,0
31.32,4.55,6.22,1.18,1.0,1
44.21,3.27,8.27,43.15,0.2,0
34.74,7.68,16.16,23.05,0.5,0
36.66,2.55,16.02,22.13,0.2,0
49.38,3.99,15.05,36.21,0.5,1
59.07,2.79,3.56,13.31,0.3,1
41.74,11.01,22.48,63.6,0.2,0
48.53,6.26,2.82,9.64,1.0,1
45.86,5.49,22.06,10.93,1.0,0
36.87,2.87,12.0,12.01,0.2,1
51.45,11.01,17.4,8.28,0.3,0
48.31,1.9,12.58,62.18,0.85,0
42.87,3.96,13.98,12.7,0.85,1
55.85,4.28,18.05,56.64,0.5,0
44.45,1.93,18.48,47.77,0.85,0
25.19,4.83,5.67,34.44,0.85,0
41.74,3.13,34.89,12.85,0.5,0
41.35,9.23,10.19,14.2,1.0,0
36.37,2.18,17.94,10.11,0.2,0
70.19,6.59,6.37,37.89,0.85,1
32.65,4.88,7.18,29.22,0.5,1
36.7,7.45,5.5,3.77,0.2,1
28.28,4.19,17.03,41.26,0.85,0
36.27,2.72,11.72,29.79,0.5,0
45.88,9.98,2.19,62.28,0.5,0
45.47,9.9,6.44,49.12,0.2,0
33.49,6.67,3.23,15.88,0.5,1
36.46,6.05,7.55,4.81,0.85,1
41.39,5.4,16.17,26.1,0.5,0
49.63,6.23,7.85,0.62,0.2,1
59.84,12.5,1.95,8.33,1.0,0
33.64,2.15,6.54,48.54,0.5,0
39.59,4.61,12.52,54.69,0.5,0
27.71,3.44,8.66,8.08,0.5,0
56.57,4.83,13.02,24.12,0.85,1
42.5,2.06,13.08,29.25,0.85,1
31.44,2.6,14.56,30.05,0.5,0
55.68,2.47,14.3,6.97,0.85,1
43.71,6.18,11.7,11.91,1.0,1
46.51,4.53,10.26,23.56,0.3,1
60.26,1.67,2.89,22.54,0.5,0
44.88,1.65,4.63,13.57,1.0,0
56.94,1.3,15.92,39.84,1.0,0
49.72,4.08,15.25,22.43,0.85,1
46.72,4.26,9.47,20.02,1.0,1
21.31,4.41,14.46,17.19,0.5,0
34.82,3.0,5.97,4.92,0.85,1
50.76,3.75,1.38,14.72,1.0,1
41.73,4.14,7.32,18.53,0.2,1
41.38,4.54,15.75,74.55,0.85,0
33.86,5.39,2.03,62.57,0.5,0
40.92,7.78,3.22,35.63,0.2,1
39.65,2.83,7.02,52.5,0.85,0
47.06,6.78,6.9,37.66,0.85,1
49.79,3.16,9.37,11.95,1.0,0
64.14,6.15,9.21,7.88,0.2,1
56.8,4.68,1.78,0.3,0.2,1
46.35,12.5,9.62,27.61,0.2,0
32.21,5.31,3.46,26.08,0.2,1
57.98,7.05,12.29,45.17,0.5,0
38.2,0.8,19.66,30.55,0.3,0
45.34,7.36,28.67,55.9,1.0,0
51.96,2.92,8.17,12.75,0.85,1
40.3,4.33,11.27,10.9,0.2,1
44.42,3.68,9.47,54.45,0.85,0
56.32,2.32,4.44,15.02,0.5,1
18.87,10.29,8.6,65.98,1.0,0
42.26,8.12,19.73,16.37,0.2,0
62.4,2.61,9.23,12.07,0.85,0
22.57,2.48,14.4,15.59,0.85,0
34.31,6.05,10.19,31.06,0.85,1
62.52,7.27,8.81,34.24,0.85,0
56.8,4.56,2.55,21.85,0.2,1
40.2,3.02,19.66,58.02,0.3,0
54.96,4.11,3.75,3.35,1.0,1
26.67,1.49,12.72,11.78,1.0,0
43.47,1.84,6.18,8.05,0.5,1
61.78,7.6,6.38,6.25,1.0,1
65.75,3.33,9.19,12.35,0.5,1
57.97,4.34,8.48,16.05,0.5,1
43.98,5.32,2.89,24.62,1.0,1
27.71,4.32,4.21,10.4,1.0,0
52.75,5.43,18.73,17.77,0.85,0
59.87,7.46,7.94,31.07,0.2,0
24.12,2.93,7.36,80.61,0.2,0
40.44,7.68,9.12,53.53,0.85,0
27.59,5.3,5.23,12.21,0.3,0
64.56,6.21,2.97,10.38,1.0,1
34.69,7.41,17.36,11.64,0.2,0
50.18,4.9,3.8,25.32,0.2,1
38.8,12.5,11.01,9.39,0.85,0
36.47,2.25,12.18,33.62,0.5,0
46.92,7.51,1.0,24.21,0.85,1
50.44,3.25,12.89,39.13,0.2,1
64.94,5.5,24.1,70.95,1.0,0
58.1,4.28,15.64,2.06,1.0,1
31.46,4.13,7.54,7.66,0.85,1
55.34,3.94,1.05,25.69,0.85,1
52.14,6.19,17.91,0.22,0.5,0
42.09,2.6,15.16,25.8,1.0,0
49.45,3.14,19.51,28.62,0.2,0
27.3,2.46,24.27,19.31,0.3,0
54.37,9.89,5.2,18.88,1.0,0
23.73,7.02,5.84,56.77,1.0,0
29.69,3.24,7.4,16.58,0.2,1
54.31,5.98,2.87,23.41,0.2,1
48.61,2.51,21.37,52.86,1.0,0
46.53,4.72,13.11,60.4,1.0,0
50.06,3.97,2.02,2.1,0.5,1
41.74,3.93,11.86,36.56,0.5,1
57.58,3.58,3.76,8.73,1.0,1
25.0,12.5,13.96,36.3,0.3,0
56.49,6.61,11.45,41.01,0.5,1
43.66,12.38,9.8,36.24,0.85,0
39.79,3.48,6.69,22.32,0.85,1
49.33,2.54,12.2,37.42,1.0,1
39.21,5.31,6.04,9.91,0.85,1
40.18,4.72,1.32,50.62,0.2,0
59.13,6.6,18.18,5.78,0.3,0
53.89,7.66,3.35,43.43,0.2,0
54.6,1.37,13.89,34.98,1.0,0
60.72,12.5,7.18,43.59,1.0,0
42.21,5.44,8.34,23.47,0.5,1
42.5,6.38,5.55,26.99,0.85,1
34.27,9.99,3.8,65.66,0.2,0
48.5,2.9,2.06,46.21,0.2,0
46.6,4.39,1.12,5.73,0.85,1
38.47,2.39,10.17,14.7,0.2,1
50.73,2.63,17.33,24.31,0.2,0
44.05,7.68,5.18,58.25,0.5,0
46.42,9.42,2.72,7.52,0.85,0
54.08,1.79,9.41,25.44,0.5,0
36.34,5.63,8.95,65.1,1.0,0
52.51,8.35,12.84,12.36,1.0,0
54.11,7.46,4.73,17.99,0.5,1
50.3,5.01,16.08,15.0,0.2,0
23.52,5.61,2.51,16.18,0.5,0
26.75,5.69,9.28,0.37,0.2,0
57.89,5.44,11.2,40.14,0.3,1
53.26,6.08,5.29,36.01,1.0,1
57.29,4.15,2.18,2.99,0.85,1
48.98,12.17,2.97,21.58,1.0,0
45.88,2.88,16.71,23.48,0.85,0
40.34,8.62,1.0,9.63,1.0,0
44.7,3.16,5.78,43.56,0.2,0
53.45,6.25,23.35,75.19,0.2,0
41.39,3.2,7.29,18.07,0.2,1
57.22,6.07,3.53,18.37,0.5,1
55.3,4.57,2.27,58.78,0.85,0
33.43,6.77,19.37,26.41,0.2,0
52.06,3.01,16.71,24.68,1.0,0
44.59,2.97,2.86,12.56,1.0,1
48.95,9.4,10.28,23.88,0.85,0
35.34,10.81,10.82,17.19,0.5,0
52.27,4.28,12.21,10.97,0.85,1
47.73,5.8,3.85,6.68,0.3,1
66.3,1.69,4.44,6.4,0.2,0
53.7,4.88,19.52,10.93,0.5,0
39.53,3.7,11.02,36.53,0.5,1
53.34,11.8,6.92,16.13,1.0,0
64.22,3.59,15.82,23.01,0.2,0
46.86,11.9,9.36,6.19,0.2,0
34.24,3.51,3.34,39.29,1.0,1
21.72,6.46,13.44,19.38,0.85,0
59.78,10.85,15.47,2.03,0.2,0
51.32,4.37,2.07,41.1,0.5,1
32.78,10.52,3.43,16.52,0.2,0
33.19,7.42,5.15,30.72,0.5,1
40.98,4.86,3.92,68.51,1.0,0
59.02,5.97,12.31,18.65,0.85,1
66.97,9.42,2.98,28.43,0.5,0
66.68,5.79,3.07,23.45,0.2,1
37.69,2.1,28.62,37.91,0.5,0
44.89,7.43,9.62,57.7,1.0,0
44.3,7.59,7.4,15.84,0.2,1
47.67,5.69,6.74,36.56,0.85,1
50.94,3.55,8.38,57.61,0.85,0
54.54,7.2,5.67,56.85,0.5,0
43.25,2.37,18.93,17.67,0.85,0
36.63,5.93,19.2,38.72,0.85,0
35.84,5.77,21.45,30.78,0.2,0
58.87,4.96,18.08,52.37,1.0,0
68.48,8.51,19.13,51.42,0.2,0
25.4,3.88,8.21,13.95,0.5,0
26.87,2.8,5.91,57.83,0.2,0
39.39,3.07,6.96,9.02,1.0,1
51.45,8.66,13.43,24.41,0.2,0
60.76,6.56,3.78,0.65,0.85,1
44.12,6.29,1.0,9.31,0.85,1
29.99,5.97,12.37,1.13,0.85,1
47.67,4.38,9.18,30.86,0.5,1
48.44,2.66,12.96,17.06,1.0,1
44.53,2.76,11.03,48.6,0.2,0
49.98,6.08,4.14,3.98,1.0,1
38.49,3.82,11.33,11.97,0.85,1
39.52,3.19,22.69,18.21,0.85,0
44.64,4.45,10.28,16.35,0.5,1
59.24,8.94,4.86,60.45,0.5,0
18.3,5.16,4.49,32.56,0.2,0
38.66,11.63,4.58,8.09,0.85,0
52.84,6.31,12.26,43.56,0.2,0
51.91,12.5,14.72,27.5,1.0,0
44.01,5.69,4.12,55.99,0.2,0
51.59,5.41,23.65,2.9,0.5,0
56.79,5.21,11.54,5.62,0.2,1
53.35,3.74,7.24,39.79,0.85,1
47.05,4.29,6.21,50.98,0.3,0
45.69,12.5,13.15,9.63,0.5,0
40.84,3.83,9.31,54.71,0.2,0
60.01,5.22,6.96,35.22,1.0,0
35.21,5.24,3.51,25.34,0.85,1
49.87,4.04,10.62,9.03,0.85,1
32.67,3.97,8.79,39.74,0.85,1
57.4,4.59,12.51,15.43,0.2,1
49.27,7.42,24.02,17.72,0.85,0
56.23,9.68,8.27,8.28,1.0,0
55.96,2.31,22.32,7.5,0.2,0
42.83,11.57,1.89,33.56,0.85,0
50.42,6.9,10.12,40.23,0.2,0
48.21,7.07,15.04,48.61,0.2,0
41.54,3.31,4.85,25.25,0.3,1
49.28,12.5,9.21,7.16,0.85,0
43.38,3.09,14.8,8.8,0.5,1
55.32,5.43,8.91,46.31,0.85,0
36.0,5.84,10.25,28.84,1.0,1
36.65,11.18,2.41,10.7,0.2,0
20.48,3.22,16.33,3.03,0.5,0
39.61,5.58,1.0,17.93,0.5,1
51.79,1.82,9.14,9.06,0.85,1
37.51,5.02,8.61,7.28,0.5,1
28.41,6.12,2.86,31.28,0.3,1
40.88,3.65,5.22,5.93,0.2,1
35.98,2.06,12.71,27.68,0.2,0
38.0,11.73,17.35,2.67,1.0,0
43.36,2.62,4.29,17.15,1.0,1
58.79,2.81,21.02,5.39,0.85,0
35.21,3.3,4.47,35.46,0.85,0
43.19,9.2,10.72,65.99,0.5,0
53.78,4.67,11.33,48.99,0.85,0
52.06,1.84,11.71,41.03,0.2,0
51.05,3.34,13.38,22.77,0.2,1
51.78,9.18,9.8,2.93,1.0,0
30.6,2.16,1.5,8.59,0.3,1
61.66,2.61,9.41,5.57,0.5,1
32.1,2.72,15.2,43.41,1.0,0
32.95,4.77,10.11,16.48,0.5,1
65.37,5.28,4.12,41.97,0.85,1
42.39,4.36,4.86,59.41,0.2,0
36.76,4.65,8.92,49.33,0.3,0
23.23,2.46,3.54,5.2,0.2,0
40.02,4.33,3.66,1.26,0.85,1
62.68,4.28,10.1,37.09,0.85,1
54.94,2.74,20.45,37.32,0.2,0
34.53,9.77,5.41,3.27,0.3,0
40.95,8.78,8.51,1.26,0.5,0
33.09,2.24,6.52,3.52,0.5,1
53.27,6.28,12.87,16.53,0.5,1
60.58,5.99,9.49,8.36,1.0,1
58.49,5.55,10.44,0.17,0.2,1
49.84,4.29,9.44,55.43,0.85,0
46.44,5.51,14.63,9.32,0.85,0
34.26,4.41,4.49,15.75,0.85,1
59.35,3.29,15.73,57.36,1.0,0
49.24,6.22,3.5,13.38,1.0,1
53.21,1.38,10.55,25.6,0.85,0
61.32,7.18,8.91,3.56,0.2,1
42.82,4.9,7.42,2.65,1.0,1
48.16,3.83,9.39,34.13,0.85,1
37.72,7.07,5.65,7.21,0.85,1
61.96,5.55,7.59,47.79,0.3,0
32.19,9.8,1.75,35.27,0.85,0
33.25,8.29,29.68,0.66,0.3,0
41.43,2.77,2.97,27.28,0.3,0
50.01,3.67,15.08,49.61,0.3,0
42.86,3.35,6.95,13.4,0.2,1
51.44,0.8,12.89,28.52,1.0,0
48.4,3.37,6.78,33.6,0.2,1
57.98,10.75,20.09,57.54,0.3,0
28.69,2.2,3.97,56.1,0.5,0
32.68,8.48,6.95,1.37,0.5,0
62.37,10.91,23.31,10.14,1.0,0
39.15,7.66,4.29,70.92,0.5,0
43.37,6.54,9.71,15.65,0.2,1
50.68,2.16,1.64,3.24,0.5,1
43.28,1.92,16.87,11.09,1.0,0
49.35,5.93,5.58,34.21,0.2,1
42.72,4.21,7.73,12.2,1.0,1
29.76,2.31,7.49,14.04,1.0,1
51.26,7.19,5.25,14.01,0.5,1
37.07,6.36,12.14,42.34,1.0,0
34.46,7.21,9.68,50.6,0.3,0
31.05,7.26,5.33,39.97,0.85,1
37.41,8.6,17.69,66.99,0.5,0
43.04,3.85,7.77,29.16,0.3,1
40.42,2.47,8.64,7.85,1.0,1
44.89,10.48,8.48,41.48,0.2,0
61.32,1.92,2.54,15.16,0.2,1
32.22,2.07,2.82,59.91,1.0,0
44.88,3.35,14.66,52.98,0.2,0
38.33,9.76,14.38,43.68,0.85,0
48.44,3.6,13.04,6.45,0.5,1
25.92,2.09,14.53,64.37,0.2,0
39.67,2.81,5.63,7.95,1.0,1
38.85,2.76,19.54,13.18,0.85,0
58.82,5.34,2.02,9.57,1.0,1
35.31,3.14,9.65,3.88,0.3,1
41.01,0.8,9.83,22.92,1.0,0
60.65,12.5,8.17,37.68,0.2,0
55.76,1.23,12.48,11.68,0.2,0
60.28,1.77,6.49,19.84,0.2,0
37.05,7.06,6.69,28.08,0.3,1
33.53,2.35,2.81,17.85,0.85,1
35.67,6.72,27.56,66.05,1.0,0
16.7,6.04,11.15,43.41,0.2,0
39.95,3.51,9.46,33.35,1.0,1
34.91,6.68,2.75,54.67,1.0,0
46.07,4.29,5.99,16.25,0.85,1
50.88,7.2,9.88,3.09,1.0,1
45.41,9.75,12.73,26.71,0.85,0
43.28,2.27,10.01,3.55,1.0,1
16.04,5.2,21.41,3.8,0.3,0
47.4,5.38,5.64,15.27,0.85,1
41.66,5.3,15.25,0.51,1.0,1
46.95,6.79,12.49,27.08,0.3,1
50.48,6.1,2.37,6.42,0.2,1
59.54,2.11,6.91,6.99,0.85,0
18.53,2.36,30.49,42.25,0.85,0
61.06,4.02,3.94,29.11,0.5,1
45.48,5.26,3.9,64.57,1.0,0
59.74,5.45,10.17,30.38,1.0,0
41.11,5.71,13.5,5.94,0.5,1
40.76,6.27,1.5,6.33,0.5,1
42.31,6.17,5.66,12.08,0.85,1
55.17,4.61,8.41,9.18,0.85,1
44.72,9.79,11.87,15.47,0.2,0
59.55,1.97,6.51,28.52,0.5,0
50.6,1.26,9.36,12.04,0.2,0
64.8,5.13,7.72,43.98,0.5,0
44.85,5.83,9.29,17.12,0.3,1
25.32,5.12,11.79,50.9,0.5,0
60.93,3.53,12.1,49.35,0.2,0
38.57,6.01,4.72,40.96,0.2,1
54.52,2.68,7.25,53.52,1.0,0
18.95,1.84,5.91,29.99,0.2,0
62.08,8.3,6.95,4.51,0.2,0
50.06,3.31,6.94,21.3,0.85,1
44.02,5.01,1.9,27.35,0.85,1
62.19,3.08,15.08,6.53,0.85,1
22.07,3.38,7.8,45.76,0.2,0
42.16,7.4,17.49,16.3,1.0,0
41.34,4.77,11.41,0.32,0.2,1
34.39,4.81,18.43,12.02,0.2,0
41.67,1.82,18.78,18.74,0.85,0
29.32,4.56,1.65,4.42,1.0,1
66.1,3.01,8.26,38.85,0.85,0
44.12,12.5,5.27,13.99,0.5,0
19.19,2.83,6.63,6.28,0.85,0
30.71,9.64,4.23,54.61,0.2,0
29.22,5.16,1.61,5.82,1.0,1
46.44,2.27,7.13,20.54,1.0,1
29.88,7.38,13.37,7.65,0.85,1
56.7,9.35,18.38,27.75,1.0,0
42.24,11.59,9.57,54.88,0.2,0
46.94,5.5,3.41,45.07,0.3,0
25.05,3.03,8.05,10.49,0.85,0
47.71,2.99,12.35,15.46,0.2,0
54.41,5.68,8.29,42.37,0.3,0
45.5,1.78,5.02,90.03,0.5,0
61.0,2.35,13.05,25.36,0.85,1
35.65,4.79,14.26,8.66,1.0,0
36.63,7.25,13.22,8.44,0.3,1
38.36,3.97,9.84,14.76,1.0,1
49.64,11.46,11.0,23.33,0.5,0
34.0,6.0,11.64,47.24,0.85,0
60.13,3.79,18.5,8.14,0.2,0
67.85,3.05,4.14,30.54,0.2,1
35.36,2.44,9.98,47.56,0.3,0
55.88,6.75,8.88,72.69,0.85,0
51.71,2.86,5.14,27.01,0.85,1
51.97,5.69,26.52,3.59,0.5,0
57.76,2.06,14.17,43.24,0.2,0
47.16,2.34,5.94,17.33,0.85,0
30.53,4.56,14.2,12.5,1.0,1
56.74,2.36,5.48,21.33,0.85,1
26.44,8.46,5.93,39.54,0.3,0
64.54,1.52,17.06,50.69,0.85,0
49.23,2.11,17.6,10.66,0.85,0
32.85,8.82,14.7,10.85,0.2,0
45.49,8.08,27.74,14.56,0.85,0
24.81,8.87,3.34,44.47,0.2,0
64.53,2.53,9.52,24.68,0.85,1
45.91,4.48,8.46,33.9,0.85,1
40.17,5.16,10.51,36.48,0.85,1
31.84,3.97,10.64,45.94,0.5,0
26.29,6.37,10.96,61.59,0.5,0
40.55,7.79,6.34,31.62,0.2,1
36.4,4.38,2.13,53.92,0.3,0
59.09,2.24,6.79,14.14,0.85,1
59.64,6.27,12.5,34.1,0.2,1
30.32,4.96,7.26,24.93,0.3,1
35.65,7.32,9.35,9.16,0.3,1
53.28,6.38,24.73,61.13,1.0,0
40.52,9.08,12.7,30.91,0.2,0
50.59,4.9,18.49,6.97,0.85,0
59.33,10.32,7.32,9.53,0.2,0
48.77,10.04,9.82,76.36,1.0,0
50.51,6.86,5.02,49.47,0.85,0
47.07,7.9,7.82,56.32,1.0,0
61.88,9.13,5.32,5.01,0.3,0
29.91,4.15,9.58,16.91,0.2,1
61.27,9.21,10.22,15.35,0.2,0
49.47,5.73,4.43,13.52,0.5,1
38.76,7.04,16.2,36.88,0.85,0
66.18,7.64,4.76,57.25,0.2,0
45.75,6.86,8.03,55.49,0.5,0
52.56,5.09,4.22,29.47,1.0,1
55.79,8.34,4.59,53.25,0.3,0
48.62,12.5,8.81,20.29,0.5,0
63.48,12.5,10.6,3.35,1.0,0
38.93,5.98,2.65,18.02,0.5,1
32.38,8.76,3.67,15.24,1.0,0
57.7,12.5,6.74,17.29,0.2,0
46.33,3.87,2.76,2.04,0.5,1
43.46,6.99,12.06,19.93,0.5,1
39.7,7.1,17.61,63.32,0.2,0
24.82,12.5,12.38,44.92,0.85,0
44.73,9.85,10.38,20.76,1.0,0
45.58,5.09,19.91,17.86,0.3,0
45.57,5.47,7.4,35.81,0.85,0
37.92,3.23,1.16,9.75,0.85,1
42.83,2.44,2.84,11.23,1.0,1
53.06,6.66,17.98,12.04,0.85,0
65.07,6.28,22.27,38.72,0.2,0
42.7,4.51,2.33,6.64,1.0,1
50.77,3.11,18.34,14.0,0.5,0
55.81,3.92,4.23,62.57,0.5,0
39.89,12.5,7.11,38.98,0.5,0
23.25,2.91,13.26,39.8,1.0,0
56.6,1.86,7.54,54.9,0.85,0
56.42,6.82,13.77,53.35,0.2,0
52.03,3.82,11.79,18.06,0.5,1
28.63,7.58,19.06,13.94,0.2,0
42.98,7.09,8.13,10.51,0.2,1
38.21,2.1,9.18,20.89,0.5,1
48.64,6.71,13.63,75.9,0.2,0
28.42,4.09,22.29,69.65,0.85,0
66.99,8.39,7.04,17.0,0.2,0
43.03,8.38,19.34,33.19,1.0,0
47.04,2.55,11.95,0.09,0.3,1
46.45,1.98,17.58,12.61,1.0,0
41.07,8.19,5.78,3.21,1.0,1
46.45,7.66,12.52,35.97,0.5,0
67.18,2.65,7.91,19.79,1.0,1
38.09,8.25,7.78,4.57,0.85,0
45.93,4.71,4.2,13.18,0.5,1
50.08,1.16,6.06,6.96,0.3,0
66.07,3.63,14.24,9.0,0.5,1
55.89,3.83,10.86,14.9,0.85,1
24.01,0.82,5.43,8.15,0.5,0
33.02,9.14,14.58,15.15,0.2,0
42.12,9.43,20.28,18.2,1.0,0
44.56,10.28,7.91,38.42,0.85,0
58.36,2.4,21.18,39.93,0.2,0
45.04,3.66,4.96,23.22,0.85,1
47.25,4.23,2.18,8.28,1.0,1
54.51,2.06,1.91,0.44,0.5,1
61.41,5.77,11.24,5.07,0.2,1
31.22,2.75,11.95,50.12,0.2,0
36.55,4.88,10.93,2.77,0.85,1
61.68,3.21,15.33,21.08,1.0,1
28.53,6.64,11.84,31.94,0.85,1
44.64,7.97,13.25,59.23,1.0,0
36.24,4.53,9.75,50.18,0.2,0
18.09,4.33,5.34,36.96,0.3,0
54.98,6.18,3.76,7.04,0.85,1
42.76,1.34,20.79,46.37,1.0,0
33.61,3.64,5.56,20.75,0.3,1
58.51,2.77,5.57,24.76,0.85,1
52.89,9.52,18.02,26.67,0.5,0
40.59,12.5,17.87,63.14,0.5,0
43.32,2.11,8.69,65.88,0.2,0
49.6,5.15,28.88,3.33,0.5,0
59.46,2.4,4.44,12.07,0.5,1
51.38,2.7,8.15,17.0,1.0,1
24.29,5.19,4.08,15.91,0.2,0
46.82,4.12,8.3,11.06,0.5,1
55.76,5.14,27.83,16.96,0.2,0
39.6,2.63,6.78,26.68,0.5,1
52.54,5.19,8.26,5.58,0.2,1
59.77,9.3,24.5,62.31,1.0,0
47.17,7.28,4.79,27.2,1.0,1
48.26,1.9,11.99,16.49,0.2,1
31.91,10.97,9.85,22.97,0.3,0
29.62,2.45,15.51,16.31,0.85,1
48.55,2.73,8.89,22.08,0.2,0
46.39,7.98,9.31,17.54,0.85,0
46.0,5.29,7.66,51.73,0.5,0
53.29,4.47,12.19,59.24,0.5,0
47.22,3.95,11.41,8.38,0.5,1
48.98,4.05,14.91,26.03,0.2,1
32.01,4.14,8.24,8.93,0.5,1
35.69,6.46,5.14,68.26,0.5,0
63.18,6.9,7.79,48.3,0.2,0
29.1,4.12,16.9,5.98,0.85,0
59.28,9.96,11.8,40.71,0.3,0
64.24,5.24,14.67,4.19,1.0,1
42.86,5.73,11.26,18.82,1.0,1
27.24,8.82,14.65,1.61,0.2,0
36.62,3.23,9.41,35.02,0.3,0
44.3,6.53,3.15,12.32,0.85,1
59.14,2.95,9.24,24.28,1.0,1
62.57,2.74,27.94,11.77,0.2,0
69.05,10.44,2.98,4.79,1.0,0
65.94,11.98,17.63,14.92,0.2,0
53.49,5.71,7.13,10.27,0.85,1
45.18,3.58,2.98,40.54,1.0,1
37.82,6.36,9.49,16.02,0.3,1
64.26,5.06,20.79,54.7,0.2,0
47.16,7.5,9.54,4.28,0.85,1
38.57,4.99,7.97,3.66,1.0,1
58.99,5.01,1.24,14.17,1.0,1
20.46,2.78,24.93,18.74,0.85,0
59.07,3.74,5.05,27.68,0.85,1
54.07,4.43,22.93,10.1,1.0,0
56.98,6.55,5.71,26.13,0.2,1
52.11,3.41,8.06,12.36,0.85,1
46.12,11.25,1.99,5.14,0.3,0
59.37,4.92,8.98,16.06,0.85,1
36.32,2.14,1.54,14.85,0.2,1
56.72,4.15,13.16,49.91,1.0,0
56.09,7.08,10.14,66.75,0.5,0
26.96,4.21,3.16,36.53,0.5,0
39.92,2.76,10.36,35.43,0.2,0
45.36,3.85,13.78,62.28,0.2,0
29.37,3.37,8.15,51.94,0.85,0
42.9,6.47,4.74,36.77,0.85,1
69.13,3.31,15.59,1.94,0.2,1
44.76,1.47,5.07,6.72,0.5,0
45.95,3.17,9.75,44.55,0.5,0
40.13,8.29,6.56,5.14,0.5,0
41.49,6.3,6.27,45.77,1.0,0
59.63,1.71,4.53,6.47,0.2,0
58.87,7.91,11.06,24.55,0.85,1
55.65,9.08,16.33,28.37,0.85,0
42.76,6.67,1.0,21.44,0.2,1
34.73,2.9,6.45,17.37,0.2,0
66.58,8.34,14.86,48.97,0.85,0
27.97,4.4,11.81,26.45,0.5,0
44.19,3.32,3.7,61.06,1.0,0
28.34,4.41,7.53,23.83,0.85,1
30.65,6.02,17.29,64.49,0.5,0
49.83,6.66,10.87,18.55,0.5,1
53.59,5.36,14.9,29.78,0.85,1
50.07,4.75,9.21,21.78,0.5,1
25.61,2.77,5.39,77.46,1.0,0
44.94,6.31,3.03,49.43,0.85,0
42.26,5.44,12.56,19.02,0.5,1
45.38,6.58,2.02,24.8,0.5,1
32.84,4.59,6.42,22.61,0.85,1
34.8,6.96,5.89,21.56,0.85,1
55.8,6.55,4.42,39.77,0.2,1
47.5,3.92,9.77,14.98,0.2,1
21.93,4.82,26.09,6.56,0.2,0
36.7,7.29,16.67,3.32,0.85,0
52.31,7.56,5.09,67.64,0.2,0
59.33,8.94,2.88,48.24,1.0,0
58.85,3.3,14.62,2.52,0.5,1
20.46,4.04,12.0,33.05,0.2,0
46.3,10.73,11.16,17.3,0.2,0
53.17,12.5,9.45,39.35,0.85,0
53.67,5.73,12.85,17.11,0.85,1
51.49,4.78,9.2,37.58,0.2,1
38.93,12.5,9.21,14.53,0.5,0
37.6,11.29,7.4,39.32,0.5,0
36.65,7.34,14.64,19.03,0.5,1
62.48,4.62,4.03,15.45,0.5,1
52.85,5.97,16.73,26.08,0.2,0
14.82,1.83,11.28,25.06,1.0,0
60.82,8.0,10.54,8.7,1.0,1
54.67,3.43,18.47,15.94,0.3,0
43.45,10.42,11.25,14.57,0.3,0
30.48,1.5,4.94,10.98,1.0,0
37.24,3.52,14.72,4.78,0.5,1
55.53,5.32,19.61,60.74,0.2,0
48.04,5.17,6.66,2.6,0.2,1
24.65,3.23,5.75,40.41,0.5,0
38.57,5.29,11.65,28.09,0.2,1
42.48,4.58,19.3,9.92,0.2,0
61.55,5.31,6.12,23.95,0.5,1
30.24,3.8,6.83,11.67,0.5,1
48.69,8.76,2.57,14.02,0.2,0
45.45,6.04,13.0,11.1,0.85,1
36.65,3.91,14.84,49.03,0.2,0
43.04,6.92,5.26,8.53,0.2,1
50.86,3.5,16.9,19.93,1.0,0
41.22,3.55,8.81,13.86,0.5,0
40.61,1.68,5.7,8.6,0.3,0
66.18,6.25,10.33,44.41,1.0,0
42.9,5.52,10.1,88.26,0.5,0
43.15,2.99,6.66,7.88,0.5,1
48.99,2.94,11.39,18.85,0.85,1
40.66,6.32,14.19,34.23,0.5,1
54.48,4.0,12.49,30.63,0.2,1
47.68,6.32,7.22,9.0,0.2,1
60.01,1.75,14.77,30.61,0.5,0
30.79,2.4,11.56,1.55,0.85,1
32.43,8.27,5.98,56.71,0.3,0
47.07,5.73,16.19,59.2,1.0,0
53.6,7.26,1.5,10.83,0.2,1
49.3,4.01,11.23,48.32,1.0,0
22.52,3.18,9.44,75.23,0.85,0
61.37,7.96,11.77,4.26,0.85,1
31.88,0.8,9.34,8.91,0.85,0
62.0,4.89,21.14,56.89,1.0,0
56.7,7.05,6.75,44.09,0.85,0
34.3,3.99,5.9,31.7,0.2,1
39.95,12.5,5.88,29.08,0.85,0
30.21,4.96,8.88,3.79,0.5,1
59.17,6.34,11.55,74.44,0.85,0
51.37,3.01,2.78,5.06,0.85,1
35.5,11.28,18.09,42.56,0.85,0
35.26,5.27,5.7,12.47,0.5,1
45.07,4.12,1.0,18.61,0.85,1
38.33,5.12,18.7,10.27,0.5,0
31.68,2.21,5.34,14.72,0.5,1
45.77,6.74,11.52,25.06,0.5,1
54.34,3.55,1.74,14.06,0.5,1
51.22,6.02,10.75,3.39,0.2,1
44.34,1.72,5.78,43.67,0.85,0
20.76,2.14,4.77,29.01,1.0,0
24.92,5.23,2.41,9.56,0.3,0
58.08,10.68,17.19,15.11,0.85,0
48.75,1.57,18.87,17.07,0.5,0
36.64,3.48,15.03,4.25,1.0,1
54.7,2.36,6.12,28.44,0.5,1
50.09,3.95,1.0,31.54,0.2,1
48.17,5.05,5.38,54.21,0.85,0
28.65,4.31,10.28,29.44,0.5,1
47.93,1.16,6.62,30.52,0.2,0
57.31,1.76,3.73,32.68,0.85,0
31.84,2.39,4.78,15.69,0.85,1
51.19,3.7,14.46,37.34,0.85,0
46.38,3.06,6.39,38.18,1.0,1
22.96,3.79,3.75,24.31,0.85,0
36.5,4.62,10.43,41.35,0.2,1
52.75,4.09,10.02,35.6,0.3,1
65.8,11.78,7.59,5.93,0.85,0
31.98,12.0,9.08,49.37,1.0,0
53.84,5.13,5.62,2.86,0.5,1
43.09,3.3,12.11,20.43,0.85,1
44.78,4.05,5.1,12.51,1.0,1
19.78,5.6,10.22,1.8,0.2,0
49.57,2.77,8.68,37.16,0.85,1
40.31,5.65,3.82,0.72,0.85,1
45.67,4.17,7.56,41.28,0.85,1
44.99,10.92,9.21,25.74,0.2,0
34.97,2.73,1.65,12.27,1.0,1
34.54,9.42,14.35,26.33,1.0,0
49.72,5.62,12.66,32.39,0.85,0
49.53,3.18,5.59,1.64,1.0,1
32.53,7.1,5.45,27.89,0.85,1
64.29,0.8,6.41,26.73,0.2,0
29.21,3.68,14.35,14.61,0.2,1
42.69,4.26,17.52,33.05,0.5,0
48.9,3.26,4.38,22.52,0.85,1
63.22,8.16,1.0,10.36,0.85,1
51.69,12.5,13.04,21.59,0.85,0
54.68,2.75,8.09,9.48,0.85,1
49.94,7.82,11.38,56.01,0.2,0
43.22,5.02,16.48,13.5,0.5,0
34.69,7.41,18.9,10.02,0.2,0
39.87,5.54,7.66,24.28,1.0,1
60.13,4.38,5.45,38.33,0.5,0
52.33,12.5,14.32,11.15,1.0,1
42.69,5.34,7.27,0.37,0.5,1
47.91,7.76,3.12,21.02,0.5,1
41.96,3.3,12.69,30.86,0.2,1
47.33,10.52,13.02,8.16,0.2,0
33.92,4.9,4.82,25.03,0.85,1
39.92,2.13,1.44,15.51,0.2,0
60.94,3.91,3.5,7.26,0.5,1
53.6,5.28,6.4,29.33,0.85,1
50.87,5.13,7.04,30.31,0.85,1
30.07,4.58,16.95,41.83,0.5,0
40.25,5.03,9.16,16.62,0.5,0
45.95,2.61,16.76,5.68,1.0,0
58.58,4.93,4.59,45.8,0.2,0
33.03,3.63,13.77,17.17,0.2,1
46.96,6.34,2.99,37.56,1.0,1
49.94,5.08,14.83,44.82,0.2,0
44.86,3.4,7.21,18.22,0.2,1
58.52,6.52,11.65,17.81,0.5,1
65.58,8.09,19.71,7.64,0.5,0
33.37,5.76,14.38,28.15,0.5,1
51.01,3.03,4.92,11.16,0.5,1
37.16,12.43,12.41,19.16,0.2,0
52.76,4.71,6.97,7.05,0.5,1
55.31,5.66,11.41,14.73,0.5,1
46.76,1.52,2.91,17.42,0.85,0
38.5,5.01,1.0,2.14,0.85,1
26.79,7.34,19.04,17.71,1.0,0
31.7,4.15,19.85,20.52,0.3,0
61.95,6.13,3.97,5.67,0.85,1
24.71,6.24,19.52,7.43,0.2,0
33.63,7.65,9.98,41.24,0.85,1
44.77,4.79,10.01,15.03,0.2,1
30.02,3.81,12.85,25.68,0.5,0
28.18,2.3,13.45,26.33,0.3,1
42.36,6.27,5.33,6.5,0.3,1
53.75,11.98,14.48,13.85,0.2,0
63.82,3.08,14.77,12.9,0.85,1
46.53,7.09,4.56,11.44,1.0,1
58.57,11.08,10.99,36.49,0.3,0
35.27,3.31,13.06,44.37,0.85,0
63.14,8.24,10.26,26.5,0.85,0
53.4,2.11,6.29,12.23,0.2,1
47.34,8.29,5.96,45.5,0.2,0
45.96,1.56,22.54,50.5,0.2,0
51.94,1.17,15.33,22.3,0.85,0
54.85,2.76,5.68,39.83,1.0,1
28.37,6.37,14.63,2.35,0.5,1
51.0,5.29,6.25,31.01,0.85,1
39.83,8.41,20.01,2.26,0.85,0
47.58,4.7,14.48,38.83,1.0,1
48.06,2.56,14.62,23.22,1.0,1
50.17,5.39,2.05,20.21,0.2,1
26.04,6.71,2.47,10.18,0.3,0
48.79,6.14,14.67,23.5,1.0,1
59.7,6.29,8.28,13.66,0.3,1
56.03,7.18,19.3,11.79,0.2,0
33.81,4.92,12.01,17.77,0.2,0
45.56,8.41,6.69,12.19,0.3,0
35.36,1.9,5.71,33.85,0.5,1
49.2,8.66,19.11,73.18,0.85,0
49.32,8.49,4.19,20.37,1.0,0
42.98,4.73,9.78,15.38,0.5,1
50.12,5.81,6.62,5.6,0.2,1
61.07,6.49,17.55,0.02,0.3,0
57.46,12.5,25.87,8.46,0.3,0
23.04,4.51,9.76,6.29,1.0,0
58.15,4.62,2.39,42.74,0.5,0
35.7,2.4,22.16,20.78,0.2,0
43.56,10.32,8.03,17.91,0.85,0
50.93,6.2,8.16,64.14,0.2,0
29.58,4.05,7.72,24.19,0.5,1
54.84,5.05,6.28,51.3,0.5,0
56.57,7.59,3.14,1.01,0.5,1
39.8,5.26,15.11,25.5,1.0,1
27.67,6.17,5.58,14.4,0.85,0
39.81,2.66,8.47,1.53,0.2,1
45.6,2.87,5.05,22.71,0.2,1
50.43,9.11,1.08,58.73,0.2,0
40.17,3.4,9.31,31.66,0.2,0
57.1,7.02,4.6,34.68,0.2,1
40.06,2.91,6.79,33.84,1.0,0
40.8,1.38,5.16,5.99,0.3,0
46.97,8.29,10.38,21.45,0.2,0
60.58,3.66,15.29,18.13,0.85,1
53.6,10.96,2.44,8.56,0.85,0
33.87,3.2,3.66,11.33,0.2,1
40.04,2.16,9.22,42.85,1.0,0
37.33,3.03,5.39,56.14,0.85,0
36.74,5.02,15.84,4.06,1.0,1
40.94,12.5,11.45,11.13,0.2,0
53.69,10.13,13.64,6.5,0.85,0
42.45,8.17,15.14,42.53,0.85,0
38.3,11.1,1.31,13.54,0.3,0
52.26,4.56,18.05,39.21,0.5,0
49.82,3.69,18.07,2.25,0.2,0
45.69,8.5,1.03,3.85,1.0,0
33.41,4.86,1.73,8.95,0.85,1
61.59,2.95,4.22,7.68,0.3,1
47.24,0.8,22.16,50.63,1.0,0
44.69,2.76,9.74,12.12,0.85,1
41.54,6.46,8.13,21.2,1.0,0
30.6,2.96,17.44,3.09,1.0,0
63.38,7.61,13.09,32.76,0.5,1
27.17,2.09,2.09,53.38,0.2,0
31.95,2.81,19.05,14.9,0.3,0
43.49,11.15,16.22,2.34,1.0,0
18.35,8.12,7.82,25.77,0.85,0
57.82,5.06,2.65,2.6,0.85,1
37.4,5.05,13.59,15.16,0.5,1
37.86,3.06,2.61,4.58,0.2,1
56.08,9.21,7.03,13.72,0.5,0
35.34,9.3,1.96,46.8,0.2,0
54.28,4.53,9.96,69.28,0.2,0
37.81,4.47,7.21,40.19,1.0,0
41.77,3.57,15.82,15.18,0.85,1
36.92,5.72,10.02,17.98,1.0,1
54.22,1.45,11.55,70.46,0.2,0
35.49,4.76,4.33,15.88,0.85,1
58.14,8.2,14.73,75.64,0.2,0
33.99,5.38,18.35,3.86,0.5,0
35.64,7.08,13.12,20.72,0.85,1
48.59,6.04,2.62,15.75,1.0,1
52.36,5.49,14.55,26.05,0.2,1
24.24,4.98,12.76,69.06,0.5,0
58.59,7.64,4.63,26.49,0.3,0
58.26,4.36,4.62,11.4,0.85,1
35.54,2.7,16.65,25.85,0.85,0
45.24,9.75,3.66,35.44,1.0,0
40.83,7.24,1.3,19.0,0.5,1
57.98,1.33,5.65,1.26,0.85,0
36.74,5.78,8.36,2.75,0.85,1
63.33,1.24,9.04,8.34,0.2,0
56.7,2.22,11.38,14.68,0.5,1
57.29,6.11,17.02,32.86,0.2,0
56.82,9.54,15.35,32.98,0.2,0
43.49,12.5,15.88,18.57,0.85,0
34.24,11.18,2.73,34.98,0.85,0
40.19,1.68,1.56,29.77,0.3,0
52.68,11.96,8.5,29.88,0.3,0
37.96,7.63,5.7,51.58,0.85,0
48.2,7.96,14.69,34.2,0.2,0
49.82,3.46,16.44,8.51,0.2,0
46.43,6.44,8.5,17.22,0.85,1
41.87,6.18,11.26,25.74,0.85,1
41.43,6.39,5.25,47.18,1.0,0
43.0,7.01,10.14,88.76,1.0,0
49.05,4.92,11.88,48.76,0.5,0
52.97,4.37,7.12,17.68,0.5,1
43.39,5.22,10.86,38.78,0.2,1
30.94,8.96,1.73,53.43,0.3,0
60.78,7.9,14.01,25.0,1.0,1
27.14,8.69,9.78,7.58,0.5,0
23.02,6.19,2.11,24.97,0.2,0
57.14,2.82,8.35,28.02,0.3,1
48.68,3.55,10.52,38.28,0.3,1
53.52,7.86,2.73,21.38,0.2,1
49.08,9.15,24.51,34.18,0.3,0
33.06,8.5,13.04,38.57,0.85,0
46.79,5.24,5.63,51.86,1.0,0
19.62,5.66,14.31,10.1,0.5,0
43.61,5.32,13.48,20.08,0.5,1
60.0,1.94,5.22,17.84,0.5,0
45.14,2.62,14.07,28.93,0.5,1
40.03,6.87,2.8,72.52,0.85,0
34.01,4.18,11.79,56.66,0.2,0
27.19,1.21,10.82,3.21,0.85,0
51.89,5.38,20.58,35.31,0.2,0
44.47,2.76,11.1,28.86,0.2,1
58.49,2.54,6.88,32.38,0.85,1
46.62,1.9,9.39,67.4,0.2,0
43.78,3.16,23.92,9.01,0.85,0
53.98,0.94,3.84,77.53,0.85,0
37.44,2.76,11.64,38.92,1.0,1
48.72,6.91,13.05,5.45,0.3,1
26.63,6.04,14.25,32.26,0.2,0
48.06,8.53,16.36,9.4,0.5,0
60.42,6.33,11.49,61.4,0.3,0
65.63,0.8,9.12,14.72,0.2,0
54.91,4.13,8.25,29.66,1.0,1
57.18,3.93,6.16,18.26,1.0,1
49.64,2.58,18.27,0.93,0.85,0
50.07,1.9,5.08,22.24,0.85,1
29.07,6.68,15.69,24.6,0.2,1
45.5,4.77,9.13,33.67,1.0,1
33.75,2.34,3.53,30.54,0.3,1
39.64,1.75,12.3,38.88,1.0,0
43.44,7.72,10.35,24.13,0.5,1
27.81,7.0,3.08,46.5,0.5,0
43.45,7.1,1.07,32.57,0.5,1
16.15,6.84,3.54,20.29,0.85,0
36.62,6.84,11.48,45.43,0.85,0
42.79,6.42,8.59,9.62,0.2,1
35.82,3.39,2.88,9.11,0.85,1
56.85,6.78,11.08,25.19,0.5,1
43.26,5.18,7.91,18.96,1.0,1
27.94,2.81,11.27,2.15,1.0,0
44.8,4.82,13.87,12.68,0.85,1
51.24,9.15,1.39,20.08,0.85,0
31.1,5.68,2.24,53.97,1.0,0
25.45,6.08,13.16,25.85,1.0,0
33.6,2.46,2.17,51.66,0.5,0
62.04,2.92,9.85,36.47,0.5,0
65.95,5.19,14.33,17.46,0.5,1
42.33,4.4,2.34,45.65,0.85,0
39.09,4.02,11.87,42.85,1.0,0
43.87,2.49,3.36,32.15,0.5,1
24.14,2.88,12.31,64.36,0.2,0
58.29,1.81,14.15,30.53,1.0,1
53.89,3.55,3.31,3.36,0.5,1
27.2,4.42,16.76,21.96,1.0,0
39.35,4.61,13.04,20.32,0.85,1
33.69,8.99,6.75,33.48,0.85,0
23.38,1.15,1.51,12.54,0.85,0
29.39,11.73,3.84,20.39,0.85,0
34.35,6.85,7.45,46.53,1.0,0
47.76,5.03,9.29,22.59,0.85,1
37.54,2.75,13.32,25.28,0.2,1
50.04,3.67,11.66,18.2,0.85,1
38.72,6.77,19.84,34.0,1.0,0
66.68,3.06,10.64,14.98,0.85,1
47.42,7.12,8.52,11.82,1.0,1
68.03,4.76,9.31,60.54,0.5,0
55.68,4.75,4.6,16.28,0.3,1
49.45,6.77,12.23,15.87,0.85,1
50.33,2.35,7.7,6.28,0.2,1
56.21,3.96,15.39,15.77,0.5,0
47.94,4.43,5.57,28.16,0.2,1
40.25,6.6,9.84,30.83,0.85,0
41.2,8.59,5.58,53.17,0.2,0
45.01,2.22,11.52,52.5,1.0,0
32.75,4.78,14.9,11.38,0.2,1
43.93,2.11,7.76,8.17,0.5,1
62.07,4.76,6.69,28.99,0.2,1
56.08,6.11,17.54,1.59,0.5,0
46.9,3.68,8.48,21.63,0.2,1
43.47,8.82,4.95,43.57,0.85,0
55.58,6.15,4.61,36.08,0.5,1
32.83,5.89,4.71,3.66,0.5,1
61.79,5.13,6.3,21.82,0.5,1
57.6,6.72,3.66,53.0,1.0,0
33.66,9.2,12.06,62.17,0.2,0
33.94,5.31,8.62,27.13,1.0,1
37.72,3.8,12.0,38.5,0.3,1
18.08,12.5,6.42,30.8,0.85,0
41.58,5.23,7.82,25.3,0.3,1
57.4,4.41,9.62,17.39,0.2,1
51.07,6.53,8.18,13.47,0.5,0
50.27,1.43,2.81,51.02,0.2,0
41.96,2.12,5.08,7.31,0.2,1
19.38,1.2,9.36,3.79,0.3,0
56.41,1.39,18.59,72.28,0.2,0
50.65,2.63,6.06,12.84,0.2,1
47.39,3.68,8.81,13.52,0.2,1
65.55,3.58,5.0,12.3,0.85,1
31.17,4.48,7.72,23.7,0.85,0
48.5,5.71,3.32,80.32,0.2,0
34.68,3.76,6.53,33.91,0.85,1
32.3,5.82,3.72,28.6,0.5,1
42.74,9.16,3.84,42.01,1.0,0
34.39,12.5,3.23,12.53,0.2,0
57.61,10.01,12.83,3.78,0.5,0
40.66,11.79,8.2,24.4,0.85,0
32.17,4.54,4.14,24.54,0.5,1
38.02,1.54,19.75,16.42,0.5,0
27.55,4.31,9.55,2.09,0.3,0
49.73,2.48,9.56,6.8,1.0,1
52.38,4.57,9.43,7.07,0.85,1
34.2,2.1,7.38,29.17,0.85,0
39.13,5.07,3.89,48.08,0.2,0
57.04,2.97,7.65,60.92,1.0,0
26.47,2.95,8.58,20.94,0.2,0
30.31,8.58,14.13,63.72,1.0,0
28.42,5.15,12.8,14.67,1.0,1
42.98,4.73,12.38,17.95,0.5,1
53.95,7.44,6.31,5.69,0.5,1
65.46,5.76,17.04,18.44,1.0,0
31.2,7.37,11.07,14.8,0.85,1
50.42,4.36,1.68,17.37,0.5,1
51.13,7.11,10.98,8.33,0.2,1
62.0,1.62,11.89,30.68,0.2,0
60.33,4.31,16.09,57.62,0.5,0
58.9,5.52,16.28,29.05,0.2,0
34.03,3.67,6.71,5.11,0.85,1
54.54,4.41,1.76,6.41,1.0,1
37.39,7.6,7.74,14.16,0.85,1
44.31,7.72,10.91,15.6,0.3,1
51.36,5.5,7.96,46.04,0.2,0
45.48,9.41,6.8,25.17,1.0,0
25.36,2.41,8.18,25.23,1.0,0
25.88,4.05,10.47,36.02,0.85,0
45.85,4.14,13.46,77.16,0.5,0
34.65,8.94,1.03,17.36,0.85,0
37.82,6.15,10.87,7.51,0.85,1
50.49,10.29,3.61,22.03,0.85,0
32.59,1.68,15.7,23.04,0.2,0
48.49,5.59,9.78,23.64,1.0,1
55.98,4.78,7.54,55.16,0.85,0
60.7,0.8,14.45,6.71,0.5,0
67.56,2.91,12.81,28.84,0.85,1
62.13,2.43,18.2,13.03,0.3,0
37.09,6.12,12.67,21.66,1.0,1
58.83,8.71,4.36,11.8,0.2,0
64.59,3.84,16.39,49.86,0.85,0
38.66,2.36,3.05,5.99,0.2,1
48.03,2.07,14.4,32.77,0.5,1
28.79,10.57,19.55,9.6,0.2,0
36.0,3.14,20.28,36.32,0.85,0
56.26,0.8,11.78,23.61,0.5,0
65.54,3.35,17.73,15.78,0.85,0
33.08,1.64,21.47,15.81,1.0,0
45.64,4.91,13.73,22.3,1.0,1
55.34,4.64,7.07,5.45,0.5,1
54.69,3.82,6.24,42.73,0.2,0
22.24,1.83,5.48,4.61,0.85,0
43.17,4.55,8.48,6.76,0.5,1
18.98,4.14,11.61,27.26,0.3,0
28.81,4.41,1.95,19.85,0.3,1
59.91,3.57,12.05,41.05,0.3,1
27.9,6.85,6.57,11.55,0.2,0
52.94,7.84,6.88,9.1,1.0,1
42.07,2.07,5.18,51.32,0.5,0
18.02,6.59,3.73,16.7,1.0,0
53.44,8.09,11.87,32.58,0.85,0
50.75,12.5,3.92,61.64,0.2,0
56.88,5.12,10.88,8.84,1.0,1
64.16,3.6,16.49,24.67,0.85,0
30.45,7.2,15.48,21.7,0.5,0
60.12,3.64,7.05,2.19,0.2,1
44.42,8.33,12.88,1.24,0.2,0
50.73,4.39,10.36,49.5,0.85,0
56.63,2.97,4.75,55.18,1.0,0
59.21,4.95,5.74,23.99,0.85,1
42.65,4.06,8.84,48.37,0.2,0
19.93,3.85,18.7,31.22,1.0,0
33.36,1.23,10.95,14.77,0.85,0
51.14,8.01,9.15,46.37,0.2,0
49.26,7.98,11.23,10.06,0.2,1
40.55,6.01,4.03,9.03,0.5,1
44.81,6.29,3.58,51.41,1.0,0
47.68,2.66,22.17,21.09,0.85,0
47.63,0.8,15.32,49.45,0.2,0
46.18,5.24,9.7,8.01,0.85,1
53.92,4.34,8.5,45.69,0.2,0
27.21,5.17,6.78,2.13,0.5,0
27.66,0.8,9.47,36.55,0.2,0
50.46,6.72,20.83,25.1,0.3,1
36.19,2.64,2.47,19.59,0.85,1
26.05,2.3,10.26,13.41,0.5,0
46.48,11.17,20.27,4.57,0.5,0
41.87,9.75,13.65,47.48,1.0,0
44.83,1.21,14.01,29.53,0.85,0
55.47,3.03,11.19,9.75,0.85,1
47.18,3.88,18.9,20.25,0.5,0
50.05,9.13,19.08,57.7,0.85,0
48.0,7.01,9.23,10.54,0.3,1
47.13,1.88,13.11,52.02,0.3,0
44.09,4.9,25.14,82.3,0.2,0
42.9,3.89,8.25,58.81,0.2,0
37.11,3.96,7.0,56.54,0.85,0
48.73,3.19,3.33,37.28,0.85,1
31.68,3.9,11.6,37.56,0.3,0
62.85,6.6,3.85,17.36,0.2,1
41.5,4.18,9.75,6.53,0.5,1
28.41,4.42,2.35,8.78,0.85,1
30.47,7.04,27.67,45.06,0.85,0
56.28,5.82,11.51,9.16,0.2,1
41.16,7.07,2.23,25.27,0.85,1
53.39,2.68,12.52,27.76,0.85,1
53.7,4.69,10.62,28.95,0.85,1
56.01,4.61,12.12,4.94,0.2,1
38.65,4.22,14.64,11.37,0.85,0
31.31,3.78,12.3,37.74,0.5,0
53.81,9.57,4.32,1.19,0.5,0
47.88,3.55,5.75,13.31,0.2,1
26.73,8.32,4.58,5.12,1.0,0
64.13,12.0,12.37,23.36,0.5,0
36.31,2.34,7.6,6.21,0.85,1
27.89,1.84,2.42,32.26,0.85,0
43.78,1.07,8.78,9.55,0.2,0
46.33,8.25,8.25,11.92,0.5,0
33.64,8.37,9.9,8.17,0.85,0
40.95,2.43,18.09,21.54,0.2,0
38.9,7.13,14.54,57.39,0.3,0
62.13,2.9,13.38,34.04,1.0,1
57.59,4.79,4.87,40.56,0.2,1
48.71,7.96,17.79,5.1,0.2,0
38.3,5.85,7.12,2.53,0.2,1
24.5,2.72,8.15,48.15,1.0,0
56.47,4.97,1.68,25.0,0.2,1
39.17,3.74,11.33,9.37,0.5,1
19.03,7.08,19.74,14.67,1.0,0
44.45,5.76,5.63,20.19,0.85,1
59.99,5.73,5.08,4.24,0.3,1
49.57,2.62,4.69,32.55,0.3,0
44.01,2.57,6.3,15.5,0.2,1
34.99,5.16,13.07,44.82,1.0,0
49.72,7.61,15.48,10.94,1.0,1
64.28,10.61,12.82,25.11,0.2,0
50.25,1.41,6.33,12.44,0.5,0
55.9,4.82,11.37,51.93,0.5,0
40.93,7.99,10.54,10.98,0.3,0
62.75,6.72,8.83,2.55,0.85,1
42.36,5.63,9.25,29.4,0.2,1
55.69,7.91,9.34,35.89,0.2,0
36.14,2.47,4.51,30.07,0.5,1
42.1,6.85,18.82,10.69,0.3,0
37.49,8.2,11.63,17.8,0.5,0
48.63,2.21,17.33,41.22,0.3,0
60.08,5.76,6.29,3.79,1.0,1
53.76,7.13,7.74,10.72,0.85,1
48.57,7.47,6.78,10.93,0.2,0
30.88,1.32,15.71,69.42,0.2,0
34.96,3.24,10.3,40.96,0.85,1
32.44,0.8,5.26,5.31,0.2,0
49.25,9.52,9.1,13.4,0.2,0
44.56,3.86,9.75,57.55,0.2,0
64.29,2.48,15.88,18.27,0.3,1
46.67,2.32,5.71,9.51,0.2,1
36.04,3.34,5.77,41.42,1.0,1
29.02,8.21,3.9,69.73,0.5,0
67.69,2.68,3.85,24.51,0.2,1
47.27,10.21,3.19,11.46,1.0,0
48.83,1.87,1.41,21.57,0.3,1
33.59,12.5,5.11,18.84,1.0,0
19.47,3.38,5.62,21.95,0.2,0
28.91,10.34,10.01,3.09,1.0,0
54.25,9.53,5.69,32.03,0.85,0
55.68,9.51,18.7,41.39,1.0,0
40.18,4.54,2.0,10.52,1.0,1
50.82,2.06,7.93,16.84,0.85,1
59.08,5.42,4.38,16.35,0.5,1
58.78,2.88,1.98,32.58,0.85,1
24.53,9.56,7.32,38.89,0.85,0
35.89,5.26,11.7,2.62,0.2,1
62.23,4.83,17.71,31.96,1.0,0
50.75,2.99,1.66,33.72,0.85,1
51.74,3.65,14.49,30.84,0.2,0
27.73,6.47,4.03,39.0,0.5,0
37.2,5.88,7.27,5.45,0.2,1
46.41,7.13,11.26,25.14,1.0,1
59.29,7.45,5.93,56.05,0.85,0
37.56,7.82,17.92,19.88,0.85,0
32.43,2.26,9.51,18.94,0.5,1
49.83,6.03,10.88,6.58,0.2,0
66.51,5.8,4.51,58.55,1.0,0
36.77,1.82,8.19,79.05,0.5,0
55.92,6.24,1.0,55.49,0.85,0
20.01,9.47,9.03,40.07,0.2,0
33.72,6.32,8.91,46.59,0.85,0
31.16,1.94,7.43,32.62,0.2,0
33.78,2.89,10.39,52.9,0.85,0
37.45,5.58,13.17,17.79,1.0,1
44.91,2.59,2.23,1.06,0.2,1
54.2,6.6,5.85,15.26,0.2,1
43.57,4.87,4.02,55.33,0.85,0
65.26,7.72,5.69,54.68,1.0,0
31.69,4.05,4.17,20.04,0.2,0
36.24,5.65,14.38,23.31,0.85,0
56.71,3.15,2.32,16.73,0.2,1
36.08,12.45,3.59,5.29,0.5,0
47.27,4.76,10.51,1.54,0.5,1
56.06,2.19,27.01,33.78,0.85,0
31.79,8.32,18.41,17.05,0.2,0
44.46,3.96,10.72,9.33,0.2,1
35.31,8.09,7.56,19.9,1.0,1
50.47,4.01,7.39,11.94,0.3,1
61.8,1.13,16.21,47.07,0.5,0
36.88,2.57,1.7,1.56,0.85,1
42.52,4.71,6.06,19.21,0.2,1
47.81,2.1,3.86,73.83,0.5,0
41.24,3.91,4.84,39.82,0.5,1
42.93,7.54,2.75,2.57,0.85,1
51.07,6.14,5.62,3.98,1.0,1
42.39,5.15,5.38,22.32,0.2,1
55.49,3.98,5.65,16.69,0.85,1
32.36,9.82,5.14,76.56,0.3,0
25.55,5.23,5.15,14.91,1.0,0
24.31,3.18,14.77,18.47,1.0,0
54.18,7.41,12.78,18.14,0.2,1
51.43,6.42,11.92,7.77,1.0,0
40.39,2.88,5.34,5.35,0.2,1
40.15,8.84,10.46,27.24,0.85,0
42.05,5.31,13.16,12.23,0.5,1
53.39,5.7,4.93,6.13,0.85,1
46.11,9.15,7.82,6.86,0.3,0
48.59,1.96,10.05,1.2,1.0,1
57.45,2.99,5.52,57.88,0.2,0
40.6,9.22,12.77,4.56,1.0,0
52.15,2.85,10.17,58.46,1.0,0
42.76,4.83,6.28,20.32,0.85,1
33.58,9.92,7.06,6.18,0.2,0
35.17,2.41,7.1,6.35,0.85,0
38.4,1.2,8.54,53.55,0.85,0
53.09,2.22,9.62,4.49,0.2,1
49.75,4.8,8.67,2.8,0.2,1
29.2,4.2,4.04,45.34,0.5,0
37.53,3.93,11.57,18.84,1.0,0
59.76,3.72,3.22,41.54,0.5,1
58.41,2.82,4.29,23.97,0.85,1
45.5,3.8,11.38,63.36,0.85,0
47.21,5.99,8.24,22.0,0.85,1
29.61,7.06,10.02,18.19,0.2,0
36.02,6.33,5.89,16.32,0.2,1
42.19,3.74,2.52,26.87,0.2,1
41.34,4.23,19.52,2.73,0.85,0
38.24,7.55,9.26,29.64,0.2,1
52.74,7.49,8.4,47.4,0.85,0
54.69,11.87,19.18,15.62,1.0,0
45.94,3.95,24.15,12.37,0.5,0
25.41,2.12,2.24,0.63,0.2,0
21.71,5.0,6.47,47.06,0.2,0
59.22,6.53,11.09,26.58,0.2,1
24.89,7.82,17.22,13.51,0.2,0
49.43,3.5,10.24,24.93,0.2,1
38.7,5.46,24.2,23.15,0.85,0
43.74,6.91,11.86,14.01,0.2,1
56.73,4.76,1.0,45.71,1.0,0
57.99,4.2,8.84,9.57,0.2,1
59.13,6.05,20.67,74.44,0.2,0
55.43,1.14,4.47,12.71,0.2,0
60.09,1.07,19.27,21.25,0.85,0
32.97,4.02,5.76,10.19,0.3,0
36.03,12.5,18.06,1.53,0.85,0
59.04,5.85,10.64,16.5,0.3,0
56.28,12.5,7.13,60.67,0.2,0
55.49,5.22,17.95,5.93,0.2,0
46.35,8.81,2.92,18.66,0.5,0
48.69,3.71,12.95,21.04,0.5,1
26.61,4.03,10.37,31.64,1.0,0
53.2,3.25,7.28,36.3,0.3,1
35.93,8.46,9.5,33.18,0.2,0
46.99,2.77,13.46,1.73,0.2,1
39.22,1.47,3.46,24.69,0.85,0
51.29,7.93,5.71,1.69,0.5,1
43.83,2.6,7.31,20.83,0.5,1
31.61,7.31,12.83,26.7,0.85,0
54.24,4.16,17.56,30.35,0.3,0
45.7,12.5,19.1,10.0,0.3,0
37.92,11.83,7.3,46.08,0.85,0
35.97,12.5,8.37,14.29,1.0,0
68.25,2.41,17.8,34.16,0.2,0
59.33,4.74,2.25,10.27,0.3,1
41.8,1.46,12.85,63.42,0.2,0
34.27,6.2,10.41,10.76,0.85,1
25.8,2.6,4.51,33.1,0.85,0
45.55,4.91,14.34,12.84,0.2,1
58.76,0.95,2.67,45.22,0.2,0
55.37,1.01,3.61,38.1,0.2,0
38.08,2.84,9.69,2.36,0.2,1
29.76,3.12,6.31,43.45,0.85,0
60.14,9.83,3.29,13.82,1.0,0
65.63,3.81,12.19,34.4,1.0,1
35.5,6.56,4.15,4.73,1.0,1
56.16,1.36,23.54,7.38,1.0,0
59.83,5.7,19.39,18.52,1.0,0
48.11,5.48,7.65,59.6,0.3,0
44.37,7.14,13.13,16.68,1.0,0
34.74,5.35,14.5,19.97,0.5,0
33.87,12.47,9.84,17.64,0.2,0
38.5,3.94,14.59,27.6,0.2,1
58.08,2.71,14.22,20.35,0.85,1
51.65,7.34,25.01,14.16,0.85,0
35.5,5.76,6.05,17.02,1.0,1
50.41,2.78,16.6,17.77,0.85,0
32.2,6.62,11.63,2.28,0.85,1
52.49,8.55,4.38,41.75,1.0,0
47.93,5.89,4.16,13.36,0.2,1
34.26,5.35,14.03,19.85,0.2,1
63.16,1.9,7.68,70.67,1.0,0
37.67,3.86,16.59,37.13,0.85,0
30.83,2.67,9.18,16.24,0.85,1
33.25,6.72,6.31,38.4,0.2,0
55.54,1.94,15.82,22.11,1.0,1
27.98,2.05,18.1,26.3,0.85,0
22.15,2.5,8.63,51.41,0.5,0
40.27,3.01,8.82,15.87,0.5,1
49.52,2.32,18.18,57.48,1.0,0
59.52,3.76,6.76,32.78,0.3,1
52.94,3.98,11.05,23.75,1.0,0
32.25,7.99,1.94,33.08,1.0,1
29.21,2.73,32.44,18.91,0.2,0
33.0,3.08,3.77,23.0,0.85,1
59.52,6.48,4.45,29.5,1.0,1
51.36,7.23,4.06,71.51,0.5,0
31.79,5.11,2.04,13.17,0.2,1
56.58,6.46,13.76,55.86,0.5,0
22.83,1.41,8.27,35.07,0.5,0
34.57,7.56,8.48,16.86,0.5,1
58.3,0.8,22.42,21.72,0.85,0
31.05,4.63,5.06,30.94,0.3,1
26.54,6.59,2.26,28.59,1.0,0
24.68,5.4,10.61,12.69,0.85,0
24.1,3.69,8.13,59.03,0.2,0
48.43,5.89,4.8,15.54,0.2,1
45.99,3.37,8.62,3.17,0.5,1
51.55,12.5,4.59,1.57,0.5,0
53.5,1.78,20.73,4.26,1.0,0
62.86,7.45,17.27,5.56,0.2,0
54.52,5.66,9.3,10.56,0.85,1
54.73,4.73,8.26,52.69,0.2,0
65.02,2.98,5.95,2.13,0.5,1
42.98,5.82,12.65,43.57,0.85,0
46.35,4.64,3.81,42.95,0.85,0
42.51,1.63,12.93,24.01,0.85,0
52.72,6.71,8.35,50.12,0.85,0
34.57,5.92,9.94,67.28,1.0,0
30.33,2.71,11.97,42.38,0.5,0
41.11,8.18,12.78,11.53,0.2,1
62.19,7.93,11.83,48.9,0.2,0
50.05,2.22,6.32,62.1,1.0,0
36.05,5.94,3.99,21.9,0.3,1
31.77,7.18,6.18,14.43,0.5,0
31.47,1.88,4.4,44.46,1.0,0
60.06,1.18,16.0,14.6,0.2,0
61.13,4.1,2.46,25.71,0.85,1
37.61,3.44,10.04,13.97,0.3,1
36.73,4.58,18.54,57.86,0.85,0
63.46,10.86,22.6,33.72,0.5,0
27.52,7.28,16.9,34.92,0.5,0
30.1,3.09,8.98,37.17,1.0,1
36.65,5.26,10.7,52.65,0.5,0
63.37,4.93,3.97,20.12,0.3,1
39.06,7.83,4.96,62.86,0.85,0
47.89,7.43,5.09,5.37,1.0,1
55.92,4.56,9.48,24.73,0.5,1
25.74,6.57,9.77,7.93,0.3,0
31.11,8.58,5.02,12.94,0.2,0
65.62,6.79,4.64,15.74,0.85,1
37.84,3.05,13.29,20.43,0.5,1
55.78,3.1,5.46,31.02,0.2,1
66.1,1.65,10.22,47.23,0.85,0
50.01,2.98,4.89,35.26,1.0,1
44.05,3.2,9.11,57.38,1.0,0
63.38,0.95,10.81,21.78,0.5,0
55.51,2.38,22.91,11.06,0.3,0
23.9,2.06,3.46,7.28,1.0,0
38.25,12.05,12.3,39.32,0.85,0
29.61,3.65,12.86,10.67,0.85,1
46.05,5.04,5.11,17.65,0.85,1
30.27,2.92,7.65,61.06,0.85,0
42.78,10.12,12.37,60.24,0.85,0
66.21,2.35,12.42,14.73,0.85,1
37.21,0.83,8.99,27.63,0.85,0
45.95,4.44,12.15,9.45,0.3,1
31.77,7.05,9.6,10.85,0.2,1
41.52,3.56,3.44,9.15,0.85,1
56.29,3.79,13.79,23.7,0.85,1
48.14,11.8,5.67,29.04,1.0,0
41.88,7.37,22.53,49.53,1.0,0
58.94,5.31,14.46,39.81,1.0,1
57.92,4.59,13.35,20.05,0.85,1
47.14,1.11,14.17,51.68,0.3,0
54.6,8.97,7.4,26.45,0.5,0
31.1,4.62,2.55,66.59,0.2,0
47.17,1.89,7.55,12.89,0.5,1
36.48,6.41,6.55,39.86,0.85,1
54.95,7.51,5.04,49.78,1.0,0
48.84,3.73,6.73,21.58,0.85,0
52.34,3.27,11.52,16.17,0.85,1
56.0,4.21,2.42,13.29,1.0,1
43.14,2.87,6.37,7.96,1.0,1
44.9,2.3,6.11,50.57,1.0,0
20.17,4.47,4.93,6.61,0.85,0
53.41,7.33,17.39,67.45,0.2,0
56.72,11.22,15.87,27.41,1.0,0
35.95,4.62,11.38,59.39,0.5,0
35.15,10.16,14.54,6.89,0.85,0
58.51,2.26,12.35,16.61,0.5,1
32.97,7.16,2.54,2.07,1.0,1
43.95,3.69,14.72,35.24,0.3,0
40.53,12.5,8.39,74.38,0.3,0
39.09,3.08,9.07,15.23,0.2,1
56.6,5.29,23.26,10.1,1.0,0
31.83,1.56,20.44,43.84,0.5,0
56.31,3.5,6.04,33.16,0.2,1
52.16,7.92,7.2,8.13,0.5,1
60.4,7.01,1.43,24.91,0.3,1
50.83,5.32,7.89,42.81,0.85,0
43.89,7.2,6.07,30.08,0.2,1
44.74,4.37,2.0,6.93,1.0,1
69.6,10.71,6.52,12.56,1.0,0
40.94,1.48,10.32,16.16,1.0,0
44.19,5.23,7.47,20.43,0.5,1
37.38,1.68,5.25,55.3,0.2,0
51.49,2.4,2.66,31.51,0.2,1
44.84,3.34,14.45,1.23,0.5,1
48.83,3.76,5.09,24.86,0.5,1
39.97,4.41,15.88,31.09,0.2,1
57.36,4.45,7.17,38.43,1.0,1
69.18,3.21,18.93,14.2,0.85,0
18.06,4.67,26.41,7.98,0.2,0
58.13,2.03,9.79,72.61,1.0,0
56.66,7.45,9.44,29.24,0.85,0
41.36,6.54,7.03,74.46,0.5,0
47.38,10.63,17.38,68.8,0.5,0
43.73,5.91,6.07,15.85,0.2,1
65.05,6.32,10.34,29.87,0.5,1
56.7,6.26,10.86,53.54,0.85,0
57.79,2.71,19.9,27.81,0.2,0
56.85,5.2,7.92,26.17,0.2,1
60.13,3.59,5.71,8.4,0.3,1
37.8,5.51,7.12,9.1,0.2,0
36.97,6.01,12.21,26.96,1.0,1
43.68,6.96,5.24,25.88,1.0,1
51.0,6.24,8.9,21.57,0.2,1
55.35,6.34,2.01,10.4,0.85,1
58.31,3.73,10.63,29.7,0.2,1
55.97,12.5,8.93,14.64,0.5,0
56.64,6.1,8.49,22.74,0.2,1
48.64,4.81,5.13,34.79,0.85,0
49.25,8.58,12.34,38.86,0.3,0
61.73,3.95,17.64,2.62,0.85,0
49.13,1.74,6.32,3.74,1.0,0
47.8,3.04,24.95,16.05,0.5,0
45.27,2.33,3.31,15.12,0.85,1
40.11,5.6,5.92,3.82,0.3,1
65.67,7.38,5.99,10.73,0.2,1
55.92,2.13,11.86,3.09,0.85,1
40.36,6.5,2.95,9.58,0.5,1
48.27,6.24,10.31,17.75,0.5,0
39.79,10.35,18.95,15.01,0.85,0
52.45,8.11,18.63,31.55,0.5,0
51.6,3.04,25.99,28.35,0.85,0
37.84,3.75,15.29,33.07,0.3,0
33.6,3.95,5.7,65.83,1.0,0
46.88,9.57,4.25,34.3,0.3,0
25.67,10.71,2.34,48.52,0.85,0
26.78,6.11,6.61,8.71,1.0,0
52.5,1.86,19.87,12.33,0.5,0
22.69,4.27,9.91,34.52,1.0,0
47.86,12.5,6.8,0.46,1.0,0
63.55,4.9,1.0,3.07,0.3,1
47.11,0.8,10.09,2.84,1.0,0
61.78,4.62,21.57,15.92,0.3,0
45.29,8.86,27.99,22.26,0.2,0
42.36,1.54,9.67,12.19,0.5,0
48.99,1.93,15.04,24.32,0.85,1
20.2,9.37,3.5,40.8,0.2,0
51.69,6.67,26.09,5.56,0.3,0
54.85,6.54,9.52,26.96,0.2,1
37.08,1.3,7.38,39.79,0.85,0
43.62,3.21,7.18,10.45,0.2,1
24.28,6.21,14.6,6.96,0.5,0
22.92,2.29,19.14,34.33,0.2,0
45.04,5.95,22.34,4.34,1.0,0
52.13,2.34,10.44,24.23,0.85,1
45.81,1.76,9.54,52.56,0.5,0
40.11,6.08,6.19,15.05,0.5,1
43.12,4.91,12.06,45.17,0.2,0
47.37,4.3,3.95,31.64,0.3,1
26.57,4.54,26.06,35.04,1.0,0
41.59,4.54,16.87,38.47,1.0,0
46.6,1.46,10.77,10.64,0.5,0
22.58,7.35,7.99,63.72,0.2,0
43.31,9.08,15.8,12.65,1.0,0
43.0,11.26,10.64,1.33,0.2,0
50.29,5.52,17.54,36.46,1.0,0
64.68,1.76,7.07,9.16,0.5,0
36.0,7.23,15.79,17.44,0.2,1
64.43,5.07,1.0,23.54,1.0,1
42.94,5.29,4.55,54.94,0.2,0
62.71,2.7,14.01,24.6,0.5,0
35.37,5.94,13.77,57.73,0.85,0
43.76,7.36,8.25,13.23,0.5,1
43.06,5.1,4.39,33.25,0.85,1
69.1,3.51,2.14,15.98,1.0,1
50.42,3.68,6.62,15.75,0.3,1
32.62,5.36,11.09,13.65,0.2,1
33.85,3.58,7.47,4.88,0.5,1
45.07,2.18,16.06,3.16,0.2,0
38.3,7.16,3.34,46.77,1.0,0
48.38,4.77,5.11,39.42,0.2,1
29.07,5.14,12.86,56.85,1.0,0
60.1,3.12,11.59,46.7,1.0,0
42.66,2.18,8.28,6.96,0.2,1
32.91,2.8,18.86,23.81,0.2,0
52.17,3.38,2.01,8.66,0.5,1
62.87,2.1,3.07,13.57,0.85,1
34.34,3.55,1.47,20.47,1.0,1
51.52,4.33,10.68,6.79,0.85,1
41.67,7.86,3.43,40.14,1.0,1
24.32,6.77,15.58,13.24,0.2,0
57.96,6.49,9.8,16.01,1.0,1
70.53,2.24,4.35,29.64,0.85,1
34.71,6.27,11.56,19.04,0.2,1
54.17,2.27,12.36,9.68,0.2,1
31.88,7.76,19.39,10.36,1.0,0
41.23,3.53,4.07,43.83,0.3,0
54.45,2.15,5.8,39.09,0.85,1
38.3,6.02,2.75,4.7,0.85,1
66.46,6.71,12.55,17.25,0.85,1
40.33,4.58,23.31,7.03,0.2,0
28.15,7.3,4.75,21.72,0.3,1
37.07,4.76,17.36,9.74,0.85,0
63.3,2.58,13.97,7.15,0.5,1
55.87,4.72,4.06,16.25,0.5,1
51.01,5.04,11.55,24.69,0.3,1
37.6,4.53,3.54,15.05,0.2,1
66.86,1.86,7.34,12.97,0.5,0
43.58,10.14,13.53,30.2,1.0,0
58.53,12.5,19.34,26.18,0.2,0
49.68,4.02,12.58,18.76,0.85,1
26.15,4.26,5.18,43.97,0.3,0
59.43,4.75,13.93,29.95,0.2,0
58.32,4.4,10.13,5.15,1.0,1
38.94,2.62,8.08,14.92,0.2,1
40.06,7.01,5.04,5.19,0.5,1
61.4,7.19,12.92,47.07,0.5,0
44.64,4.34,8.01,20.29,0.2,1
48.67,4.18,5.97,10.25,1.0,1
31.56,4.12,3.92,25.51,0.85,1
51.38,6.92,10.97,35.21,0.5,1
50.74,4.69,10.48,52.42,1.0,0
61.93,4.0,22.99,5.8,0.2,0
36.88,2.18,12.5,63.87,1.0,0
55.23,7.51,9.34,10.62,1.0,1
45.18,2.98,6.84,18.48,0.2,1
66.13,2.15,12.46,0.79,0.5,1
39.52,6.28,6.46,46.22,1.0,0
38.05,4.66,5.79,55.95,0.2,0
56.36,12.5,14.45,25.93,0.2,0
52.67,1.97,5.98,58.18,0.2,0
52.84,3.29,3.92,41.06,1.0,1
49.64,6.28,4.52,17.09,0.85,1
44.28,4.53,9.66,2.44,1.0,1
20.07,5.08,14.34,74.59,1.0,0
53.78,5.07,5.24,32.0,1.0,1
43.98,1.5,10.48,1.02,0.2,0
44.33,5.26,1.64,16.45,0.2,1
54.28,6.79,8.29,0.08,0.5,1
40.15,2.73,3.52,0.82,0.3,1
49.01,2.84,23.78,53.67,0.5,0
36.62,3.59,7.9,28.87,0.85,0
57.23,2.11,4.49,6.78,0.5,1
30.01,2.54,13.37,13.57,0.2,1
47.24,4.8,4.8,51.76,0.85,0
48.19,8.67,1.06,30.08,0.85,0
49.32,3.36,7.32,38.04,0.3,1
44.08,10.61,10.74,23.21,0.5,0
29.52,3.33,6.09,12.37,0.2,1
61.55,7.12,7.93,43.54,0.85,0
35.08,2.94,6.12,16.39,1.0,1
27.18,5.67,16.88,23.55,0.2,0
53.67,9.87,5.44,25.97,0.2,0
63.85,6.37,3.62,63.52,1.0,0
47.23,4.27,7.2,26.88,0.5,1
31.14,4.12,6.56,21.55,1.0,1
38.5,5.71,10.32,27.12,0.85,1
23.99,6.68,12.96,16.01,0.2,0
25.1,7.08,15.49,10.24,0.2,0
44.76,4.84,11.22,27.71,0.5,1
33.38,5.59,25.86,8.68,0.5,0
54.95,2.86,10.42,5.84,0.85,1
48.6,6.0,1.11,30.39,0.3,1
35.36,2.97,4.11,45.34,0.2,0
60.54,5.11,6.95,4.91,0.2,1
31.56,3.81,6.57,2.8,0.3,1
44.27,9.33,6.27,30.98,1.0,0
51.97,4.81,11.45,22.45,0.85,1
44.39,9.85,5.99,22.74,0.85,0
29.81,4.56,6.73,2.07,0.3,1
47.77,10.74,17.97,8.19,0.2,0
60.82,6.15,19.74,21.54,1.0,0
50.97,1.56,1.0,11.19,0.85,0
45.27,3.86,8.58,52.83,0.5,0
55.54,3.13,7.51,21.37,1.0,1
19.07,2.21,8.85,9.88,0.2,0
44.9,3.03,20.91,57.06,0.3,0
37.74,3.42,12.54,23.73,0.5,0
56.78,1.5,20.79,39.21,0.85,0
63.06,1.66,6.89,13.93,0.5,0
50.56,4.23,4.01,59.37,0.85,0
40.05,5.99,11.41,49.73,0.85,0
53.33,12.5,9.89,26.36,0.85,0
49.74,8.86,15.76,3.5,0.85,0
50.66,4.14,16.5,0.87,0.3,0
44.11,4.75,7.56,53.43,0.3,0
54.97,6.3,15.63,5.45,0.2,1
34.21,4.32,6.48,30.96,0.2,1
62.85,4.87,4.85,51.04,0.2,0
54.21,3.03,8.43,14.85,0.2,1
39.24,4.64,15.28,1.38,0.5,1
26.21,4.99,8.57,45.03,0.2,0
35.33,2.25,8.48,1.24,1.0,1
36.9,6.21,2.26,11.37,0.85,1
37.31,6.37,3.32,52.79,0.2,0
60.97,6.51,8.35,12.42,0.3,1
39.68,3.07,8.75,29.44,0.3,1
47.39,9.86,3.09,40.93,1.0,0
61.79,3.87,2.91,34.2,1.0,0
41.75,2.38,10.59,17.49,0.2,1
49.97,9.51,9.57,51.19,0.5,0
35.23,2.66,12.81,19.6,1.0,0
52.92,5.51,12.41,68.33,1.0,0
55.2,3.34,5.98,21.98,0.3,1
45.28,1.82,11.55,6.32,0.5,1
24.12,2.62,10.04,30.01,1.0,0
35.07,8.94,1.0,12.04,0.3,0
42.42,4.77,7.88,5.75,0.2,1
33.39,3.53,12.1,34.99,1.0,0
64.52,4.02,17.95,3.97,1.0,0
47.58,2.42,3.62,3.26,0.5,1
51.94,2.89,5.0,28.44,1.0,1
51.03,7.1,13.39,15.51,0.5,0
33.64,5.26,2.99,7.23,0.5,1
35.95,4.63,1.45,37.13,0.5,1
43.13,4.21,6.57,37.67,0.85,1
35.12,1.67,6.41,22.17,1.0,0
38.03,4.41,8.72,58.17,0.5,0
55.84,7.11,5.5,8.23,0.2,1
25.11,3.3,1.0,0.47,0.5,0
31.54,4.45,18.12,20.09,0.85,0
62.7,1.05,23.06,25.06,0.3,0
52.7,8.53,26.74,37.19,0.2,0
27.57,9.93,22.03,10.16,0.3,0
50.72,9.89,14.78,38.2,0.5,0
46.2,1.77,10.18,22.01,0.85,0
40.23,7.42,9.33,15.05,0.5,1
49.36,0.8,2.4,10.34,0.3,0
46.99,7.64,16.73,8.62,1.0,0
31.77,4.59,5.21,8.12,0.5,1
25.64,3.79,13.02,57.73,0.5,0
41.13,7.39,12.15,8.82,1.0,1
33.55,4.92,13.22,21.81,1.0,1
36.84,2.88,3.6,34.09,1.0,0
59.74,6.6,8.16,24.86,1.0,1
30.05,8.38,12.35,45.8,0.85,0
63.88,7.11,1.02,4.26,0.5,1
18.62,7.34,7.77,38.69,0.5,0
42.68,2.4,6.49,27.16,0.5,1
37.91,3.48,14.5,25.99,0.85,1
52.62,5.31,9.26,64.56,0.2,0
42.61,9.38,9.99,12.12,0.85,0
54.56,2.94,2.81,8.25,0.85,1
56.17,9.13,4.31,14.75,0.5,0
47.09,1.5,13.17,28.15,0.5,0
46.35,8.54,8.9,38.85,0.85,0
25.61,8.14,4.2,2.71,0.2,0
58.83,11.94,1.0,29.49,1.0,0
28.17,7.61,6.99,15.72,0.85,1
64.19,5.57,6.61,24.36,0.85,1
44.6,3.82,7.33,49.24,0.2,0
60.34,3.57,1.32,32.3,0.85,0
14.55,4.51,18.33,28.76,0.2,0
32.34,3.67,7.66,18.93,0.2,1
71.35,6.6,12.95,41.3,1.0,1
40.95,7.51,4.76,12.01,1.0,1
54.37,2.82,1.28,30.23,0.85,1
42.57,7.72,12.81,58.86,0.2,0
51.77,5.77,17.55,12.43,0.85,0
26.04,3.98,9.97,55.12,0.5,0
59.95,8.44,4.31,10.11,0.3,0
61.43,3.06,12.14,36.44,0.85,0
33.18,2.19,19.75,11.84,1.0,0
37.43,2.98,21.68,33.22,0.2,0
32.15,3.48,9.27,37.23,0.85,1
50.41,8.27,15.66,4.65,1.0,0
55.47,12.5,13.33,4.87,0.3,0
57.44,8.06,7.12,10.35,1.0,1
41.85,4.79,7.68,31.96,0.2,1
41.26,1.34,7.74,18.49,0.85,0
24.31,3.16,2.03,37.63,0.5,0
53.79,11.33,11.33,79.48,0.5,0
46.8,7.27,9.87,62.81,0.85,0
42.2,1.28,13.36,8.93,0.5,0
45.68,0.93,6.66,27.71,0.2,0
43.37,7.1,2.11,20.92,0.85,1
65.86,9.24,9.71,32.9,0.5,0
40.47,2.54,14.88,24.23,0.85,0
36.98,3.08,15.32,3.14,1.0,1
51.87,7.91,14.32,22.66,1.0,1
45.76,3.98,9.84,49.89,0.85,0
45.38,4.29,12.83,3.98,0.2,1
45.86,4.17,3.52,31.18,0.5,1
53.86,5.06,4.69,3.69,1.0,1
53.44,5.64,22.32,46.04,0.85,0
60.31,11.83,7.76,54.49,0.3,0
34.92,3.8,7.6,28.42,0.85,1
32.22,4.28,2.71,9.87,1.0,1
55.83,2.39,8.24,3.11,0.2,1
42.12,5.03,11.45,16.92,0.85,1
37.13,8.23,12.99,12.02,1.0,0
65.03,3.06,7.2,9.14,0.85,1
49.76,2.81,20.65,16.66,1.0,0
59.64,7.84,8.42,5.95,0.2,0
53.03,5.62,8.78,19.57,0.2,1
54.67,2.82,11.46,54.95,0.5,0
62.25,5.18,3.55,81.39,0.5,0
55.15,2.67,11.61,31.46,0.85,1
46.8,3.9,7.08,16.92,1.0,0
52.47,4.11,1.53,4.91,1.0,1
62.84,7.78,13.83,29.3,0.2,0
36.42,6.39,19.5,34.09,0.85,0
45.03,8.03,10.08,57.04,0.2,0
42.12,3.86,7.07,48.88,0.85,0
44.26,6.07,12.13,19.97,0.5,0
32.44,1.62,17.7,7.93,1.0,0
54.06,2.76,6.41,14.64,0.85,1
19.01,2.16,9.87,23.35,0.5,0
47.27,7.17,5.37,39.07,0.2,1
61.26,10.76,11.17,12.24,0.85,0
53.27,4.21,14.1,24.09,1.0,1
30.23,6.31,4.98,13.39,0.85,1
44.78,6.23,9.78,26.53,0.3,0
38.88,10.22,4.46,42.47,0.2,0
49.72,3.9,8.6,37.97,0.2,1
51.69,4.95,11.75,3.9,0.85,1
26.37,2.81,1.66,7.42,1.0,0
44.97,2.29,13.04,35.04,0.5,1
53.36,6.75,6.98,38.07,0.3,1
58.36,3.16,9.89,65.07,0.85,0
64.48,3.26,8.47,11.67,0.2,1
51.32,5.98,13.83,19.37,0.5,1
42.47,4.07,13.04,3.57,1.0,1
47.78,6.83,1.0,32.41,0.3,1
61.42,6.9,3.95,46.08,0.2,0
62.27,5.21,5.35,22.66,0.2,1
50.27,4.89,9.17,16.48,0.5,1
45.87,10.65,6.22,16.23,0.85,0
34.39,4.39,3.48,7.5,0.5,1
49.09,7.05,2.84,38.86,0.85,1
63.5,2.67,7.4,55.31,1.0,0
57.55,4.83,7.48,27.37,0.85,1
46.76,7.08,11.72,8.82,0.85,1
66.99,2.88,3.87,3.25,0.85,1
46.78,4.53,7.4,38.74,0.2,1
42.78,4.75,6.41,6.46,1.0,1
51.34,2.99,8.69,59.37,0.3,0
48.04,3.27,14.77,44.46,1.0,0
58.58,2.63,6.7,22.39,0.5,1
33.65,1.21,27.05,10.7,0.3,0
19.12,2.7,19.97,16.9,0.85,0
25.67,5.18,5.11,50.29,0.85,0
53.53,3.34,9.19,4.01,0.2,1
42.58,4.56,18.05,3.39,1.0,0
50.59,4.92,12.47,23.33,0.5,1
45.09,4.17,16.47,18.88,0.2,0
51.39,7.02,14.32,44.7,1.0,0
38.48,12.5,10.81,8.21,0.5,0
53.77,2.72,11.43,30.26,0.2,1
48.32,7.77,5.62,50.64,1.0,0
38.06,3.0,4.57,30.19,0.2,1
54.66,5.74,10.03,57.32,0.85,0
40.71,2.16,2.88,27.62,0.2,1
37.35,5.52,5.55,5.65,1.0,1
39.19,3.77,10.61,14.62,0.85,1
28.78,3.72,3.05,4.44,1.0,1
55.33,5.18,10.95,71.37,0.2,0
36.31,2.55,9.46,35.46,0.5,1
62.47,2.54,3.81,20.21,0.5,1
61.0,3.86,8.96,45.45,0.2,0
23.65,7.67,12.45,24.28,1.0,0
40.83,3.91,9.99,22.68,0.3,1
57.14,12.5,16.89,34.2,0.85,0
50.8,12.5,20.14,56.6,0.5,0
45.51,4.51,7.08,50.14,0.85,0
39.69,10.45,5.65,31.42,1.0,0
53.34,2.77,7.65,7.2,0.2,1
39.52,4.8,8.41,17.99,1.0,1
65.57,5.3,4.57,47.06,0.2,0
56.05,6.39,13.03,15.37,0.3,0
53.71,1.93,18.13,42.3,0.2,0
45.91,5.12,8.63,4.95,1.0,1
36.45,8.88,2.22,24.29,0.85,0
42.02,1.14,24.27,31.83,0.5,0
33.48,2.88,6.82,1.44,0.2,1
45.64,8.99,5.07,19.03,1.0,0
49.81,3.3,7.28,34.92,0.85,1
52.75,5.02,8.4,46.99,0.3,0
37.33,5.84,6.19,13.0,0.85,1
35.53,2.88,8.09,16.86,0.2,1
50.53,2.32,18.86,11.17,0.2,0
55.37,4.16,10.94,44.19,0.5,0
66.74,8.09,6.51,36.3,0.85,1
58.9,5.14,1.0,20.19,1.0,1
52.84,2.35,10.66,0.9,1.0,1
27.73,7.08,7.58,12.14,0.2,0
24.63,2.43,8.5,82.04,1.0,0
36.45,5.76,16.43,12.31,0.2,0
29.7,4.29,8.23,23.88,0.85,1
61.51,3.63,3.84,23.22,0.85,1
38.69,4.04,9.58,51.34,0.85,0
33.33,4.36,12.3,18.15,0.85,1
36.25,4.58,6.21,50.03,0.2,0
59.29,5.3,5.49,33.33,0.5,0
58.48,7.65,7.21,40.77,0.85,1
32.11,11.19,7.5,10.58,0.2,0
50.15,4.67,4.54,0.78,0.2,1
62.43,7.21,11.05,39.17,1.0,1
51.02,4.97,13.67,14.03,0.5,1
48.56,3.91,10.78,4.06,0.85,1
58.3,5.45,9.02,31.81,0.5,1
32.11,1.92,10.06,71.85,0.85,0
54.06,2.66,9.17,7.78,0.5,1
20.56,2.24,8.46,19.06,0.85,0
40.25,5.28,1.53,15.47,1.0,1
38.5,1.34,9.57,42.44,0.5,0
36.68,2.09,2.66,34.08,0.5,1
39.13,1.56,9.66,87.94,0.2,0
46.92,4.72,8.92,11.1,0.2,1
36.62,3.59,15.84,25.76,0.3,0
24.29,4.06,7.73,25.1,0.5,0
45.6,5.76,20.47,27.14,1.0,0
65.22,4.47,8.38,40.42,0.85,1
54.21,3.81,20.11,4.04,0.3,0
61.5,1.32,4.12,28.39,1.0,0
67.91,5.77,16.5,59.38,0.85,0
21.27,1.25,13.83,8.66,0.5,0
52.9,5.16,5.4,20.62,1.0,1
44.03,12.5,28.57,13.32,0.5,0
46.81,6.29,5.66,15.62,1.0,0
37.4,3.16,8.93,8.55,0.5,1
67.4,7.49,12.67,27.21,0.85,0
35.95,12.14,1.0,25.23,0.5,0
46.16,8.15,6.87,17.58,0.2,1
51.04,9.54,10.01,49.37,0.2,0
29.3,2.76,10.39,31.32,0.2,1
41.06,3.64,13.48,56.19,0.5,0
65.86,6.79,9.6,24.11,0.85,1
63.4,4.41,25.67,35.46,0.2,0
56.92,2.63,11.33,45.02,0.2,0
61.98,6.34,11.28,17.93,0.85,1
29.73,6.78,8.16,38.0,0.85,1
34.94,3.91,8.44,63.11,0.2,0
39.78,2.39,8.86,21.41,1.0,1
21.91,3.54,21.05,5.68,0.2,0
37.03,3.71,10.18,45.55,0.2,0
53.36,4.99,2.21,47.99,0.2,0
65.08,2.14,11.47,7.12,0.2,1
40.61,4.21,4.32,27.11,0.2,1
22.08,3.39,7.83,35.04,0.5,0
42.68,6.38,3.01,16.57,0.85,1
34.07,12.5,4.1,33.56,0.3,0
49.39,5.14,13.31,42.15,0.85,0
36.61,4.51,7.12,27.14,1.0,1
43.23,5.71,2.06,9.43,0.85,1
52.29,6.88,12.65,15.91,1.0,1
47.68,0.8,1.0,32.82,0.85,0
31.07,4.49,14.49,16.79,0.85,1
43.42,7.32,9.83,29.54,0.5,1
39.65,1.66,15.85,22.76,1.0,0
33.3,5.12,5.92,61.69,0.2,0
49.64,7.7,4.33,52.65,0.85,0
49.56,11.93,2.5,5.97,0.3,0
38.24,5.41,12.19,21.32,0.2,1
23.34,6.36,17.92,14.34,0.5,0
57.66,6.02,12.2,5.78,0.2,1
34.2,1.92,10.66,25.26,0.85,1
25.22,12.5,1.0,4.94,0.85,0
65.58,5.66,7.06,13.86,0.2,1
59.38,4.12,19.72,10.0,0.85,0
60.4,8.98,9.65,22.89,1.0,0
44.32,3.02,5.7,13.44,0.5,1
67.93,6.09,3.53,0.58,0.2,1
46.23,3.91,7.47,62.54,0.85,0
47.36,2.95,3.87,21.46,0.85,0
46.54,4.74,20.89,13.79,0.3,0
49.57,5.12,15.41,12.31,0.3,1
28.14,4.42,8.61,1.57,0.2,1
43.77,12.5,25.81,29.11,0.2,0
40.11,5.1,4.02,19.8,0.3,1
37.67,3.81,4.21,26.32,0.85,1
35.04,5.03,4.17,20.2,0.2,1
55.42,6.82,3.83,15.74,0.2,1
48.32,5.89,8.87,31.87,1.0,1
42.93,10.42,13.7,35.47,1.0,0
43.82,5.43,11.17,48.6,0.2,0
38.09,1.05,7.86,81.13,0.5,0
32.88,5.13,1.55,28.48,0.85,0
45.99,5.16,6.8,1.7,0.85,1
33.27,7.9,5.84,18.09,1.0,0
48.96,1.3,5.25,16.22,0.2,0
48.02,6.23,7.47,44.43,0.3,0
56.62,7.3,11.98,7.51,0.2,0
40.14,5.18,13.06,6.76,0.85,1
63.35,6.96,4.61,1.03,0.2,1
65.4,2.68,10.73,45.81,0.5,0
43.06,7.54,6.52,0.8,0.5,0
40.37,2.41,5.31,11.13,1.0,1
57.34,3.3,29.59,15.67,1.0,0
50.46,6.62,2.41,39.79,0.85,0
36.43,12.5,15.79,11.86,0.85,0
54.56,11.43,7.56,13.12,0.5,0
49.31,5.69,19.66,41.44,0.5,0
43.8,1.7,4.74,7.57,1.0,0
35.08,3.37,28.34,52.14,1.0,0
26.52,3.97,13.26,34.97,0.85,0
49.44,0.81,9.9,12.84,1.0,0
56.9,2.38,13.38,19.73,0.2,1
49.11,7.66,12.88,13.01,0.3,1
65.0,11.03,6.77,24.69,1.0,0
42.68,8.33,19.1,28.04,0.5,0
43.05,3.49,19.39,20.74,1.0,0
50.54,6.79,5.83,0.02,0.3,1
58.04,4.66,5.61,4.33,0.2,1
46.69,2.37,15.98,10.72,0.85,1
61.41,5.54,6.28,6.85,0.2,1
51.04,6.46,18.28,11.07,1.0,0
31.78,2.67,11.49,37.81,0.85,0
48.1,1.95,21.54,74.51,1.0,0
48.45,3.54,14.76,76.61,0.3,0
25.76,9.01,15.44,15.48,1.0,0
59.54,7.12,2.73,20.67,0.2,1
50.99,3.68,8.96,18.52,1.0,1
54.8,2.82,7.66,12.96,0.2,1
59.26,4.64,13.9,36.55,0.2,1
16.59,2.29,6.51,2.54,0.3,0
37.01,5.22,11.77,47.98,1.0,0
65.79,4.25,12.05,6.96,1.0,1
25.99,0.8,6.29,6.27,0.3,0
43.2,3.8,9.98,40.24,0.85,1
58.44,0.83,12.26,37.89,0.85,0
34.4,5.42,11.1,6.13,0.3,1
37.3,2.18,6.6,55.51,0.3,0
39.13,1.51,5.84,70.14,0.85,0
32.49,4.04,6.32,28.77,0.2,1
52.29,3.83,2.2,25.51,0.85,1
48.72,5.51,11.11,23.73,0.3,1
43.48,2.24,12.62,14.62,1.0,1
45.86,9.58,2.01,31.89,1.0,0
52.04,6.91,22.45,29.99,0.2,0
39.96,9.78,14.02,3.54,0.85,0
27.18,4.16,12.43,15.65,0.2,0
43.46,2.63,15.27,20.51,1.0,1
43.89,11.04,16.97,17.03,0.2,0
34.7,6.84,6.11,30.49,0.2,1
40.53,3.98,8.72,73.01,0.2,0
29.77,4.54,11.14,9.39,0.2,1
55.04,3.56,16.81,2.39,0.2,0
57.43,7.8,12.57,9.89,0.2,1
52.56,5.76,11.27,13.05,0.2,1
63.09,6.17,9.56,32.78,0.85,1
52.08,2.49,6.46,38.48,0.85,1
57.88,4.31,12.48,4.59,1.0,1
50.92,5.16,8.3,4.14,0.2,1
60.38,1.61,3.25,39.6,0.2,0
32.67,5.71,14.48,7.54,1.0,1
44.21,4.89,11.73,9.61,0.5,1
64.51,7.44,8.89,37.53,0.2,1
61.85,8.13,16.88,77.43,0.2,0
39.87,12.39,12.71,43.14,0.85,0
36.18,5.08,10.25,50.35,1.0,0
27.37,3.8,13.47,13.94,1.0,0
35.35,2.25,16.12,29.29,0.5,0
39.94,2.0,10.32,10.97,0.5,1
29.88,4.51,16.56,55.35,0.85,0
62.65,1.89,11.66,7.74,0.2,1
37.23,2.11,9.92,36.13,0.5,1
63.99,4.6,8.24,12.57,0.85,1
33.9,3.63,3.96,30.32,0.85,1
63.81,2.62,1.13,15.45,1.0,1
36.4,3.78,5.06,18.64,0.3,1
47.61,7.04,4.67,59.23,0.85,0
43.3,5.77,5.16,30.56,1.0,1
37.1,7.96,6.94,51.45,0.3,0
41.23,4.17,8.43,1.22,1.0,1
33.37,3.56,15.16,15.85,0.5,1
42.45,5.0,7.16,46.26,0.85,0
53.87,2.14,5.27,12.1,1.0,1
56.34,3.98,25.32,65.18,0.85,0
40.65,3.74,30.21,17.17,0.85,0
50.0,12.5,13.48,66.79,0.5,0
39.22,8.78,7.12,65.46,0.85,0
35.62,6.56,7.64,19.32,0.5,0
53.56,5.88,4.48,66.68,1.0,0
41.5,10.51,5.69,32.71,0.3,0
25.94,5.85,11.73,18.16,0.85,0
64.27,2.9,10.24,24.93,0.3,1
47.89,2.77,8.41,27.66,0.3,1
43.3,7.14,10.8,29.72,0.5,1
19.86,6.45,8.74,36.49,0.5,0
45.02,5.84,20.72,4.8,0.2,0
36.6,8.15,15.88,48.54,0.5,0
45.36,7.91,13.41,22.99,0.2,1
39.0,1.41,3.17,19.39,0.5,0
54.8,4.23,8.59,21.07,0.85,1
49.28,6.17,10.69,58.26,1.0,0
27.58,9.24,2.93,19.99,0.5,0
46.71,6.69,17.99,1.48,0.3,0
62.48,7.19,5.01,46.26,0.2,0
20.16,2.34,1.0,37.37,0.85,0
48.43,1.77,7.77,40.44,0.85,0
46.52,5.69,3.58,40.93,0.5,1
27.87,3.53,12.73,34.49,0.85,0
55.81,6.26,15.55,12.33,1.0,1
32.36,3.14,8.05,23.99,0.85,1
33.42,3.47,22.46,12.1,0.5,0
45.46,7.08,9.18,34.86,0.85,1
44.09,4.75,9.36,59.41,0.85,0
60.29,2.3,13.88,13.14,1.0,1
48.75,3.04,4.37,8.97,0.2,1
45.73,4.36,4.7,30.7,1.0,1
48.61,6.55,15.07,16.26,1.0,1
38.0,4.53,2.08,16.03,0.3,1
50.04,6.14,5.69,11.8,0.85,1
56.26,4.04,10.48,48.11,0.85,0
36.08,8.84,10.86,29.45,0.85,0
38.66,4.31,11.47,4.57,1.0,1
56.79,3.39,18.58,19.25,0.85,0
35.8,10.03,3.7,39.7,0.5,0
53.74,4.77,7.49,7.56,0.85,1
41.34,6.09,5.08,14.64,0.85,1
54.28,3.37,14.76,19.99,0.85,1
46.81,5.99,4.79,8.15,0.85,1
44.69,6.53,12.11,6.49,0.2,1
52.98,2.91,29.0,40.46,0.85,0
25.82,7.4,7.57,24.48,1.0,0
43.89,4.46,8.52,82.36,0.2,0
31.83,7.4,7.83,26.66,0.85,1
50.51,3.1,9.61,2.79,0.5,1
27.86,3.49,8.23,26.45,0.2,0
53.48,5.18,12.78,73.6,1.0,0
39.95,2.76,1.0,6.25,0.5,1
39.21,5.28,8.55,31.38,0.85,1
26.99,5.73,10.09,24.48,0.2,0
30.95,5.18,1.6,68.01,0.2,0
38.63,4.99,3.3,3.5,0.2,1
51.97,2.43,7.25,5.14,0.2,1
59.74,1.94,6.78,22.27,0.5,0
44.39,4.61,18.43,46.86,0.85,0
26.49,1.5,1.0,62.66,0.5,0
53.29,1.33,14.76,59.41,0.85,0
35.08,3.46,2.21,8.35,1.0,1
45.38,2.73,15.38,10.93,0.5,1
56.19,5.84,8.08,58.22,0.3,0
56.57,4.61,11.16,22.05,0.85,1
29.45,5.71,4.46,25.34,0.85,0
29.69,7.34,14.29,31.94,0.85,1
57.74,8.9,8.79,1.75,0.85,0
49.76,6.89,2.04,7.94,0.85,1
53.81,5.11,14.3,30.37,1.0,1
38.72,2.6,13.0,20.69,0.85,1
30.18,8.5,13.53,22.32,1.0,0
39.98,2.29,8.59,14.5,0.2,0
63.75,7.44,1.18,11.67,0.2,0
42.8,9.4,16.53,62.97,1.0,0
63.51,5.91,11.04,70.86,0.5,0
41.64,2.64,17.04,52.61,0.5,0
64.92,3.61,5.02,43.2,0.5,0
52.1,5.37,12.11,10.92,0.5,1
50.87,3.02,19.99,24.28,0.5,0
30.03,1.19,28.66,1.82,0.85,0
39.92,5.07,6.51,31.04,1.0,1
37.02,5.86,11.41,44.13,0.5,0
50.46,6.16,7.74,14.48,0.2,1
44.93,3.58,21.84,50.93,0.85,0
51.31,4.75,7.11,66.41,0.85,0
30.74,5.23,6.8,47.2,0.3,0
45.79,1.72,1.37,58.36,0.2,0
43.73,3.5,6.94,39.91,0.2,0
60.43,4.92,6.31,5.41,0.2,1
45.24,5.82,3.66,10.46,0.2,1
51.73,9.85,1.71,5.43,0.5,0
63.75,5.57,1.1,23.32,0.5,1
24.18,2.23,7.28,7.3,0.2,0
47.05,2.88,7.25,11.09,0.3,1
42.46,7.67,6.09,43.18,0.85,0
34.84,11.73,8.46,62.9,0.85,0
54.54,2.55,18.57,29.11,0.2,0
67.91,3.43,6.16,1.06,0.5,1
42.65,12.0,13.81,28.24,0.2,0
52.53,10.5,1.88,18.56,0.2,0
61.74,6.46,18.98,5.42,0.5,0
37.99,3.47,6.47,26.96,0.85,1
29.7,2.48,6.93,47.38,0.2,0
64.31,3.32,8.2,80.41,0.2,0
44.5,3.84,5.9,3.96,1.0,1
47.74,3.94,17.44,53.44,0.5,0
58.47,1.7,2.07,14.01,0.2,0
34.66,2.78,2.56,1.39,1.0,1
37.8,5.0,7.4,18.4,0.3,1
51.48,3.4,4.24,11.87,1.0,1
31.92,2.18,13.25,20.18,0.5,0
58.88,2.6,5.29,29.36,0.3,0
39.66,4.2,5.99,8.58,0.85,1
32.62,1.91,5.62,15.6,1.0,1
56.78,9.08,17.46,18.75,1.0,0
49.74,1.99,14.93,37.13,0.5,1
48.54,6.73,9.55,45.52,1.0,0
33.73,11.63,1.0,58.06,0.5,0
56.44,2.13,6.59,41.59,0.2,1
53.24,2.42,8.65,8.51,0.85,1
27.34,4.24,9.27,32.79,1.0,0
56.38,3.62,5.46,7.43,1.0,1
32.19,7.79,11.02,35.47,0.85,0
38.44,4.07,4.65,7.76,0.3,1
60.59,2.74,8.61,28.19,0.85,1
40.59,6.96,7.36,25.54,1.0,1
45.05,3.85,6.91,28.59,0.85,1
60.75,2.7,7.24,36.01,0.5,1
65.03,2.98,8.22,7.84,0.5,1
50.32,2.08,5.44,4.46,0.2,1
61.72,1.15,5.47,14.2,0.2,0
55.56,2.21,4.87,59.19,0.85,0
63.99,4.13,11.57,30.85,0.2,1
47.42,3.8,5.58,8.67,0.5,1
37.76,1.8,1.45,20.12,0.85,0
29.2,2.78,8.07,31.37,0.3,1
35.56,6.47,8.9,6.24,0.5,1
31.61,6.18,20.82,27.86,0.85,0
62.59,4.84,10.98,47.22,0.85,0
35.41,2.34,3.26,27.11,0.2,1
40.15,7.75,8.27,12.75,0.5,1
48.16,4.25,13.17,29.18,0.2,1
46.75,2.96,15.05,24.03,0.2,1
67.73,2.4,10.88,9.09,1.0,1
47.38,6.79,17.33,87.0,0.3,0
39.47,0.8,9.46,67.73,0.2,0
33.67,5.43,7.31,79.25,0.5,0
35.94,3.51,8.78,19.81,1.0,1
40.64,8.3,2.04,37.78,0.5,0
48.49,12.5,1.0,12.48,0.5,0
24.26,2.98,10.53,58.09,1.0,0
49.17,7.81,5.2,2.71,0.5,1
26.23,5.58,7.76,58.22,0.85,0
48.76,5.26,11.96,19.56,0.2,1
45.94,1.82,7.31,13.5,1.0,1
41.8,3.35,11.55,27.68,0.5,1
51.97,7.64,7.93,50.29,0.5,0
29.27,8.85,1.57,14.42,0.85,0
36.54,10.38,15.49,36.02,0.85,0
33.62,3.36,13.98,5.51,0.85,1
25.81,6.08,10.66,7.26,0.2,0
41.12,3.44,8.9,10.47,1.0,1
36.1,5.02,3.1,5.51,0.2,1
42.34,6.03,11.7,32.3,0.2,1
21.78,3.52,1.0,16.46,1.0,0
38.26,6.3,6.91,26.95,0.2,1
48.88,4.12,9.37,67.0,0.5,0
46.26,4.49,12.63,14.9,0.2,1
64.9,1.84,7.1,24.89,0.2,0
53.95,3.25,10.55,20.58,0.85,0
60.02,3.28,2.43,68.06,0.2,0
51.11,12.5,12.42,28.76,0.85,0
61.15,2.85,4.76,12.78,0.2,1
59.72,4.44,1.0,59.04,0.2,0
31.85,2.89,11.25,9.88,0.2,1
45.7,4.13,2.39,14.5,0.85,1
56.11,4.97,8.28,2.05,0.5,1
55.68,2.54,15.95,42.09,0.2,0
45.41,7.37,7.09,19.67,1.0,1
59.73,2.62,11.39,62.44,1.0,0
38.33,1.68,17.1,8.84,0.85,0
31.1,4.74,12.84,5.8,0.2,1
48.1,11.88,9.31,7.25,1.0,0
53.92,1.35,7.39,43.88,0.2,0
62.84,2.01,17.53,14.71,1.0,0
33.03,7.06,5.53,22.55,0.3,1
52.38,2.85,9.95,32.96,0.85,0
52.36,5.14,15.41,9.93,0.85,1
29.62,8.04,5.17,1.62,1.0,1
38.94,6.81,8.28,19.18,0.2,0
62.46,4.95,14.23,19.81,0.5,1
58.84,5.0,8.74,2.78,0.85,1
54.7,4.94,9.14,20.37,0.5,1
45.32,5.42,8.54,3.51,0.2,1
40.43,9.1,8.4,12.68,1.0,0
39.27,2.29,20.28,9.97,0.3,0
51.73,2.09,14.13,39.63,0.3,1
57.54,6.3,11.36,24.92,0.85,1
51.03,3.09,10.41,67.22,1.0,0
48.47,1.77,1.7,33.9,0.5,0
36.89,10.13,13.75,42.12,1.0,0
52.48,5.25,8.99,54.37,0.5,0
26.75,10.77,29.2,12.42,1.0,0
43.28,6.73,9.25,18.46,0.5,1
20.86,3.91,11.81,5.6,1.0,0
61.83,4.66,15.14,16.14,0.2,1
31.85,7.73,4.57,54.18,0.85,0
56.66,1.74,9.73,17.53,0.85,0
31.58,7.99,23.21,22.97,0.85,0
39.65,4.49,5.53,15.86,0.5,1
37.41,4.11,22.05,28.19,0.5,0
25.91,12.5,15.73,13.05,1.0,0
37.72,9.14,14.33,14.22,0.5,0
41.12,2.78,3.97,32.63,1.0,1
50.93,5.5,3.76,10.86,0.85,1
62.34,2.54,15.26,11.78,0.2,1
25.8,6.04,10.99,7.18,0.3,0
36.55,12.12,9.59,55.08,0.85,0
33.7,10.08,19.79,38.41,0.85,0
27.05,5.9,3.99,23.46,0.2,0
50.72,5.54,19.91,1.25,1.0,0
57.75,4.3,9.72,9.14,0.5,1
44.97,12.5,3.92,31.75,0.5,0
34.85,7.33,8.08,15.01,0.85,0
39.58,3.64,13.41,44.85,1.0,0
29.15,4.98,3.0,0.47,0.5,1
26.96,5.12,18.45,24.38,0.85,0
45.83,2.89,5.26,6.98,1.0,1
30.86,5.13,1.0,49.3,0.3,0
46.7,6.3,12.09,10.72,1.0,1
27.11,2.61,8.15,4.4,0.2,0
40.74,8.16,5.96,6.09,0.2,1
58.7,3.18,9.67,13.17,1.0,1
37.08,3.66,5.49,40.09,0.85,1
45.97,3.13,1.0,13.43,0.5,1
55.11,2.78,8.34,33.76,0.2,1
38.8,8.92,8.56,25.13,0.85,0
46.89,9.76,5.09,56.34,0.85,0
35.5,3.35,7.63,0.14,0.3,1
65.6,8.4,13.3,5.03,1.0,0
43.37,1.86,19.25,67.28,0.5,0
34.63,3.99,12.85,24.47,1.0,1
42.41,2.21,7.42,29.14,0.2,0
32.7,12.5,7.39,43.33,0.85,0
34.81,9.07,3.09,10.36,1.0,0
34.22,1.58,3.49,31.87,1.0,0
41.04,2.9,18.14,31.61,0.5,0
29.32,4.05,19.46,23.31,0.3,0
33.15,4.55,10.1,27.6,0.2,1
36.52,2.09,5.07,33.23,0.2,0
33.12,6.98,10.98,3.26,0.2,1
32.82,8.38,10.35,46.75,1.0,0
32.62,5.68,16.21,27.69,0.5,0
33.44,5.46,8.32,29.49,1.0,1
50.13,3.14,4.53,34.66,0.2,1
52.65,3.93,7.51,8.41,0.85,1
68.2,5.31,6.52,25.76,0.2,0
34.86,5.62,3.95,31.86,0.2,0
49.5,4.73,2.23,19.92,0.5,1
53.23,7.98,5.84,24.58,0.5,1
54.15,6.27,7.08,24.2,0.5,0
36.06,8.45,18.92,27.26,0.2,0
24.22,5.03,6.13,16.1,0.3,0
35.65,5.01,14.26,3.67,0.3,0
43.05,7.59,12.91,23.19,1.0,1
39.81,2.61,8.14,30.95,1.0,1
33.9,12.5,9.41,26.47,0.85,0
58.35,3.13,8.61,7.98,0.2,1
59.0,2.93,9.64,0.28,0.3,1
53.17,8.19,9.08,19.13,0.5,1
41.92,6.49,8.29,64.17,0.85,0
33.21,7.03,14.49,26.49,0.5,0
53.07,5.1,11.16,1.48,0.5,1
33.54,2.7,7.36,56.9,0.85,0
57.13,10.97,9.95,20.01,0.85,0
36.21,8.01,5.79,59.88,0.2,0
46.75,3.38,1.0,47.16,0.2,0
55.03,7.63,15.91,27.45,0.85,1
50.0,3.55,13.24,11.6,0.85,1
40.59,3.84,1.57,32.29,0.85,0
49.51,4.02,3.12,10.79,1.0,1
52.48,3.2,14.3,38.61,0.85,1
45.91,5.05,12.72,0.51,1.0,1
48.15,8.04,5.9,18.24,0.3,1
37.48,6.13,3.83,22.55,1.0,1
48.04,7.0,3.99,31.15,1.0,1
47.26,5.54,14.46,18.88,1.0,1
63.04,1.29,18.99,21.19,0.2,0
41.22,12.5,10.45,23.42,0.85,0
49.44,8.8,6.16,34.15,0.2,0
43.54,5.69,23.21,9.28,0.85,0
65.24,2.49,6.4,20.22,0.2,0
61.02,6.85,12.12,16.75,0.85,0
45.75,4.83,18.46,34.11,0.85,0
28.76,5.38,12.79,28.18,0.85,1
41.65,7.95,18.24,16.82,1.0,0
43.28,5.98,5.45,13.49,1.0,0
39.6,9.73,6.8,12.74,0.85,0
20.61,3.75,11.77,15.59,0.85,0
56.09,1.79,8.82,2.51,1.0,0
63.32,4.72,4.53,21.52,1.0,1
38.6,3.82,13.24,11.03,1.0,1
23.84,6.36,6.79,35.1,0.3,0
53.74,2.93,17.44,18.87,0.2,0
27.8,3.76,12.87,44.14,0.5,0
55.44,6.49,6.69,42.4,0.85,0
44.69,4.21,8.78,12.71,0.2,1
55.67,8.28,19.52,1.95,1.0,0
42.08,2.96,10.25,37.07,0.2,1
45.94,2.38,13.3,19.42,0.5,0
53.86,6.9,20.84,19.6,1.0,0
65.89,2.15,13.77,48.41,0.5,0
48.72,1.45,1.9,15.14,0.2,0
45.79,2.36,5.6,48.44,1.0,0
33.22,8.62,5.91,5.22,1.0,0
64.22,3.43,9.38,7.22,0.5,1
30.85,3.88,7.05,24.66,0.2,1
41.65,7.17,10.72,23.1,1.0,1
40.53,7.96,18.48,14.06,0.5,0
45.24,7.26,12.97,17.09,0.85,1
31.68,6.89,1.0,23.74,0.2,1
40.49,3.3,20.05,53.71,1.0,0
21.44,5.15,4.54,18.18,0.2,0
38.18,2.13,6.93,22.26,0.2,1
58.02,4.01,2.49,25.48,0.3,1
63.76,1.65,4.39,1.45,1.0,0
27.58,8.28,19.72,9.6,0.3,0
38.42,3.88,10.38,19.34,0.2,1
46.14,5.06,5.27,18.76,0.5,1
49.27,3.57,4.59,15.55,0.3,1
44.67,8.84,15.9,38.71,1.0,0
32.54,2.03,3.6,6.88,0.2,1
49.46,2.49,6.86,0.57,1.0,1
54.2,5.0,7.49,30.22,1.0,1
34.86,5.14,2.66,1.38,1.0,1
57.95,8.33,7.75,55.26,0.85,0
66.73,5.57,13.96,14.71,0.85,0
47.83,5.12,13.88,24.94,1.0,1
40.67,3.12,4.65,72.03,0.85,0
36.01,8.86,13.37,0.2,0.5,0
27.55,4.37,5.85,7.42,0.85,0
59.31,3.24,12.65,0.43,0.5,1
35.29,2.97,12.29,72.95,0.5,0
23.93,5.08,15.4,47.36,0.85,0
65.07,1.96,25.1,5.06,0.2,0
50.83,2.06,3.08,4.49,0.85,1
40.9,2.06,5.58,20.88,0.85,1
29.66,11.41,10.8,43.01,1.0,0
56.46,9.95,9.63,17.24,0.3,0
45.42,2.82,15.22,4.15,0.85,1
27.59,5.65,3.18,9.81,0.85,0
52.01,7.02,8.8,19.02,0.2,1
56.61,6.06,6.88,21.02,0.2,1
38.97,2.35,2.63,14.98,0.85,0
44.22,3.07,13.1,17.06,0.5,1
34.91,5.6,8.54,46.8,0.3,0
45.55,2.02,2.52,2.87,0.5,1
48.73,8.55,1.0,49.05,0.2,0
47.86,2.31,1.38,0.8,0.5,1
55.47,5.27,7.49,15.14,0.85,1
48.7,7.57,17.75,81.71,0.2,0
27.38,8.06,5.55,37.47,0.2,0
45.86,8.12,3.73,5.71,0.85,1
55.14,3.15,10.18,25.17,0.2,1
54.54,3.37,8.59,1.91,0.85,1
67.87,5.86,12.35,9.78,0.5,1
62.92,6.89,7.18,0.31,0.85,1
33.79,6.72,5.34,33.98,0.3,0
36.32,7.15,13.17,25.07,0.3,1
58.52,6.28,8.88,20.69,0.3,1
50.31,5.68,15.12,18.51,0.2,0
43.54,3.31,1.75,77.04,1.0,0
36.7,5.77,3.24,10.89,0.5,1
45.28,10.75,7.37,32.37,1.0,0
56.32,4.09,6.6,24.65,0.2,1
23.06,3.87,2.06,23.48,0.3,0
56.74,6.58,5.8,5.44,0.2,1
35.49,2.31,8.7,13.1,0.85,1
55.67,5.24,12.35,4.22,1.0,1
26.86,8.36,5.42,15.61,0.5,0
52.15,5.27,14.5,34.07,1.0,0
29.53,5.25,15.75,51.89,1.0,0
48.23,1.21,5.63,34.18,0.2,0
49.52,4.14,7.62,23.37,0.5,1
46.24,2.69,21.6,11.2,0.2,0
48.67,2.2,10.6,14.48,0.2,1
36.64,4.56,7.91,43.6,0.2,0
54.98,6.88,11.58,19.94,0.85,1
55.43,4.37,7.5,9.78,1.0,1
39.23,7.69,26.24,43.05,0.3,0
28.16,6.82,1.61,10.13,0.85,1
38.13,3.42,3.81,5.49,0.2,1
44.43,3.69,13.69,31.63,0.2,1
49.09,1.46,14.67,26.89,0.2,0
22.86,12.5,9.48,9.85,0.3,0
52.68,2.81,6.13,2.73,0.85,1
31.63,5.35,12.37,46.15,0.2,0
55.62,4.49,4.48,1.48,0.5,1
37.31,10.45,5.34,17.01,0.5,0
62.86,5.75,14.1,36.71,0.85,1
24.26,4.83,12.11,7.23,0.85,0
60.11,9.18,9.6,2.9,0.85,0
57.35,5.35,4.35,0.75,0.5,1
25.54,2.98,15.47,55.2,1.0,0
62.36,6.4,2.6,22.75,1.0,1
57.76,2.14,11.44,3.35,0.85,1
54.05,2.73,13.17,15.28,0.3,0
63.67,3.8,6.07,11.11,0.2,1
64.67,2.38,13.67,18.24,0.5,1
45.8,4.04,1.47,17.01,0.5,1
50.33,0.89,19.18,18.5,0.2,0
49.11,5.28,7.31,9.43,0.3,1
51.99,6.21,15.36,23.24,0.85,1
40.9,3.51,6.46,25.15,0.85,1
52.86,1.69,12.33,9.78,0.2,0
33.27,4.75,9.98,8.62,0.85,1
53.8,6.81,8.25,51.21,1.0,0
32.07,2.02,26.25,9.36,0.5,0
60.53,12.5,14.27,53.74,0.2,0
53.55,5.37,3.67,12.76,1.0,1
46.34,6.98,22.86,25.9,0.3,0
51.02,12.5,8.54,3.2,0.2,0
28.45,6.0,11.08,13.97,0.3,1
39.51,2.92,3.48,13.6,0.3,1
58.93,3.29,24.98,8.08,0.85,0
56.52,8.14,8.64,28.12,0.85,1
61.75,7.42,8.41,32.22,0.2,1
64.52,8.22,6.2,25.54,0.2,0
50.63,6.6,7.39,9.26,0.5,1
41.18,6.1,13.51,24.96,1.0,1
36.09,1.05,3.02,33.61,0.3,0
53.13,7.1,5.9,3.52,0.2,1
34.87,5.91,6.79,33.15,1.0,1
27.09,2.55,5.52,2.43,0.2,0
42.24,3.3,4.98,15.28,0.2,1
57.77,7.64,31.81,5.38,0.2,0
33.54,12.5,14.74,8.53,0.5,0
53.71,8.4,5.05,6.56,0.3,0
42.07,10.95,17.31,51.66,0.2,0
65.74,1.92,7.49,12.31,0.2,0
57.24,8.68,2.76,26.69,0.3,0
46.84,7.27,10.4,18.38,1.0,0
43.3,5.72,9.42,33.29,0.85,1
48.7,3.68,8.38,18.95,0.2,1
36.44,6.23,4.51,9.4,1.0,1
34.83,7.85,13.42,5.27,0.2,1
45.59,4.99,9.25,42.76,0.85,0
43.2,3.2,14.87,32.48,0.2,1
57.17,10.06,4.66,8.63,0.3,0
46.31,4.18,22.83,39.55,0.2,0
35.99,5.83,11.71,22.21,0.2,1
33.89,1.31,8.82,23.6,0.5,0
40.9,3.03,13.31,12.32,0.5,1
51.99,8.78,10.43,27.02,0.85,0
59.95,8.42,7.9,21.51,0.3,0
49.93,6.2,13.79,24.94,0.2,1
48.89,1.45,6.71,48.42,0.5,0
47.02,3.29,1.45,11.29,0.2,1
48.85,12.49,14.13,40.65,0.3,0
54.95,5.06,6.2,4.75,0.3,0
43.8,7.68,10.63,28.91,0.85,1
37.42,3.22,17.2,7.29,1.0,0
53.02,4.94,5.64,26.38,0.5,1
23.08,3.25,17.23,20.61,0.5,0
59.85,3.96,4.48,8.29,0.5,1
36.98,2.93,5.5,51.21,0.5,0
39.46,4.38,9.86,7.61,0.2,1
53.28,4.5,9.46,41.6,0.2,1
42.0,7.19,16.78,25.71,1.0,0
61.32,1.66,5.33,31.65,0.85,0
63.27,2.26,21.04,32.71,0.2,0
49.85,4.98,10.2,16.99,0.5,1
57.03,2.44,10.95,15.79,0.85,1
44.24,2.61,1.01,2.02,0.5,1
38.77,10.8,28.63,21.05,0.3,0
48.72,6.94,6.85,81.42,0.3,0
62.0,4.39,8.75,25.12,0.3,1
41.57,3.13,1.96,13.58,0.5,1
39.31,11.24,8.59,35.43,0.5,0
61.79,2.0,2.97,9.67,0.85,1
38.02,8.17,21.67,19.97,0.85,0
58.95,11.62,15.44,14.87,0.85,0
48.53,5.0,12.49,24.05,0.85,1
47.4,6.02,9.54,14.57,0.2,1
59.88,6.21,14.12,83.04,0.85,0
24.89,7.13,4.38,1.84,0.2,0
54.13,5.61,3.46,9.47,0.3,1
59.53,5.95,1.21,3.61,1.0,1
32.29,3.08,8.98,10.8,1.0,1
49.42,1.41,11.96,55.31,0.3,0
45.58,7.89,6.52,12.55,0.85,1
33.92,2.32,1.38,24.71,0.2,1
39.36,10.37,2.5,3.14,0.3,0
68.46,4.54,4.11,2.43,0.5,1
18.93,12.5,8.25,4.25,0.2,0
57.79,5.92,7.99,30.37,0.5,1
53.17,3.81,3.79,69.96,0.85,0
44.94,6.86,14.66,7.19,0.3,1
26.9,12.31,11.25,54.68,0.85,0
40.64,5.18,8.46,36.82,0.85,1
22.52,5.04,12.73,32.6,0.85,0
30.31,4.81,21.86,13.27,0.2,0
44.59,3.77,2.31,32.9,0.5,1
57.48,5.64,27.53,51.43,0.85,0
45.62,6.1,24.09,60.9,0.85,0
48.02,12.5,3.77,1.31,0.85,0
26.59,3.81,17.48,29.57,0.85,0
26.78,11.09,12.79,26.48,1.0,0
43.17,6.31,4.9,47.25,0.85,0
56.51,6.9,14.48,16.81,1.0,1
54.53,3.5,3.82,19.32,1.0,1
41.09,4.58,3.97,37.97,0.85,1
62.57,4.1,4.12,25.94,0.3,1
40.08,7.26,12.24,31.07,0.2,1
53.54,2.77,1.22,22.35,1.0,1
48.89,2.68,9.12,17.8,0.5,1
51.26,1.2,8.0,5.2,0.85,0
57.04,6.92,4.39,22.01,1.0,1
40.1,2.29,2.79,8.6,0.85,1
57.05,4.91,6.95,14.65,0.85,1
46.43,1.18,6.63,23.53,0.85,0
30.34,2.06,22.51,16.38,0.2,0
38.82,4.99,4.72,16.91,1.0,1
51.56,4.82,8.88,44.89,0.2,0
46.0,3.6,8.84,47.74,1.0,0
25.02,6.13,8.83,48.81,0.5,0
20.27,3.47,20.12,15.61,0.3,0
34.02,7.79,7.11,19.95,0.5,1
43.44,8.78,2.92,38.28,0.5,0
28.86,9.06,2.79,0.01,0.85,0
36.04,4.96,15.73,23.6,0.3,1
24.34,6.74,10.04,21.01,0.5,0
39.64,4.95,4.88,9.26,1.0,1
43.48,6.32,15.84,81.32,0.85,0
26.89,5.09,13.7,75.73,0.2,0
41.45,5.38,7.23,13.66,1.0,1
35.28,10.64,9.21,30.97,0.85,0
61.7,1.47,11.08,21.58,0.2,0
54.26,5.51,5.24,17.15,0.85,1
61.28,5.49,11.25,5.65,1.0,1
57.16,3.41,10.56,63.06,0.2,0
36.46,6.63,7.27,10.67,0.2,1
54.08,4.81,10.55,30.39,0.2,1
42.35,3.65,6.11,64.32,0.85,0
65.49,5.35,9.96,9.24,0.2,1
46.41,10.97,10.15,21.87,0.5,0
57.09,12.5,24.14,22.27,0.5,0
53.21,4.37,3.37,57.34,0.2,0
33.33,4.11,2.66,10.66,1.0,1
48.85,4.78,6.05,55.08,0.85,0
52.87,1.81,6.27,33.09,0.5,0
58.35,4.5,21.65,4.63,0.2,0
48.67,1.43,31.71,37.57,0.2,0
58.76,1.43,12.58,28.68,0.2,0
43.89,3.02,3.86,20.24,0.3,0
45.22,6.34,10.01,10.48,0.5,1
65.96,2.76,16.52,39.06,0.2,0
36.51,5.72,8.45,51.51,0.85,0
50.55,4.13,9.65,25.75,0.2,0
17.32,3.44,10.31,1.79,0.3,0
40.61,8.0,11.54,21.68,0.2,1
57.42,5.18,10.94,15.91,0.3,1
56.34,6.17,9.07,29.0,0.5,1
38.27,4.11,6.92,18.8,0.2,0
21.42,7.42,7.25,61.06,0.85,0
34.56,2.42,6.59,35.15,0.2,0
56.37,8.98,13.82,16.77,0.3,0
44.63,0.97,8.53,8.87,1.0,0
63.8,1.08,3.24,6.49,0.3,0
53.84,3.62,5.99,4.21,0.85,1
67.26,4.08,4.61,41.92,0.3,0
32.69,4.0,2.86,41.47,0.85,1
24.69,2.77,6.37,31.16,0.3,0
41.63,11.31,1.83,61.28,0.3,0
52.7,4.66,6.93,3.26,1.0,1
37.91,9.08,1.0,21.26,0.3,0
53.82,1.53,10.77,23.9,0.5,0
37.92,2.85,6.89,1.4,1.0,1
64.89,2.42,1.0,63.45,0.2,0
40.73,1.34,14.69,25.8,0.2,0
44.09,5.43,3.0,9.68,0.5,1
47.79,3.55,7.75,29.82,0.85,1
37.85,2.03,1.05,29.71,1.0,1
45.11,3.01,15.85,0.8,0.85,1
28.37,6.8,5.67,46.11,0.5,0
36.18,9.96,12.5,29.51,0.85,0
50.55,3.62,4.53,5.06,0.3,1
33.27,3.23,20.65,42.91,0.2,0
42.72,3.76,14.78,28.19,0.3,1
33.66,3.12,2.29,21.39,0.85,1
34.73,3.25,3.11,60.45,1.0,0
39.59,10.49,3.79,36.69,0.2,0
44.93,6.98,9.16,35.91,0.5,1
41.92,7.57,19.66,25.98,1.0,0
46.13,2.74,10.37,25.75,0.2,0
54.78,6.76,5.59,30.57,0.85,1
29.39,4.23,8.57,17.6,0.85,1
56.61,2.51,5.07,26.59,0.3,1
36.3,12.5,19.97,17.32,0.5,0
29.89,6.01,17.59,30.36,0.85,0
35.91,10.34,20.61,15.9,0.85,0
43.6,8.45,22.53,20.59,1.0,0
45.14,1.45,3.29,32.7,0.5,0
38.72,2.78,20.69,51.19,0.5,0
40.6,6.75,10.77,36.65,0.2,1
58.43,3.99,5.91,17.7,0.85,1
50.45,6.07,8.92,42.25,0.2,0
47.52,8.32,2.89,29.59,0.3,0
25.31,1.41,5.79,13.97,0.5,0
46.7,5.81,11.44,54.39,0.5,0
18.18,3.53,5.92,1.33,0.3,0
45.36,7.15,6.67,40.35,0.2,1
51.06,9.07,12.01,22.98,0.5,0
27.07,4.65,6.48,24.02,0.2,0
35.32,4.32,1.58,13.48,0.3,1
42.29,6.0,10.24,10.67,1.0,1
64.41,7.08,17.42,17.15,0.85,0
34.51,12.5,14.88,48.9,1.0,0
63.54,1.11,7.11,6.35,1.0,0
31.0,12.22,4.48,8.17,0.5,0
38.67,8.57,3.77,8.3,0.85,0
42.71,10.27,6.67,30.82,0.85,0
45.62,4.61,3.77,2.32,0.5,1
36.23,3.86,11.27,9.61,0.2,1
22.64,1.61,22.78,68.94,0.5,0
52.17,3.25,2.45,18.06,0.2,1
49.31,6.78,7.1,41.87,0.2,1
57.79,3.21,25.24,3.24,1.0,0
58.76,5.14,1.29,35.6,0.85,1
29.96,6.27,2.17,47.84,0.85,0
34.15,7.25,7.1,7.19,0.85,1
41.82,12.5,6.84,9.91,0.85,0
32.16,5.09,13.85,35.75,0.5,1
64.28,7.0,7.52,56.19,0.5,0
41.19,4.06,7.28,8.01,0.85,1
42.23,2.52,10.77,48.67,0.3,0
60.02,3.46,12.42,40.89,0.2,1
59.11,4.47,31.1,50.53,0.85,0
66.36,6.25,7.52,17.01,0.2,1
58.84,12.34,8.35,2.23,1.0,0
28.31,4.85,2.75,14.07,1.0,1
61.88,3.68,7.36,7.4,1.0,1
57.79,3.67,3.47,22.99,0.2,1
55.23,5.78,10.59,36.73,0.5,1
51.81,5.7,11.37,37.37,0.3,0
53.54,5.46,16.04,23.84,0.2,0
35.88,4.59,3.18,1.97,0.85,0
27.29,7.44,7.63,74.08,0.85,0
49.67,1.33,8.96,34.27,0.3,0
38.47,6.73,11.25,37.14,0.3,1
57.54,3.86,22.68,10.26,0.85,0
44.42,6.1,1.88,55.21,1.0,0
45.89,6.63,13.96,13.2,0.85,1
43.9,3.63,3.35,2.91,1.0,1
40.7,12.5,8.18,31.36,0.85,0
42.56,2.76,6.75,61.67,1.0,0
52.31,9.68,14.12,2.22,0.2,0
32.53,4.57,12.89,9.14,0.5,1
57.43,8.06,16.02,47.97,0.85,0
54.61,1.69,16.09,64.69,1.0,0
44.5,6.46,7.03,9.67,1.0,1
46.12,4.78,9.45,38.46,0.5,0
26.46,6.78,3.15,35.64,0.85,0
54.42,6.76,7.78,5.61,0.5,1
46.86,7.74,11.13,45.54,0.3,0
48.82,9.58,20.26,27.34,0.2,0
57.61,10.97,6.52,21.48,0.3,0
51.39,1.99,16.44,32.03,0.85,0
48.73,1.56,14.24,2.13,0.2,0
43.43,3.8,9.22,7.97,1.0,1
42.83,5.54,3.18,8.3,0.85,1
56.65,3.89,16.82,40.64,1.0,0
56.76,8.12,3.22,2.36,0.2,1
52.21,10.44,29.17,0.52,0.3,0
47.37,7.5,10.74,39.63,0.5,0
40.82,2.16,11.86,75.07,0.85,0
58.39,9.74,8.2,31.03,1.0,0
19.91,3.53,6.06,0.05,0.2,0
61.19,1.18,8.83,36.47,0.2,0
40.74,2.45,14.93,9.88,0.5,1
58.52,8.04,10.4,78.22,0.2,0
30.3,6.85,2.58,54.91,0.85,0
53.5,4.96,10.62,40.49,0.2,1
51.0,4.08,2.4,51.36,0.85,0
28.58,2.29,2.34,17.08,0.85,1
48.54,3.75,10.85,39.5,0.5,0
44.67,1.95,2.58,7.79,0.5,1
32.49,6.83,12.02,38.19,0.3,0
51.59,7.95,12.91,3.67,0.85,1
38.99,7.02,3.28,9.09,0.3,1
36.47,8.32,9.45,15.04,0.2,0
50.42,5.4,20.69,4.53,1.0,0
36.17,8.12,6.25,46.42,0.85,0
39.81,0.8,5.87,38.26,0.3,0
50.84,4.68,8.18,13.69,0.2,1
43.59,6.92,14.84,8.64,1.0,0
35.34,3.48,11.46,50.56,0.85,0
22.4,4.5,8.2,40.87,1.0,0
39.51,4.57,11.36,52.29,1.0,0
38.89,5.08,11.97,33.13,0.2,1
49.53,2.88,1.0,35.58,1.0,1
37.51,4.58,9.22,22.58,0.5,1
37.8,7.94,3.19,34.14,1.0,1
46.18,2.25,5.2,32.33,0.85,1
32.0,2.98,15.75,32.95,0.2,1
49.41,4.84,11.86,7.56,0.5,1
53.42,6.84,8.62,6.03,0.3,1
65.93,2.26,7.99,11.87,1.0,1
54.55,3.42,6.09,5.98,1.0,1
67.89,10.86,7.9,32.32,1.0,0
49.25,5.16,4.12,19.2,0.85,1
55.69,6.6,9.85,23.78,0.2,1
29.1,8.36,8.35,44.51,0.85,0
44.68,5.18,15.62,36.86,0.85,1
52.4,2.31,5.73,22.54,0.3,1
47.61,4.29,26.32,27.63,0.2,0
39.52,6.83,18.56,12.12,0.3,0
38.71,7.21,9.78,2.63,0.85,1
55.26,3.54,11.51,20.89,1.0,1
53.34,3.33,20.98,24.66,1.0,0
43.9,3.32,6.35,21.48,0.3,1
49.86,7.25,1.75,24.94,0.2,1
35.99,3.71,5.77,58.35,1.0,0
63.75,1.39,2.8,26.61,1.0,0
55.82,4.07,13.93,16.6,0.2,1
52.38,6.75,5.97,34.14,0.85,1
45.84,8.08,3.73,15.38,0.85,0
44.33,3.47,23.09,32.65,0.2,0
48.94,4.8,1.38,40.39,0.2,1
51.32,4.66,24.51,2.59,0.3,0
52.07,4.32,11.47,58.96,0.85,0
43.58,4.3,9.55,3.73,0.85,1
38.23,1.42,11.16,19.45,0.5,0
57.0,6.27,19.67,25.15,0.5,0
30.79,8.2,3.07,4.62,0.2,0
30.77,4.38,11.48,35.27,0.2,1
58.8,2.65,8.33,27.82,0.85,1
45.96,5.99,15.5,26.64,0.85,1
27.13,12.3,8.15,18.91,0.3,0
54.08,5.88,7.73,14.18,0.5,1
27.56,5.34,19.01,52.09,0.5,0
36.65,2.79,14.28,3.7,1.0,0
41.42,1.5,5.1,33.12,0.2,0
42.33,4.56,8.52,5.44,1.0,1
19.57,5.9,12.38,22.14,0.5,0
49.78,9.67,5.33,63.56,1.0,0
32.98,5.22,12.67,10.79,0.3,1
33.68,1.74,14.43,9.07,0.2,0
48.88,2.82,14.1,1.37,0.85,1
51.79,5.44,2.92,49.31,0.2,0
51.66,5.43,6.88,25.83,0.3,1
43.51,7.15,25.61,19.8,0.5,0
56.26,3.06,13.11,29.64,0.85,1
22.84,9.83,14.29,17.44,0.85,0
43.97,6.2,12.01,56.72,0.85,0
48.13,3.0,16.47,9.09,1.0,0
49.11,4.21,12.61,34.26,0.2,0
50.78,2.32,10.15,46.68,0.2,0
60.78,7.11,11.02,13.74,0.5,0
51.39,8.75,8.77,38.45,0.2,0
47.15,11.54,3.77,46.25,0.2,0
54.52,4.72,5.14,2.44,0.2,1
51.81,5.57,3.61,2.86,0.5,1
46.36,5.3,13.88,2.27,1.0,1
30.34,8.48,8.3,6.18,0.2,0
56.3,3.22,7.37,6.65,1.0,1
57.51,4.22,5.57,41.12,0.85,1
44.62,5.7,3.77,24.06,1.0,1
46.05,8.21,7.91,37.17,0.85,0
39.04,9.34,6.4,21.36,0.85,0
26.76,7.77,4.76,38.19,1.0,0
50.23,4.43,5.4,37.22,0.2,1
49.78,6.59,16.4,28.55,0.85,0
24.73,4.93,6.68,20.42,0.2,0
63.76,3.69,16.46,10.69,0.2,0
21.83,5.28,16.91,16.38,0.85,0
31.72,12.5,10.6,47.54,0.85,0
37.66,3.18,16.89,6.86,0.2,0
16.27,3.4,18.55,30.11,0.5,0
31.17,4.73,5.13,51.32,0.5,0
50.28,8.05,15.57,72.18,1.0,0
34.62,1.72,21.72,23.99,0.5,0
55.56,7.33,9.26,25.09,0.5,1
57.94,3.61,16.67,23.72,0.2,0
28.23,7.03,10.71,26.81,0.2,0
59.3,5.74,15.15,31.73,0.3,1
34.3,4.15,5.11,71.95,0.85,0
31.93,2.17,4.87,45.57,0.85,0
50.8,8.21,14.9,4.94,0.3,0
34.43,4.65,12.92,14.54,0.85,1
37.31,4.13,16.89,22.57,0.85,0
52.36,3.28,1.49,13.88,0.2,1
46.06,6.01,10.84,58.86,0.2,0
39.6,8.09,8.12,15.42,1.0,1
27.3,4.95,6.74,50.79,1.0,0
49.1,3.28,15.88,8.76,0.5,1
23.26,9.13,6.49,24.2,1.0,0
64.53,2.67,7.29,2.61,1.0,1
46.29,4.5,5.38,36.56,0.3,0
26.86,8.51,22.44,6.96,0.5,0
60.94,4.3,11.0,5.44,0.2,1
37.02,2.08,12.7,10.22,0.2,1
41.13,5.53,23.79,2.41,1.0,0
44.02,9.26,9.72,44.27,0.5,0
34.66,3.64,8.58,8.57,0.85,1
41.48,3.91,8.59,21.89,0.85,0
43.98,8.16,12.61,1.31,0.85,1
45.72,0.8,17.84,36.56,0.85,0
39.91,9.39,13.75,3.13,0.3,0
41.19,3.47,9.34,5.38,0.85,1
32.35,1.78,5.69,36.97,0.5,0
47.13,4.39,15.36,56.16,0.5,0
45.8,6.79,15.12,47.17,0.2,0
14.99,4.15,5.1,27.13,0.5,0
56.21,2.47,11.95,24.31,0.3,1
53.4,8.09,9.78,4.19,0.85,1
52.96,4.57,5.06,13.59,0.5,1
56.67,1.61,6.09,11.91,0.5,0
50.42,1.72,12.75,36.65,0.3,0
25.11,6.02,20.25,3.81,1.0,0
34.79,2.09,11.28,33.07,0.85,0
60.53,11.64,22.56,31.87,0.5,0
50.67,5.19,9.64,56.99,0.85,0
37.03,3.06,15.84,13.7,0.5,1
38.59,3.01,22.61,40.88,0.85,0
45.48,5.07,1.56,38.87,0.85,1
41.21,10.26,1.92,0.31,1.0,0
32.29,3.44,5.53,52.75,0.5,0
60.67,4.25,5.96,2.52,0.2,1
53.94,5.93,9.8,20.44,1.0,1
45.21,4.29,8.97,13.34,0.85,1
51.87,2.05,15.26,7.96,0.2,1
32.31,5.09,9.75,20.49,0.85,1
52.05,3.39,5.87,20.05,0.3,1
48.24,4.16,5.07,11.45,0.2,1
50.29,11.0,6.09,6.55,1.0,0
62.26,4.29,3.86,2.13,1.0,1
40.98,1.13,10.59,27.4,0.5,0
28.03,4.05,5.39,1.62,1.0,1
50.81,4.66,16.21,2.04,0.5,0
47.92,6.73,21.55,29.61,0.2,0
58.76,5.52,7.43,16.12,0.85,1
62.4,5.47,18.94,16.11,1.0,0
55.43,5.73,16.33,22.25,0.5,0
32.65,7.23,9.22,14.88,0.2,1
41.01,2.03,4.5,37.41,0.2,1
40.2,12.5,10.2,75.52,0.3,0
60.24,3.92,13.71,28.04,0.5,1
50.64,2.58,3.59,5.13,0.85,1
44.17,6.02,19.28,14.82,1.0,0
32.8,4.19,13.36,19.07,0.5,1
43.81,7.76,15.19,73.6,0.5,0
40.03,3.49,9.98,23.67,0.5,1
48.17,8.31,5.42,28.43,1.0,0
41.61,2.61,1.59,13.08,0.2,1
33.36,11.71,8.51,20.28,0.5,0
49.35,4.78,2.77,76.45,0.2,0
42.98,10.02,4.54,62.19,0.85,0
40.61,2.37,8.58,41.94,0.2,0
46.6,7.06,9.25,35.38,0.2,1
26.49,6.96,9.07,0.04,0.2,0
42.34,4.38,9.33,3.36,0.2,1
52.04,1.18,6.13,44.74,0.2,0
54.82,7.09,10.81,69.14,1.0,0
40.11,4.02,7.03,1.43,0.85,1
60.2,9.17,8.66,3.21,0.3,0
39.17,7.91,6.3,8.15,0.85,0
59.26,9.15,3.57,37.58,1.0,0
52.67,6.46,3.76,7.93,0.85,1
44.13,5.16,14.1,5.36,0.5,1
30.64,10.21,10.76,21.29,1.0,0
59.81,12.5,1.27,8.85,0.2,0
48.18,4.9,14.95,64.63,1.0,0
39.42,9.07,1.0,12.54,0.85,0
22.0,3.3,3.79,54.09,0.5,0
41.18,2.53,2.85,1.87,0.3,1
62.41,3.33,7.19,1.91,0.2,0
55.24,3.17,4.18,78.11,0.85,0
61.24,7.21,6.12,2.35,0.3,1
28.11,3.7,4.59,61.02,0.85,0
35.06,2.66,14.35,2.37,0.2,1
15.83,2.68,3.66,54.23,0.5,0
46.91,6.39,3.06,42.07,0.85,0
21.21,7.19,5.62,21.09,0.2,0
45.05,6.64,6.74,0.62,0.2,0
50.72,7.04,7.08,33.8,0.3,1
51.57,4.03,1.56,7.8,0.2,0
28.49,12.5,7.51,32.36,0.85,0
29.88,4.08,5.71,40.03,0.5,1
25.34,3.58,9.78,42.87,0.85,0
32.32,7.11,4.99,33.06,0.85,0
38.74,3.99,13.4,16.39,0.5,0
50.48,3.54,12.68,21.09,0.5,1
30.05,4.18,2.86,12.69,1.0,1
32.46,5.41,5.77,35.78,0.85,1
44.84,8.31,7.47,40.22,0.3,0
69.95,1.69,4.63,25.47,0.85,0
61.08,8.34,7.93,31.49,0.2,0
43.5,2.01,13.68,16.84,0.3,1
38.52,2.19,1.0,4.0,0.5,1
69.12,5.57,2.5,20.69,0.5,1
64.45,1.77,14.96,42.32,1.0,0
33.28,3.49,10.46,32.07,0.2,1
30.75,7.84,5.75,2.79,0.85,1
53.11,7.1,25.13,11.18,0.85,0
42.43,8.31,9.76,24.75,0.5,0
60.13,3.35,12.56,3.74,1.0,0
50.71,4.1,17.23,23.68,0.85,0
48.11,2.08,7.27,30.11,0.5,1
57.94,4.17,2.7,50.06,0.5,0
34.63,2.14,24.98,6.74,0.5,0
51.75,12.5,6.04,11.04,0.85,0
59.66,6.1,11.59,18.57,0.85,1
39.91,5.38,3.42,3.63,0.5,1
52.85,3.24,6.9,32.15,0.85,1
45.61,3.07,5.87,19.62,0.85,0
60.04,3.77,21.38,7.78,0.3,0
49.86,5.76,3.19,42.77,0.85,0
62.74,2.55,1.2,14.92,1.0,1
63.03,2.1,10.43,2.74,0.85,1
56.07,0.8,8.36,4.96,0.85,0
24.25,6.18,8.75,14.81,1.0,0
22.22,4.46,7.93,23.75,0.5,0
54.14,3.75,1.45,19.32,1.0,1
53.14,2.53,5.51,18.87,0.5,1
45.0,3.76,16.21,0.56,1.0,0
20.13,9.26,12.71,7.92,1.0,0
41.4,2.97,13.42,17.65,0.3,1
39.05,6.57,18.49,29.97,0.3,0
46.66,7.09,7.02,24.44,0.2,1
26.76,2.41,6.12,33.75,0.2,0
43.59,2.68,15.33,22.72,1.0,1
41.56,4.6,18.1,9.56,0.3,0
67.17,12.5,16.6,21.9,0.85,0
47.7,7.87,11.67,2.74,0.5,1
45.07,4.6,2.59,35.89,0.5,1
30.39,8.02,5.17,46.26,0.5,0
58.92,1.11,18.91,44.19,1.0,0
63.62,4.39,12.05,54.8,0.5,0
60.52,1.07,8.43,13.94,0.2,0
65.21,5.19,11.61,1.77,1.0,1
55.88,6.91,17.41,6.5,1.0,0
65.93,3.48,12.44,15.63,0.2,1
21.18,3.38,7.99,0.58,0.2,0
22.5,4.66,21.4,7.58,0.85,0
47.29,3.65,12.36,32.07,0.85,1
45.16,3.98,14.3,10.86,1.0,1
54.44,8.46,4.11,8.59,0.85,0
46.87,7.11,11.1,1.92,0.5,1
36.59,5.79,15.07,28.68,0.5,1
20.69,1.83,10.92,17.8,0.85,0
44.76,6.36,2.8,21.74,0.5,1
29.24,4.56,2.6,11.57,1.0,1
54.64,0.8,6.84,25.31,0.5,0
57.63,3.68,10.15,22.03,0.3,0
48.95,3.99,14.43,74.09,0.2,0
30.13,9.37,13.15,14.6,0.85,0
49.31,7.72,1.52,57.59,0.2,0
37.89,3.95,6.01,29.01,0.5,1
53.69,10.49,15.43,3.64,0.5,0
45.72,7.41,7.77,50.05,0.3,0
48.97,3.05,1.39,18.0,0.3,1
47.24,3.01,13.68,7.46,0.3,1
43.68,5.15,9.99,16.61,0.85,1
42.87,2.65,3.8,39.69,0.2,1
58.12,11.14,8.79,44.28,0.2,0
42.36,5.23,2.15,23.36,0.2,1
21.22,2.76,17.7,0.9,0.5,0
55.03,9.73,5.3,28.87,0.5,0
36.18,1.05,15.26,46.72,0.2,0
57.24,5.25,13.34,10.45,0.3,1
22.22,4.45,8.54,32.75,0.85,0
43.82,2.07,4.22,11.54,0.85,1
48.21,10.17,17.16,27.51,0.2,0
58.34,3.56,4.95,59.13,0.5,0
37.24,3.3,4.51,31.59,1.0,0
60.21,7.15,5.07,29.26,1.0,1
36.86,5.13,6.09,31.96,0.5,1
46.89,2.82,7.43,20.96,1.0,1
64.16,3.54,25.92,48.76,0.2,0
34.51,9.46,11.53,20.28,1.0,0
35.4,4.16,2.82,40.45,0.2,1
50.08,12.4,2.72,22.28,0.2,0
65.78,2.62,2.36,30.47,0.85,1
54.71,3.85,8.47,11.17,0.85,1
53.89,3.11,7.53,73.57,1.0,0
41.6,6.86,16.23,29.4,0.3,0
56.32,12.5,7.38,32.31,0.5,0
47.21,4.93,8.04,2.16,0.2,1
33.74,5.42,11.05,13.78,0.85,1
36.84,3.74,14.14,20.09,0.2,0
22.26,1.95,14.59,11.13,0.5,0
33.69,4.18,12.8,58.01,0.2,0
51.55,6.06,8.84,0.66,1.0,1
42.82,3.43,19.45,31.85,1.0,0
47.68,2.09,7.83,25.58,0.5,1
42.27,0.8,8.14,45.8,0.2,0
52.32,10.47,15.83,69.02,0.2,0
57.7,3.71,6.75,19.23,0.5,1
38.51,5.92,7.46,16.32,0.85,1
49.88,8.21,5.05,55.83,0.5,0
29.74,9.11,1.17,28.85,0.2,0
34.07,3.38,12.85,31.5,0.2,1
32.6,5.78,1.51,15.27,0.5,1
61.43,6.13,9.35,19.55,0.5,1
51.33,7.58,22.7,42.89,0.85,0
27.78,6.1,10.49,52.47,0.2,0
33.49,5.43,1.59,21.76,0.2,1
33.07,2.65,12.04,8.07,0.5,0
39.93,6.76,13.5,62.07,0.2,0
47.16,4.67,6.58,12.33,0.85,1
62.55,9.79,2.08,48.88,0.3,0
42.32,6.79,6.24,42.29,0.85,0
63.81,1.36,1.69,5.08,0.5,0
45.13,2.54,6.6,21.16,0.5,1
26.89,3.75,14.09,21.04,1.0,0
28.52,4.59,17.97,14.28,0.5,0
60.97,12.5,7.78,32.71,1.0,0
38.05,7.21,18.18,5.66,0.2,0
42.85,3.12,15.97,7.04,1.0,1
43.73,7.32,8.37,25.78,0.2,1
44.91,5.29,17.28,3.21,0.5,0
45.98,7.36,9.16,44.09,0.2,0
37.12,3.96,11.85,13.8,1.0,1
32.27,12.5,1.0,54.09,1.0,0
52.62,10.45,11.11,24.48,0.85,0
46.9,6.65,11.41,33.57,0.2,1
31.32,3.69,6.43,36.8,0.2,1
44.54,7.36,15.05,26.1,0.2,1
51.86,1.95,5.44,13.4,1.0,1
31.14,10.85,10.14,5.73,0.5,0
39.38,9.62,9.06,8.14,1.0,0
64.44,6.24,8.47,26.59,0.85,1
64.77,2.71,1.3,80.15,0.85,0
40.86,3.94,21.83,1.25,0.85,0
58.53,1.1,13.05,23.87,0.5,0
39.21,1.13,1.43,13.93,1.0,0
45.39,4.26,7.14,42.97,0.3,0
64.44,2.55,6.65,32.38,0.2,1
50.87,1.4,6.78,43.88,1.0,0
65.52,3.68,9.55,45.13,0.85,0
68.94,3.87,1.09,52.77,0.3,0
60.59,2.17,4.61,7.01,1.0,1
24.09,5.64,4.2,9.33,1.0,0
41.53,7.99,5.6,34.86,1.0,0
48.84,5.83,15.72,46.85,0.2,0
31.59,4.59,1.93,19.32,0.2,1
48.35,4.81,6.05,34.12,0.85,1
32.01,4.08,18.02,44.22,1.0,0
61.03,3.66,15.05,14.48,0.85,1
32.32,5.76,10.56,10.63,0.85,0
37.78,5.93,5.54,9.56,0.85,1
17.1,4.83,11.42,24.36,0.2,0
45.9,3.74,14.5,35.06,0.2,1
25.81,2.68,6.68,8.32,0.2,0
21.61,1.7,2.21,1.29,0.2,0
36.99,2.68,25.25,23.22,0.5,0
52.6,3.72,7.08,61.3,1.0,0
34.11,3.93,15.55,48.24,1.0,0
44.31,12.5,4.74,31.61,0.5,0
54.71,7.56,15.87,35.36,0.85,1
40.86,5.78,18.93,28.71,1.0,0
48.4,6.65,10.6,13.04,0.85,1
41.48,12.5,14.85,23.44,1.0,0
44.88,3.16,16.72,19.2,0.3,0
28.25,11.13,15.26,70.94,0.3,0
52.73,0.83,19.36,36.55,0.85,0
31.56,4.22,5.63,4.87,0.3,1
55.28,2.45,3.5,53.57,0.85,0
36.03,1.62,16.55,18.99,0.85,0
51.34,9.61,23.99,34.99,0.5,0
25.0,4.18,4.19,6.79,0.3,0
43.44,3.78,12.29,55.32,0.85,0
55.71,4.22,9.64,30.35,1.0,1
41.72,5.15,5.3,66.9,0.85,0
56.54,2.9,12.44,17.53,0.85,1
33.03,1.6,11.39,13.88,0.85,0
45.44,4.61,7.8,2.48,0.85,1
43.61,5.17,1.14,30.4,0.2,1
57.21,10.01,15.11,14.74,0.5,0
48.24,4.51,5.12,31.31,0.2,1
57.69,4.98,12.06,15.97,0.2,1
29.93,2.56,30.49,35.13,0.5,0
29.59,2.57,19.0,18.91,0.3,0
39.86,5.8,8.75,30.84,0.85,1
49.25,7.07,2.85,12.19,0.3,1
40.07,8.31,17.2,1.44,0.2,0
45.95,5.62,1.0,70.86,0.85,0
34.9,2.89,6.41,7.48,0.5,1
30.74,1.74,12.76,31.22,0.85,0
45.33,2.42,14.05,23.12,0.3,1
20.47,5.61,10.1,8.47,0.85,0
31.02,1.87,6.52,31.48,0.2,1
35.6,2.47,3.43,47.74,0.85,0
56.79,3.1,8.9,52.2,1.0,0
50.07,6.34,10.66,21.51,0.85,1
33.42,9.23,23.2,7.97,1.0,0
45.57,4.88,22.75,0.77,0.2,0
38.79,5.41,14.77,48.17,0.2,0
42.56,4.58,3.45,19.88,0.2,1
40.41,4.24,18.57,30.67,0.3,0
29.76,6.02,8.12,9.25,0.5,1
61.17,4.26,2.86,25.6,0.85,1
26.52,10.74,12.21,50.0,1.0,0
58.89,5.24,12.51,5.29,0.5,1
48.07,5.56,3.25,17.74,0.2,1
41.87,4.66,2.41,3.42,0.85,1
48.72,7.28,20.96,70.36,0.85,0
29.65,3.04,11.65,16.55,0.5,1
34.9,2.55,5.67,40.53,0.5,1
46.85,6.75,9.17,23.55,1.0,1
25.47,5.23,11.19,59.98,0.5,0
25.71,6.8,8.62,6.47,0.5,0
40.22,3.91,4.89,15.24,0.85,1
50.94,5.03,2.52,71.45,1.0,0
32.86,3.62,14.82,34.34,0.3,1
35.52,4.53,10.57,15.42,0.5,1
35.11,1.76,1.84,87.55,1.0,0
40.82,1.1,15.3,10.95,0.5,0
51.58,1.95,8.87,9.36,1.0,1
51.77,7.18,8.25,2.72,0.2,1
51.76,7.06,1.64,47.09,0.85,0
33.41,10.99,18.31,24.54,0.3,0
54.33,6.87,3.88,31.8,0.85,1
30.07,3.76,11.09,13.99,0.85,1
33.64,4.6,3.7,58.24,0.2,0
45.74,1.08,12.52,12.5,0.2,0
36.33,3.79,11.07,47.37,1.0,0
51.57,5.04,2.62,40.75,0.5,1
44.88,7.95,4.49,14.68,1.0,1
50.68,4.81,13.49,24.13,0.2,1
47.04,2.32,17.21,4.76,0.5,0
53.7,7.68,7.14,24.62,1.0,1
40.28,3.51,8.3,56.19,0.3,0
33.15,2.87,5.88,18.16,0.2,1
39.82,4.46,22.02,49.25,0.85,0
31.93,3.49,6.48,7.22,0.3,1
34.97,5.04,2.79,14.32,0.85,1
48.2,6.59,5.34,34.98,0.5,1
48.45,3.8,8.7,41.15,1.0,1
41.15,3.84,6.83,0.76,0.3,0
53.11,6.61,8.69,4.84,0.85,1
40.9,6.62,11.45,17.1,0.2,0
39.57,5.3,6.38,20.78,0.5,1
36.17,4.32,8.45,65.67,0.2,0
23.61,8.69,14.86,1.92,0.85,0
53.16,3.11,17.68,56.08,0.85,0
58.92,6.65,13.13,39.25,0.85,1
36.51,3.03,3.83,9.98,0.5,1
51.31,4.96,11.43,14.04,0.85,1
65.23,2.11,18.24,11.37,0.5,0
36.07,5.05,13.3,9.33,0.5,0
55.81,8.96,2.98,44.21,0.2,0
66.45,7.46,10.82,8.72,0.5,1
46.73,1.33,5.72,47.01,0.2,0
22.68,8.77,22.56,21.05,0.2,0
39.26,3.43,8.1,38.81,0.85,1
31.44,6.08,3.98,24.94,0.85,1
47.35,4.61,7.11,63.81,0.2,0
54.3,3.27,5.79,2.37,0.85,1
60.37,5.7,15.0,30.14,1.0,1
44.23,3.34,11.14,81.45,1.0,0
43.21,6.81,5.84,33.32,1.0,1
53.34,3.31,14.21,19.34,1.0,1
50.57,3.09,4.05,57.28,0.85,0
56.04,6.9,4.88,16.15,0.3,1
31.98,12.5,3.16,4.52,0.85,0
64.28,7.86,10.33,35.64,1.0,1
45.41,7.26,1.99,11.69,0.3,1
48.88,4.72,12.25,25.92,0.2,1
19.47,6.59,4.85,54.72,0.3,0
46.39,3.79,11.4,60.27,0.2,0
59.34,9.72,10.75,16.44,1.0,0
39.84,1.62,3.67,41.57,0.5,0
41.68,4.6,2.0,0.72,0.85,1
41.74,4.0,1.87,18.67,0.85,1
53.07,4.74,3.92,1.63,1.0,1
44.35,3.18,9.54,26.11,0.5,1
54.96,5.17,9.75,35.38,0.2,1
55.54,3.12,6.37,26.07,1.0,1
46.18,3.65,2.31,33.27,0.2,1
54.65,6.2,12.46,64.73,0.3,0
45.92,12.5,4.24,55.64,0.3,0
47.94,3.62,12.45,28.46,0.3,1
26.08,5.7,4.3,15.02,0.2,0
39.3,8.47,3.41,39.97,0.85,0
59.26,5.9,15.27,6.42,0.2,1
55.15,4.25,10.96,6.9,0.85,1
54.36,4.21,2.54,4.11,1.0,1
64.22,8.81,2.87,11.9,0.5,0
59.97,1.3,4.86,26.21,0.3,0
44.54,5.15,10.24,33.74,0.85,1
54.21,3.92,17.22,46.55,0.85,0
52.15,1.74,24.13,24.57,0.5,0
20.81,4.87,5.72,28.57,1.0,0
57.63,3.32,11.98,73.91,0.2,0
43.61,2.48,15.84,35.83,0.3,0
35.06,9.35,4.81,10.85,0.2,0
51.85,2.75,8.56,24.9,0.2,1
43.93,2.34,19.19,12.7,1.0,0
65.14,1.95,8.1,32.74,0.5,1
44.63,5.56,10.57,48.07,0.85,0
32.23,5.9,8.23,10.23,1.0,1
35.52,12.5,9.86,46.67,0.85,0
64.54,3.96,19.29,7.75,0.85,0
23.26,3.59,2.55,1.14,0.85,0
61.94,2.29,5.14,72.64,0.85,0
62.75,6.09,8.86,6.11,1.0,1
56.39,1.9,5.33,11.57,1.0,1
61.56,3.29,9.8,19.78,0.85,1
30.46,5.39,4.04,12.01,0.5,1
33.1,3.37,13.27,1.61,1.0,1
27.02,3.31,10.27,15.99,0.3,0
65.9,2.97,7.57,18.86,0.2,1
55.44,9.64,13.11,74.22,0.2,0
55.21,3.2,15.31,27.12,0.5,1
56.54,6.13,22.56,44.28,0.3,0
46.26,3.08,17.67,12.71,0.3,0
53.79,3.57,21.14,9.2,0.5,0
31.38,4.76,12.55,66.09,0.2,0
33.07,9.17,3.86,28.74,1.0,0
36.17,1.1,1.07,42.97,0.85,0
30.05,8.6,8.28,58.81,1.0,0
44.74,2.73,12.2,58.41,0.5,0
56.82,5.11,6.58,7.98,1.0,1
37.55,4.47,12.29,18.68,0.5,0
56.79,2.15,5.4,10.0,0.5,1
47.77,3.33,8.99,14.64,0.85,1
61.93,4.48,8.6,9.09,0.2,1
52.41,2.03,12.29,8.84,0.3,1
15.96,7.64,11.5,17.58,1.0,0
55.5,4.78,8.07,36.47,0.3,0
50.57,3.41,4.81,7.04,0.3,1
47.89,3.85,13.22,33.49,0.85,1
66.75,7.61,11.44,28.97,0.2,0
47.85,8.56,2.59,32.76,0.85,0
45.98,2.85,8.55,69.03,0.3,0
43.37,2.27,10.32,4.59,0.2,1
45.06,6.56,18.06,81.74,0.5,0
48.63,2.46,13.93,36.62,0.5,1
30.28,5.91,2.36,37.45,0.2,1
59.56,2.67,16.15,83.98,0.5,0
59.26,2.65,6.69,32.67,0.85,1
46.71,1.73,17.33,73.5,0.2,0
65.91,11.47,7.33,35.84,0.85,0
50.0,8.59,16.36,39.57,0.5,0
45.28,3.94,5.44,1.67,0.85,1
41.44,5.25,8.63,10.22,0.5,1
44.95,5.17,10.29,22.14,0.85,1
59.45,11.57,8.9,3.13,0.2,0
26.28,5.75,8.0,16.49,0.3,0
50.24,7.24,3.92,18.07,0.2,1
27.27,9.32,16.95,15.22,0.2,0
42.47,2.81,9.12,66.9,0.5,0
56.59,3.08,15.19,19.33,0.5,1
60.99,8.57,9.12,9.72,1.0,0
49.84,3.87,8.94,41.74,0.2,1
48.6,2.58,2.79,15.54,0.5,1
38.59,5.01,1.94,14.15,0.3,1
44.38,8.43,8.36,70.81,0.5,0
33.04,12.21,2.55,30.39,0.3,0
57.47,10.35,9.11,2.42,0.2,0
36.94,0.92,5.64,24.24,0.5,0
48.88,3.93,11.22,4.42,0.85,1
41.9,2.19,7.35,44.02,0.2,0
30.48,2.89,6.49,8.68,0.2,1
45.63,5.1,22.13,18.76,0.85,0
47.54,5.09,10.02,15.74,0.5,1
48.77,0.94,3.51,7.66,0.2,0
60.26,2.9,15.15,1.32,0.85,1
39.16,10.73,15.95,20.91,0.85,0
47.27,1.9,18.94,26.56,0.5,0
28.84,8.45,1.0,33.78,0.5,0
48.39,3.44,13.35,53.82,0.5,0
65.11,4.61,13.55,0.9,0.2,1
30.5,9.03,4.48,6.2,0.2,0
31.21,4.05,8.82,62.54,0.5,0
50.0,11.09,7.94,58.39,1.0,0
47.4,1.85,3.36,24.05,0.5,1
49.18,7.54,24.0,6.38,0.2,0
41.17,7.04,12.97,29.47,1.0,1
40.48,10.43,3.46,25.66,0.3,0
36.8,6.39,9.85,10.84,0.2,1
38.49,4.29,9.31,47.38,1.0,0
33.6,2.77,8.84,52.21,0.3,0
53.74,3.85,8.97,17.51,0.2,1
66.24,1.71,1.68,25.54,0.2,0
20.04,7.33,11.37,35.74,1.0,0
31.88,4.59,15.61,26.73,0.2,1
33.42,4.23,14.24,6.56,0.85,1
42.21,3.69,5.07,53.35,0.2,0
38.44,6.83,7.13,14.35,0.5,1
48.03,4.21,13.9,27.26,1.0,1
55.4,4.85,11.32,6.12,0.85,1
50.46,4.8,13.76,58.19,0.2,0
46.35,6.35,14.91,40.89,0.85,1
61.0,6.09,18.64,60.53,0.2,0
37.33,9.02,3.53,23.63,0.5,0
60.95,8.41,4.9,58.68,0.2,0
53.58,3.66,22.09,2.31,1.0,0
42.45,11.96,17.43,37.44,0.5,0
38.39,6.05,9.58,3.5,0.2,1
28.11,12.5,10.53,15.97,0.2,0
30.19,5.61,4.38,8.83,0.2,1
51.77,3.86,5.94,28.73,0.85,0
49.47,3.38,7.25,46.99,0.5,0
34.46,1.61,6.66,10.04,0.3,0
47.98,5.34,13.49,2.65,0.2,1
50.26,5.5,20.42,6.64,0.85,0
42.24,4.63,12.93,5.12,0.5,1
57.25,5.79,16.21,50.32,0.3,0
55.48,2.06,11.95,12.38,0.2,1
50.47,4.41,2.92,25.09,0.85,1
48.52,2.39,9.64,28.29,0.85,1
46.0,5.89,7.5,61.3,0.2,0
29.15,5.13,10.44,35.96,1.0,0
57.89,8.37,12.24,23.4,0.85,0
21.6,3.93,21.27,73.39,0.3,0
52.62,8.34,3.47,74.45,0.3,0
69.34,4.4,17.66,21.43,0.85,0
45.81,6.77,11.89,6.42,1.0,1
47.8,2.98,9.25,15.7,0.2,1
51.46,4.81,7.67,15.69,0.5,1
49.71,4.53,12.51,60.79,1.0,0
51.47,8.63,6.74,28.38,0.3,0
42.62,4.53,12.44,17.84,0.2,1
51.41,4.55,12.95,39.58,1.0,0
39.68,12.5,4.51,10.1,0.85,0
53.44,7.36,6.25,11.88,0.5,1
31.39,4.02,5.28,22.36,0.85,1
20.63,6.4,14.57,33.36,0.85,0
42.63,7.75,3.61,26.31,0.3,1
49.57,5.04,2.46,55.46,0.5,0
40.94,7.21,6.02,73.39,0.2,0
47.87,4.81,7.03,37.55,0.5,1
33.15,8.66,8.0,19.11,0.3,0
25.74,1.45,11.88,24.57,0.85,0
45.4,2.71,6.62,32.53,0.85,1
43.7,3.74,16.44,46.84,0.3,0
43.66,7.2,14.54,48.79,0.85,0
37.09,5.76,7.49,72.94,1.0,0
28.29,3.05,16.47,44.33,0.5,0
29.14,5.14,13.57,1.79,0.85,1
54.49,1.49,13.43,9.89,0.2,0
53.89,1.91,13.46,29.06,0.3,1
57.58,1.74,5.35,20.83,1.0,0
42.61,2.43,3.46,15.93,1.0,1
59.86,7.04,11.13,4.21,0.85,1
63.56,5.88,10.16,19.33,0.5,1
37.18,4.1,11.53,7.26,0.85,1
25.51,7.16,8.64,50.23,0.2,0
52.75,8.96,3.33,64.94,0.85,0
54.48,2.49,14.61,3.06,0.5,1
51.41,8.5,22.02,30.57,0.85,0
44.43,3.04,12.9,4.1,0.2,1
37.09,3.36,7.55,58.37,0.85,0
40.9,11.47,13.12,7.45,0.5,0
34.05,5.24,4.53,21.74,0.2,1
32.29,3.64,24.97,49.22,0.2,0
52.41,6.49,12.25,9.49,0.5,1
51.06,7.63,11.76,23.79,0.85,1
54.77,5.28,7.65,3.39,0.3,1
67.58,3.64,13.96,7.17,0.85,1
48.34,5.74,14.34,25.41,1.0,1
30.14,6.71,10.67,0.13,0.85,0
30.78,4.44,22.95,6.33,0.85,0
36.48,11.1,9.45,13.05,1.0,0
37.21,5.61,7.19,63.23,0.5,0
49.9,7.41,4.38,11.51,0.5,1
44.15,7.53,9.39,31.57,0.2,1
48.06,1.95,4.13,4.33,0.85,1
44.75,6.5,9.87,33.69,0.85,1
62.21,6.85,9.11,5.64,0.85,1
42.12,3.61,12.88,58.91,0.2,0
52.23,3.29,20.92,7.57,1.0,0
50.93,1.93,9.01,53.38,0.2,0
47.36,9.39,6.77,21.43,0.3,0
43.97,2.95,2.23,15.8,1.0,1
40.54,1.99,3.68,23.49,0.5,0
58.54,3.99,6.49,6.43,0.3,1
51.71,2.66,8.73,23.35,0.2,1
49.48,1.97,2.38,75.91,0.85,0
39.2,12.5,15.15,34.5,0.2,0
46.39,2.56,4.18,9.73,0.5,1
34.97,3.06,6.78,14.44,1.0,0
57.94,5.13,5.96,13.41,0.5,1
47.0,1.95,19.21,48.6,0.85,0
47.73,4.56,9.81,24.21,1.0,1
58.31,6.62,4.05,26.13,0.2,1
21.21,5.42,4.26,20.95,0.2,0
45.94,6.06,31.45,9.09,0.5,0
58.03,4.46,8.76,13.67,1.0,1
44.21,3.68,10.1,8.3,1.0,1
35.51,6.12,12.81,3.58,0.85,1
39.26,5.89,11.53,24.71,0.2,1
62.61,2.49,2.86,35.67,0.2,0
36.77,5.09,5.29,34.35,0.5,1
39.28,4.63,9.4,7.14,1.0,1
45.54,6.71,9.44,42.37,0.2,0
47.86,5.71,7.51,13.22,0.5,1
58.34,0.8,12.59,9.45,0.85,0
35.74,8.9,6.46,21.75,0.85,0
39.16,7.69,7.45,21.35,1.0,1
25.06,8.17,22.16,22.47,0.5,0
48.41,6.82,1.87,16.41,0.3,1
29.64,7.98,6.94,47.17,0.2,0
41.42,3.87,7.65,16.94,0.85,1
51.66,7.53,4.98,6.84,0.3,1
40.15,4.65,10.97,66.01,0.85,0
43.37,1.99,6.05,8.45,1.0,1
60.3,7.47,6.47,0.95,0.5,1
50.72,5.45,1.0,41.22,0.85,1
26.02,9.71,6.38,19.53,0.85,0
42.42,5.06,18.93,1.42,0.85,0
56.78,3.01,15.92,44.84,0.85,0
60.48,3.47,10.6,47.55,0.85,0
38.26,4.23,8.77,22.13,0.5,1
48.06,5.53,6.89,23.04,0.2,1
55.43,8.04,9.17,9.03,0.2,0
40.73,5.47,1.0,5.43,0.3,1
57.27,2.46,14.39,12.72,0.85,1
48.21,5.57,5.01,11.79,0.2,1
34.44,8.71,7.97,43.86,0.2,0
69.34,5.12,17.29,4.09,1.0,0
37.64,6.04,1.0,20.65,0.5,1
26.63,4.56,7.19,4.63,1.0,0
42.56,4.54,5.12,1.56,0.5,1
60.78,8.2,24.73,12.63,0.85,0
57.22,7.14,11.28,35.86,0.85,1
45.9,12.5,15.3,44.5,0.85,0
63.89,3.68,13.24,21.02,1.0,0
66.42,3.24,2.82,10.36,0.2,1
58.82,2.04,16.66,47.72,1.0,0
53.16,4.2,5.51,22.51,0.5,1
54.22,4.68,12.26,4.01,1.0,1
44.36,3.16,13.14,80.08,0.3,0
40.78,6.12,21.18,33.91,1.0,0
54.64,7.22,6.19,17.24,0.3,1
60.58,5.97,14.95,5.48,0.85,1
52.42,2.63,10.09,30.22,0.2,1
49.83,3.3,18.52,50.41,1.0,0
33.46,5.0,7.86,9.66,0.85,1
55.91,8.48,12.09,26.56,0.5,0
56.23,4.44,4.59,39.18,0.2,0
59.23,1.3,17.56,10.32,0.85,0
35.49,4.18,23.19,54.94,1.0,0
58.94,4.83,6.11,38.6,0.85,1
47.07,10.24,17.62,25.39,0.2,0
59.47,1.29,2.17,19.63,0.5,0
35.63,7.24,14.72,37.02,0.5,0
60.09,2.06,8.55,30.14,1.0,0
22.65,3.74,22.04,8.86,0.85,0
45.91,5.87,5.65,5.88,0.85,1
38.27,7.74,2.19,12.86,0.5,1
53.23,3.32,9.45,1.71,0.85,1
28.8,3.81,12.71,22.72,0.5,1
52.98,4.41,8.65,1.39,0.5,1
49.97,3.21,8.26,27.11,1.0,1
48.28,9.72,5.03,2.01,0.85,0
48.85,5.43,8.97,38.76,0.85,1
38.45,6.93,17.81,59.35,0.5,0
30.47,4.44,7.91,20.22,0.5,1
61.95,1.28,12.99,14.95,1.0,0
60.2,4.41,13.75,44.02,0.85,0
37.74,8.11,10.13,10.05,1.0,1
46.95,1.5,6.67,42.09,0.5,0
29.43,4.8,10.83,27.85,0.5,1
51.06,6.36,9.15,15.72,1.0,0
47.67,3.96,15.17,34.92,0.85,1
41.78,3.37,5.72,4.74,0.85,1
41.17,5.32,4.67,23.79,0.5,1
43.35,3.01,5.19,34.48,0.5,1
56.57,1.85,5.9,45.66,0.5,0
50.25,3.98,10.63,8.93,0.2,1
31.69,10.9,9.94,80.54,1.0,0
32.97,6.25,3.65,6.45,0.5,1
39.19,3.63,22.31,6.65,0.85,0
38.61,6.38,1.68,31.61,0.85,1
48.77,8.72,12.23,25.72,0.2,0
30.35,3.18,2.85,24.5,0.2,0
34.93,6.38,3.13,45.8,0.2,0
52.87,3.93,13.85,10.58,0.5,1
22.85,9.23,9.17,4.5,1.0,0
65.36,3.61,6.61,44.88,0.85,0
57.49,3.86,12.02,38.39,1.0,1
47.7,6.02,15.63,20.13,0.5,1
48.68,2.94,8.06,71.98,0.85,0
64.89,2.83,6.37,29.22,0.2,1
39.98,9.03,12.65,53.88,0.85,0
31.65,8.12,11.12,42.21,0.3,0
23.93,7.05,5.6,11.41,1.0,0
60.01,3.32,8.96,19.54,0.2,1
43.78,12.5,2.21,50.58,0.2,0
51.24,4.91,4.23,0.07,1.0,1
57.01,5.24,5.29,5.58,0.85,1
44.1,10.55,5.44,26.91,0.3,0
55.9,4.69,2.24,12.46,1.0,1
24.57,3.15,21.39,62.82,0.2,0
59.23,6.72,8.55,26.32,0.85,1
56.31,5.31,29.44,31.95,0.2,0
29.62,7.19,6.55,19.82,1.0,1
36.17,9.62,8.34,24.22,0.5,0
21.79,9.93,10.55,5.1,0.5,0
37.8,3.55,4.12,6.84,1.0,1
20.08,3.98,19.79,12.25,0.3,0
58.57,1.11,5.24,28.29,1.0,0
57.07,3.12,4.57,4.25,0.5,1
53.95,4.63,3.9,8.73,0.85,1
43.77,9.13,11.49,46.34,0.85,0
39.78,4.54,6.75,32.75,0.5,1
46.48,7.75,9.42,15.28,0.85,1
34.51,3.43,8.28,20.52,1.0,1
57.56,2.52,3.96,50.5,0.2,0
53.67,4.83,13.36,40.6,0.85,1
40.67,5.65,5.51,25.43,1.0,1
40.89,3.15,2.99,10.81,0.2,1
36.75,2.3,7.28,4.7,0.3,1
45.61,3.64,19.6,50.31,0.3,0
29.63,6.69,6.95,2.19,0.5,1
50.13,4.82,11.47,26.13,0.5,1
34.79,2.78,13.82,10.71,0.2,1
24.56,3.02,12.82,46.27,0.85,0
50.94,7.09,10.15,3.63,0.2,1
59.25,4.35,3.68,10.3,0.2,1
31.01,1.95,20.8,56.55,0.2,0
52.87,8.6,13.97,15.77,0.85,0
39.03,2.03,22.28,28.98,0.5,0
46.83,7.97,9.27,27.39,0.85,1
58.82,3.48,5.21,45.64,0.3,0
31.63,2.68,18.07,5.77,0.3,0
52.46,5.2,5.31,44.22,0.2,0
42.15,4.2,2.84,37.56,1.0,1
27.13,3.61,1.53,58.1,0.5,0
41.77,5.35,1.26,21.15,0.85,1
54.99,2.21,5.36,57.01,0.5,0
43.58,5.03,4.98,31.9,0.2,1
39.84,5.23,18.05,1.06,0.85,0
46.95,3.46,7.01,9.18,0.3,1
28.14,0.8,2.02,7.22,1.0,0
47.21,4.31,14.13,9.94,0.2,1
45.06,4.24,12.56,20.29,0.85,1
30.16,4.0,4.62,10.63,0.3,0
27.47,1.57,8.2,10.29,0.85,0
51.63,5.06,6.93,29.24,0.85,1
45.6,7.51,13.76,3.33,1.0,1
54.91,4.1,10.3,18.21,1.0,1
41.44,2.22,4.56,14.71,0.5,1
36.97,5.97,14.04,41.08,0.2,0
52.07,9.73,10.17,25.04,0.5,0
25.94,2.77,15.15,0.85,0.3,0
43.29,2.83,16.7,38.44,1.0,0
48.66,8.72,15.46,8.85,0.5,0
43.8,4.3,4.16,44.89,0.2,0
41.73,1.49,17.49,39.09,0.3,0
53.08,11.3,3.73,23.19,0.85,0
32.46,0.86,4.43,15.95,0.5,0
60.03,1.34,15.35,14.22,1.0,0
57.91,2.33,14.55,58.91,0.85,0
62.93,6.82,7.61,41.29,0.3,1
44.38,7.13,4.4,39.01,1.0,1
30.92,2.01,5.01,63.38,0.5,0
63.52,2.89,22.59,9.41,0.85,0
39.34,5.54,2.55,22.25,0.85,1
39.23,9.66,7.13,19.52,0.85,0
43.09,0.8,11.03,14.6,1.0,0
37.07,1.39,13.71,38.12,1.0,0
45.95,3.47,11.84,25.03,0.85,1
27.2,1.79,7.02,3.85,1.0,0
29.04,8.45,5.28,27.67,0.2,0
35.27,4.49,13.48,18.97,1.0,1
30.86,8.06,7.91,7.95,0.5,1
46.58,5.58,3.43,66.1,0.2,0
57.05,6.69,22.82,40.75,0.2,0
21.91,3.13,13.81,37.72,0.85,0
41.96,1.25,10.99,27.15,0.85,0
36.14,4.18,6.64,10.06,0.5,1
57.54,7.54,14.91,8.11,0.3,1
37.8,11.13,5.34,22.43,0.5,0
64.24,4.01,2.01,35.47,0.5,1
63.39,6.84,7.35,41.55,0.2,1
48.8,3.1,12.1,25.07,0.3,0
57.45,3.66,19.82,12.72,1.0,0
54.02,4.44,5.66,14.29,0.5,1
63.29,10.07,2.7,24.02,0.3,0
22.3,6.71,5.35,2.0,0.3,0
42.45,6.2,13.06,26.32,0.3,0
66.41,9.79,9.23,2.06,0.85,0
57.87,2.88,12.25,28.37,0.85,1
26.65,3.99,23.77,8.03,0.85,0
46.59,6.22,9.07,13.56,0.5,1
21.72,3.35,2.94,76.45,1.0,0
48.99,3.88,16.45,25.22,0.85,0
40.81,5.31,3.43,1.74,0.2,1
56.64,4.54,7.61,42.11,0.5,0
53.5,2.41,24.36,46.17,1.0,0
52.58,3.07,7.0,50.94,0.85,0
40.93,2.4,9.04,11.35,0.2,1
55.51,6.83,22.94,50.64,0.5,0
40.77,3.01,9.36,18.19,0.2,0
52.48,6.24,19.76,10.06,0.85,0
52.53,5.06,6.54,32.02,0.3,1
44.9,4.6,3.17,6.68,0.5,1
66.08,2.15,6.8,42.82,1.0,0
29.6,5.03,17.06,8.07,1.0,0
46.2,5.9,6.73,40.66,0.85,1
46.48,6.86,14.17,11.34,0.2,1
37.62,2.38,6.42,54.38,0.2,0
39.91,4.07,27.1,33.84,0.85,0
40.45,7.8,5.15,19.82,0.2,1
40.9,7.36,1.35,15.67,1.0,1
45.6,4.44,14.34,0.66,0.85,1
54.75,2.11,8.73,25.39,0.2,1
50.89,7.06,14.06,27.27,0.2,0
34.12,4.65,10.01,28.36,1.0,1
51.5,2.69,8.05,22.4,1.0,1
50.93,4.15,9.39,16.59,0.2,1
63.24,2.14,11.79,9.74,0.5,0
38.76,7.03,8.04,37.07,0.5,1
57.4,1.53,12.71,21.34,1.0,0
34.38,8.08,3.85,33.74,0.2,1
53.5,5.4,11.86,6.65,0.5,1
26.18,2.16,11.02,26.24,0.2,0
39.18,3.93,16.2,26.99,0.2,0
57.51,3.69,6.28,37.89,0.85,1
50.62,2.8,5.79,30.37,0.85,1
35.27,5.12,11.86,52.54,0.85,0
31.74,9.87,4.7,24.51,0.85,0
60.38,2.96,19.36,29.64,0.3,0
64.31,4.86,12.45,13.59,0.85,1
63.81,4.69,12.5,23.23,0.85,1
46.87,5.09,18.24,2.58,1.0,0
44.49,0.91,9.82,0.91,0.2,0
35.02,8.39,20.22,21.19,1.0,0
34.05,12.5,5.88,52.04,0.2,0
62.9,4.64,7.02,24.08,0.5,1
44.27,6.76,14.01,66.48,1.0,0
44.82,5.78,10.48,39.75,1.0,1
46.03,2.35,9.9,66.85,0.2,0
45.72,4.44,8.92,11.89,0.85,1
38.6,3.1,10.77,3.18,1.0,1
52.44,4.2,8.79,22.9,0.85,1
36.11,4.77,15.67,16.44,0.85,1
34.4,4.96,8.8,3.15,0.3,1
54.16,2.94,3.89,16.45,0.2,1
65.3,4.97,5.56,8.23,0.5,1
31.78,4.29,17.74,25.85,0.5,0
42.42,8.04,11.93,5.3,1.0,1
63.06,6.6,4.44,33.91,0.5,1
50.59,7.28,8.76,9.8,0.2,1
37.14,7.57,10.97,9.54,0.2,1
27.71,2.64,9.4,18.41,0.2,0
61.61,6.44,25.37,47.24,0.2,0
29.86,2.57,9.17,44.0,0.5,0
56.36,9.23,18.86,20.69,0.2,0
30.97,6.38,15.5,61.96,0.3,0
48.02,2.47,10.45,35.27,0.2,0
36.22,5.06,7.41,25.79,0.2,1
52.68,2.84,29.61,16.95,1.0,0
32.06,3.55,3.03,49.8,0.85,0
69.14,5.51,15.49,24.18,0.2,1
39.5,3.29,10.91,13.16,0.85,0
50.71,4.0,10.18,29.84,0.5,1
52.7,7.65,27.46,32.15,0.85,0
60.57,4.21,6.41,56.88,1.0,0
54.97,2.66,1.57,46.25,0.5,0
45.02,1.4,13.17,29.16,0.2,0
61.0,6.62,3.02,41.32,0.85,1
51.9,6.57,6.22,7.02,1.0,1
47.43,5.08,30.51,7.29,0.5,0
40.99,12.5,7.06,29.26,0.85,0
38.83,3.9,8.62,22.28,0.85,1
63.54,8.11,6.3,18.82,1.0,1
47.48,3.1,21.17,4.16,0.2,0
50.28,6.82,5.81,88.23,1.0,0
48.92,2.42,11.14,22.57,1.0,1
43.22,6.74,2.61,47.93,0.85,0
42.35,4.01,2.25,2.93,0.3,1
42.37,6.03,1.47,23.88,0.85,1
43.64,5.19,16.79,31.31,0.5,0
50.28,6.51,2.59,12.56,1.0,0
31.48,1.32,6.76,53.65,0.2,0
53.22,4.27,8.79,2.52,1.0,1
60.52,7.86,7.51,0.04,0.85,1
26.1,8.44,6.04,6.54,0.2,0
67.27,5.88,13.91,2.39,0.5,1
36.78,8.02,18.56,24.55,0.85,0
41.11,4.16,12.85,7.82,1.0,1
29.1,0.8,2.25,38.99,1.0,0
44.86,3.19,10.98,19.88,1.0,1
70.58,4.86,8.77,31.69,0.2,0
40.39,5.23,23.89,2.68,0.2,0
36.52,5.7,10.95,5.13,0.5,1
43.71,4.65,4.08,6.76,0.5,1
61.94,4.69,3.49,13.27,0.3,1
27.89,6.96,3.87,45.73,0.85,0
69.31,2.8,5.98,52.68,0.85,0
70.51,5.19,13.85,12.79,0.85,1
44.88,5.89,11.31,35.13,0.2,1
46.12,3.3,9.61,24.76,1.0,1
15.46,3.96,11.4,13.84,0.2,0
39.92,10.03,14.24,8.25,1.0,0
19.48,5.06,3.79,33.97,1.0,0
41.03,12.5,12.85,60.12,0.2,0
48.54,4.86,13.75,24.96,0.85,1
48.3,7.15,21.53,17.8,0.2,0
42.22,1.87,18.57,6.57,0.3,0
42.86,1.32,17.78,28.27,1.0,0
57.15,2.58,13.37,59.35,0.2,0
33.2,7.63,3.98,13.11,0.5,0
56.54,4.01,12.65,9.11,0.2,1
57.75,1.81,9.05,35.66,0.2,1
62.76,4.81,6.54,50.27,0.2,0
51.76,7.24,5.95,49.0,0.3,0
28.81,2.77,10.87,40.27,0.85,1
35.38,7.48,7.36,22.47,0.5,1
37.58,2.14,8.49,9.33,0.2,1
68.35,7.14,5.58,23.47,0.2,1
40.51,8.19,7.46,0.45,0.85,1
42.0,3.18,8.61,11.72,0.5,1
44.32,8.8,7.98,39.77,0.3,0
42.05,9.72,4.96,36.65,0.2,0
41.56,5.73,4.08,0.64,0.3,1
52.76,3.31,21.93,16.33,0.85,0
39.29,12.5,3.94,19.67,0.5,0
36.54,3.03,3.92,2.08,0.5,1
33.53,10.41,18.89,71.7,0.2,0
57.19,12.4,7.39,79.8,1.0,0
29.95,5.86,1.97,8.51,1.0,1
39.47,2.42,7.92,46.26,0.85,0
38.72,5.59,12.4,6.02,1.0,0
40.51,12.5,10.61,50.77,0.85,0
19.22,3.3,10.41,41.05,0.85,0
45.02,4.48,30.17,31.02,0.3,0
45.91,1.12,7.96,3.05,1.0,0
28.84,4.5,4.76,18.5,0.85,1
54.83,6.66,7.62,10.18,0.3,1
33.81,2.62,13.16,8.09,0.85,1
60.53,10.2,9.84,64.42,0.85,0
58.89,1.97,8.84,1.47,0.2,1
54.03,3.33,7.67,50.1,0.3,0
39.92,9.2,22.44,33.05,0.85,0
31.24,4.3,11.53,16.51,0.5,1
30.95,11.38,12.91,14.09,0.2,0
37.66,1.41,9.25,11.78,1.0,0
32.31,3.83,9.61,19.39,0.85,1
25.57,5.68,6.11,5.15,1.0,0
55.47,12.5,5.08,32.56,0.3,0
49.7,5.1,12.89,26.3,0.3,1
43.39,6.38,2.31,9.91,1.0,1
55.27,4.66,22.37,24.43,0.2,0
42.63,4.4,16.56,22.67,0.85,0
48.39,3.3,14.28,41.84,0.85,1
49.35,5.96,11.57,30.45,1.0,1
38.8,4.03,11.33,36.32,0.2,1
57.12,6.58,13.07,48.86,0.2,0
62.31,5.05,18.17,52.71,1.0,0
29.4,3.79,9.24,6.28,0.3,1
50.93,10.27,4.3,12.13,0.2,0
45.71,3.12,2.89,38.32,0.3,1
28.36,1.14,9.37,15.94,0.2,0
28.56,3.39,11.32,20.64,1.0,1
39.2,1.02,16.5,15.2,0.85,0
52.53,4.15,17.7,48.72,1.0,0
57.47,9.85,12.35,31.14,1.0,0
54.49,9.99,17.83,17.32,0.2,0
40.02,3.59,18.09,18.06,0.85,0
24.87,6.29,6.13,39.54,0.3,0
36.07,7.05,7.25,4.6,0.3,1
53.58,1.89,15.17,7.4,0.85,1
54.13,8.61,25.02,22.71,1.0,0
47.52,2.11,3.71,13.62,0.2,1
24.51,3.75,15.58,56.39,1.0,0
42.2,2.46,5.54,28.37,1.0,1
56.46,5.65,10.44,4.48,0.3,1
64.73,2.9,8.83,19.29,0.85,1
50.91,3.31,11.7,50.37,0.3,0
29.95,7.73,17.18,16.83,1.0,0
17.31,3.55,7.7,10.24,0.85,0
41.88,4.71,12.66,16.48,0.2,1
39.95,2.09,9.59,29.91,0.2,1
50.61,1.68,9.51,2.1,1.0,0
34.28,5.22,17.05,44.09,1.0,0
45.39,3.46,14.14,17.95,1.0,1
25.92,11.18,7.28,17.84,0.85,0
36.64,12.5,8.59,37.42,0.2,0
40.54,2.22,3.81,5.32,1.0,1
43.75,1.72,1.43,60.65,0.5,0
59.34,11.31,7.82,12.76,0.85,0
34.09,6.05,9.35,29.11,1.0,1
27.34,5.15,9.56,9.07,0.2,0
61.15,1.86,25.95,31.95,0.85,0
36.6,12.5,6.64,40.49,1.0,0
37.27,2.83,9.94,6.36,0.2,1
51.6,7.19,9.28,4.77,0.2,1
44.09,6.98,10.07,12.08,0.2,0
25.22,1.62,15.16,13.29,0.3,0
24.17,3.16,4.09,43.7,1.0,0
49.22,1.95,7.27,23.23,0.85,1
30.9,1.18,9.72,54.18,0.85,0
57.28,4.14,2.41,3.25,1.0,1
57.53,2.12,6.89,21.75,0.85,1
18.37,2.84,7.32,13.6,0.2,0
32.39,1.82,3.96,7.19,0.2,1
40.11,3.84,20.22,1.44,1.0,0
37.46,11.13,6.6,13.69,1.0,0
44.27,5.59,11.08,24.55,0.85,1
31.33,3.41,17.98,17.59,0.85,0
60.13,4.51,8.63,24.0,1.0,1
33.25,5.36,2.99,37.09,0.85,1
57.44,5.41,8.5,55.55,0.3,0
49.76,3.93,5.56,9.35,0.85,1
31.22,3.04,12.3,36.34,0.2,0
55.8,7.16,7.33,21.83,1.0,1
42.83,2.31,15.65,6.69,1.0,1
39.19,7.22,11.84,25.66,1.0,1
55.75,3.6,17.93,8.02,1.0,0
49.4,8.66,7.4,7.69,0.3,0
35.94,2.52,14.01,19.74,0.5,1
37.24,2.49,14.74,10.81,1.0,1
52.82,4.8,2.3,54.27,0.5,0
48.07,2.82,4.6,9.21,1.0,1
49.12,11.37,12.95,31.42,0.5,1
48.03,3.1,10.4,16.28,0.5,1
33.13,2.66,4.1,63.28,0.85,0
61.64,5.92,13.08,19.02,0.2,1
42.15,0.92,14.51,12.19,1.0,0
26.42,1.29,9.25,53.91,0.85,0
25.31,11.77,22.39,37.71,1.0,0
65.9,6.54,6.56,72.56,0.5,0
42.22,5.38,13.45,17.16,0.2,1
65.2,2.92,22.21,13.81,0.2,0
50.8,4.3,2.77,45.28,0.85,0
38.53,3.16,11.76,30.68,0.85,0
46.15,3.54,4.54,41.67,0.3,1
51.2,7.56,4.47,25.12,1.0,1
39.53,5.69,6.2,14.83,0.2,1
32.21,3.75,14.25,66.03,0.2,0
47.67,1.52,12.01,1.03,1.0,0
39.63,12.5,14.05,7.35,0.2,0
49.5,2.37,1.0,36.45,0.2,1
46.99,7.59,5.58,47.06,1.0,0
38.35,3.1,9.3,54.29,0.5,0
52.38,5.14,9.71,21.71,0.2,1
53.55,2.67,10.58,20.09,0.3,1
30.53,3.04,8.37,49.82,0.2,0
36.64,2.89,8.17,1.27,1.0,1
36.83,4.93,18.69,48.35,0.85,0
22.7,2.92,11.77,37.05,0.5,0
30.79,4.81,10.25,33.35,0.85,1
38.59,9.26,2.48,13.18,0.3,0
19.92,2.23,13.48,38.41,1.0,0
61.68,2.24,14.03,28.25,1.0,1
43.55,10.37,29.59,17.85,0.5,0
46.46,6.63,4.99,56.01,0.3,0
42.14,4.64,10.84,28.5,1.0,1
58.05,1.78,8.14,1.7,0.5,0
49.7,1.57,10.54,26.4,0.5,0
44.14,2.64,11.94,17.78,0.2,0
38.49,5.01,12.67,24.21,0.85,1
26.62,7.92,6.49,6.6,0.2,0
27.7,4.93,12.63,28.48,0.85,0
46.67,5.1,5.04,2.06,0.85,1
51.06,8.47,1.0,2.16,0.5,0
55.03,5.89,18.53,35.73,0.3,0
33.17,3.34,16.46,1.89,0.2,0
50.5,4.47,11.54,35.65,0.85,1
33.78,8.04,14.13,12.97,0.3,0
50.58,5.36,7.7,15.72,1.0,1
31.96,10.85,3.37,1.62,0.2,0
35.18,2.96,11.66,48.64,1.0,0
39.42,2.38,12.47,23.05,1.0,0
38.82,5.59,16.17,46.82,0.2,0
43.6,4.86,6.09,33.7,1.0,1
65.29,2.23,14.78,39.77,0.85,0
52.55,3.18,14.63,21.9,1.0,1
58.21,9.3,3.63,12.84,0.3,0
35.47,6.03,4.63,47.03,0.2,0
36.95,3.32,5.38,19.33,0.5,1
32.58,2.59,9.01,25.89,0.85,1
42.65,3.75,4.29,5.37,1.0,1
69.03,7.81,4.92,65.31,1.0,0
40.81,4.77,5.05,33.06,0.5,1
37.45,4.42,4.05,38.32,0.5,1
30.28,8.02,2.46,0.88,0.85,1
42.63,2.3,5.42,7.94,1.0,1
50.69,2.87,7.48,29.55,0.3,1
26.5,5.0,11.05,31.07,1.0,0
61.4,4.41,2.37,25.77,1.0,1
51.46,3.89,5.62,42.58,0.85,0
50.88,8.23,7.47,9.2,0.85,0
55.15,1.28,7.36,1.48,0.5,0
23.28,2.44,16.62,61.41,0.2,0
24.75,2.43,3.68,66.88,0.85,0
65.92,6.35,3.73,4.24,0.85,1
43.6,3.55,3.16,0.37,0.5,1
44.14,12.5,8.05,21.86,0.85,0
38.3,8.44,1.49,24.78,0.2,0
56.85,3.56,2.02,32.18,0.5,1
55.07,6.25,25.85,13.56,0.5,0
40.04,6.07,6.36,41.86,0.85,1
40.85,9.78,9.77,32.55,0.85,0
55.82,3.96,3.06,50.67,1.0,0
46.69,3.27,8.26,1.36,1.0,1
56.51,5.84,8.2,46.08,0.2,0
52.03,3.99,13.7,33.89,0.85,1
51.69,6.64,16.52,32.71,0.3,0
41.01,9.19,6.91,12.25,0.85,0
41.24,2.63,3.79,10.77,0.85,1
27.17,3.1,5.27,30.67,0.2,0
32.41,8.74,7.23,2.4,0.85,0
66.2,4.62,3.75,16.52,0.5,1
53.57,4.72,3.86,9.06,1.0,1
42.16,7.96,3.71,32.11,0.2,1
48.06,4.33,4.73,35.1,1.0,1
39.84,7.19,6.3,6.75,0.2,1
50.69,2.77,11.59,71.3,0.2,0
34.58,3.65,8.6,12.13,0.2,1
62.61,10.04,9.87,21.69,0.3,0
25.1,4.67,9.66,59.48,1.0,0
36.55,2.67,21.78,8.26,0.2,0
34.19,2.62,9.34,10.89,0.85,1
55.71,4.41,10.19,9.32,0.85,1
31.32,7.33,13.56,83.77,0.3,0
48.57,0.8,11.17,32.57,0.85,0
37.98,3.39,3.44,51.84,1.0,0
31.57,6.09,2.57,13.21,0.85,1
30.83,5.26,2.21,7.7,0.5,0
29.45,5.77,7.14,15.39,0.2,0
41.79,2.94,5.34,28.25,1.0,1
48.16,4.95,16.07,14.45,0.3,0
59.0,8.13,17.22,13.08,0.5,0
44.37,3.59,8.21,1.49,0.2,1
46.19,4.8,9.18,12.42,0.2,1
59.09,1.46,4.64,42.05,0.3,0
55.45,6.03,2.65,8.1,1.0,1
47.16,3.01,5.75,19.91,0.2,1
59.67,2.08,5.5,50.28,0.2,0
45.58,3.38,10.23,23.56,0.85,1
29.83,6.2,6.36,3.68,0.2,1
53.61,3.05,4.06,14.12,0.85,1
48.74,2.34,18.71,16.56,0.5,0
33.35,6.76,2.13,36.3,0.5,1
38.58,2.63,11.31,51.06,0.5,0
44.61,12.5,6.59,18.41,0.2,0
32.08,7.95,11.44,18.6,1.0,1
38.12,10.07,8.24,3.71,0.2,0
58.2,5.05,22.95,39.06,0.2,0
42.55,2.98,4.32,46.46,0.2,0
30.87,8.26,4.11,3.53,0.85,0
31.27,2.21,6.1,27.71,0.85,1
67.72,1.34,5.38,19.69,0.5,0
58.96,5.78,12.77,43.56,0.2,0
30.62,1.93,9.12,21.71,1.0,1
43.88,4.4,8.17,39.18,0.3,1
33.46,4.25,7.81,35.32,0.85,0
56.55,7.19,10.29,12.81,0.85,1
41.94,2.13,26.87,25.13,0.85,0
25.23,1.74,11.04,24.04,0.2,0
38.91,4.06,15.11,6.33,1.0,1
55.61,0.8,10.9,53.86,1.0,0
60.8,5.54,15.01,13.68,0.3,1
36.9,5.26,9.48,7.97,0.2,0
42.94,5.32,2.98,71.02,1.0,0
47.12,4.01,7.77,35.68,0.5,1
34.31,11.51,20.93,58.67,1.0,0
58.17,5.88,13.73,9.0,0.2,1
37.9,6.77,11.88,27.1,0.5,0
43.67,3.22,4.15,30.18,0.2,1
68.34,4.1,2.85,44.77,0.85,0
32.81,2.71,5.73,34.83,0.3,0
39.72,4.95,12.97,63.77,0.3,0
55.19,2.74,11.4,1.76,1.0,1
44.66,6.87,2.46,13.99,1.0,1
32.19,4.53,2.41,8.21,1.0,1
37.53,0.8,6.26,1.76,0.85,0
46.91,2.58,22.12,8.0,0.85,0
41.14,9.56,3.98,52.09,0.5,0
52.48,9.92,7.74,53.09,1.0,0
45.15,6.3,10.92,10.48,1.0,1
63.78,4.09,10.13,24.01,0.2,1
58.27,8.87,7.11,0.19,0.5,0
28.26,4.27,4.94,27.99,0.2,1
30.54,8.63,19.0,18.29,0.85,0
22.1,4.93,1.93,15.27,0.85,0
40.81,3.86,3.42,42.86,0.85,0
57.08,6.85,3.29,28.0,0.5,1
56.83,2.37,8.62,10.0,0.2,1
49.57,2.74,12.1,17.95,0.5,1
48.6,1.83,8.79,47.18,0.2,0
28.75,5.91,11.78,68.56,0.3,0
47.0,4.42,15.18,13.65,0.2,1
37.85,12.5,1.6,15.58,1.0,0
23.83,6.03,20.21,34.71,0.5,0
46.52,3.79,14.22,2.96,0.85,1
46.45,4.23,4.7,18.12,0.2,1
25.24,5.25,10.36,33.47,1.0,0
31.77,3.23,8.69,16.08,0.85,1
49.37,0.84,6.7,19.49,0.5,0
59.72,1.85,18.39,4.78,1.0,0
30.21,3.48,11.22,22.94,0.5,1
41.18,1.51,8.07,69.73,0.85,0
33.5,4.6,13.77,31.54,0.85,0
50.79,7.89,7.82,18.05,0.85,1
33.17,2.75,23.19,9.94,0.85,0
58.84,3.55,10.38,36.6,0.5,1
44.61,4.2,3.14,41.94,1.0,1
58.68,3.84,10.15,42.62,0.5,0
29.88,4.63,11.44,6.62,1.0,1
27.61,1.1,4.07,18.47,0.85,0
26.92,8.34,13.13,19.56,0.85,0
45.69,4.01,11.79,0.89,0.85,1
54.61,2.59,2.51,26.28,0.5,1
52.81,5.42,7.46,49.3,0.85,0
44.61,7.67,19.98,7.09,0.5,0
34.02,2.32,3.74,9.84,0.85,1
57.77,5.54,8.98,34.41,1.0,1
21.88,9.09,13.81,10.83,0.85,0
20.55,9.13,3.26,17.0,0.3,0
33.69,6.96,14.73,3.48,0.2,1
50.67,3.27,9.74,28.88,1.0,1
50.96,2.4,7.41,45.52,0.85,0
39.28,2.74,3.3,10.89,0.2,1
59.48,9.02,7.81,26.05,0.5,0
50.35,6.28,10.88,5.59,0.5,1
52.59,7.08,13.25,2.01,0.2,1
44.96,4.44,8.53,17.08,1.0,1
42.17,1.19,8.93,5.46,0.2,0
43.93,5.5,12.93,10.34,0.5,1
33.75,2.58,7.45,28.52,1.0,1
48.13,8.01,3.34,30.93,0.85,1
31.98,2.75,16.84,14.29,0.2,0
57.54,5.15,17.92,19.72,0.3,0
54.04,6.39,7.38,39.54,0.2,1
28.71,12.5,24.73,11.34,0.5,0
49.24,4.35,7.51,14.78,1.0,1
66.64,4.46,13.08,0.07,0.3,0
30.13,8.05,9.03,17.27,0.3,0
47.9,4.05,22.15,17.98,0.2,0
54.54,3.57,18.47,3.25,1.0,0
41.58,3.03,13.15,30.57,1.0,1
25.2,4.77,20.99,58.02,0.5,0
62.19,3.32,3.73,5.66,0.2,1
52.72,9.39,14.85,4.43,1.0,0
60.81,6.93,6.65,31.77,0.2,1
54.99,5.0,14.21,23.35,0.5,1
51.82,4.74,14.29,15.53,0.85,1
54.84,2.92,12.13,16.63,0.85,1
50.22,4.42,7.67,32.49,0.85,1
67.91,4.16,3.09,44.79,0.85,0
50.95,11.71,13.3,26.24,0.85,0
34.59,4.02,6.04,12.36,0.2,1
33.0,6.02,4.69,15.25,0.85,1
26.07,6.21,1.79,34.86,1.0,0
46.88,2.53,15.48,54.49,0.2,0
32.81,3.97,8.35,73.49,0.5,0
53.98,6.84,8.94,14.2,0.85,1
55.98,2.34,10.24,81.49,0.2,0
56.64,12.5,12.27,13.44,0.85,0
43.81,4.94,8.51,19.04,0.2,1
45.58,3.3,15.38,5.38,0.3,1
36.46,2.05,11.76,15.46,0.2,1
18.95,10.34,13.65,49.59,0.5,0
30.62,4.12,4.66,36.62,0.85,1
16.53,5.96,16.02,13.29,0.2,0
50.27,2.25,15.11,15.24,1.0,1
33.86,3.02,13.41,6.34,0.2,0
38.61,7.79,2.06,6.37,0.85,1
48.07,10.18,16.01,9.16,0.85,0
31.74,2.69,7.9,39.77,0.2,1
50.22,5.87,18.83,25.64,0.5,0
64.3,5.81,4.29,34.46,0.85,1
60.76,7.79,2.81,44.38,1.0,0
26.92,6.13,4.69,34.25,0.2,0
44.15,6.73,1.19,21.36,0.85,1
45.66,1.16,10.92,6.01,0.85,0
35.73,5.71,1.93,18.98,0.3,1
46.7,2.01,16.3,22.38,0.5,0
50.98,5.44,10.93,51.31,0.3,0
21.54,8.4,3.34,35.99,1.0,0
53.12,5.21,2.78,22.62,0.85,1
63.47,6.82,6.13,3.37,0.2,1
39.63,7.6,6.53,17.38,0.3,1
49.75,7.23,3.8,52.45,0.3,0
24.15,5.43,4.34,49.6,0.85,0
42.58,5.68,11.69,36.22,0.3,1
32.91,8.22,8.75,7.29,0.5,0
38.95,12.5,10.27,64.59,0.85,0
53.2,2.87,12.57,46.53,0.2,0
57.19,3.53,14.52,5.61,1.0,1
33.43,7.29,5.27,11.42,0.5,1
18.19,11.99,13.42,1.25,0.3,0
28.94,1.78,3.14,0.3,0.5,0
37.04,2.02,2.2,17.35,0.85,1
69.67,4.84,9.1,33.23,0.5,0
41.15,2.73,12.67,5.36,0.3,1
58.18,5.26,21.6,0.77,1.0,0
44.23,7.25,7.93,55.42,0.2,0
42.05,4.58,7.8,43.65,0.85,0
60.8,3.55,10.47,17.12,1.0,0
22.96,7.07,19.26,11.66,1.0,0
57.95,1.7,11.94,27.77,0.2,0
58.65,3.09,14.47,6.64,0.85,0
51.05,5.5,9.24,12.99,0.85,1
37.21,5.94,11.87,7.29,0.2,1
49.4,6.63,3.5,10.0,0.2,1
24.11,3.27,8.38,24.71,1.0,0
47.45,1.81,16.46,11.21,0.5,0
50.96,2.78,4.21,67.17,1.0,0
47.82,2.48,14.1,13.88,0.2,1
44.82,2.47,18.51,78.88,0.2,0
33.95,1.33,18.3,24.55,0.3,0
63.62,2.3,21.76,21.29,0.2,0
45.34,7.95,4.43,26.5,1.0,1
46.8,3.08,18.95,30.51,0.5,0
67.0,6.25,12.3,36.07,1.0,0
41.24,1.35,32.58,38.7,0.2,0
46.35,3.77,19.25,54.1,0.2,0
50.63,3.74,11.74,59.46,1.0,0
43.82,7.15,17.99,24.34,0.5,0
47.24,4.64,5.74,3.49,0.85,1
38.95,3.31,14.25,52.66,0.2,0
40.6,6.08,9.34,0.11,0.85,1
38.16,4.86,14.35,40.41,0.2,1
58.83,3.01,17.45,33.8,0.85,0
34.64,6.05,12.44,0.31,0.5,1
37.1,7.12,9.76,19.32,0.2,1
36.64,7.96,1.68,4.97,0.2,1
33.79,4.0,9.43,7.55,0.2,1
47.34,5.64,4.6,8.42,0.85,1
35.47,5.73,16.3,0.66,0.5,0
56.7,1.66,11.25,3.3,0.85,0
51.86,6.78,5.46,67.3,1.0,0
28.08,5.77,7.49,52.99,1.0,0
32.18,2.97,6.49,25.09,0.5,1
48.88,5.79,18.59,8.12,0.5,0
44.31,1.9,19.59,29.72,1.0,0
43.41,6.61,15.38,5.25,1.0,1
50.39,4.95,6.65,17.23,0.85,1
35.28,3.28,13.36,55.56,1.0,0
43.22,2.04,10.27,18.98,0.2,1
54.37,2.92,6.46,61.02,0.2,0
19.36,1.88,18.91,47.12,0.85,0
55.04,6.33,8.28,37.41,1.0,0
48.79,6.08,5.52,18.14,0.2,1
30.47,7.31,5.14,43.26,0.85,0
28.59,2.12,11.25,54.81,1.0,0
55.74,1.99,11.3,19.68,0.2,1
47.25,1.88,19.74,6.21,0.85,0
58.61,2.47,3.41,28.56,0.85,1
43.68,7.84,4.62,13.82,0.2,1
35.28,8.29,5.03,25.9,1.0,0
61.48,4.34,7.42,23.72,0.85,1
36.54,12.5,9.2,12.69,0.5,0
28.76,2.77,8.4,3.49,0.5,1
26.02,3.81,18.45,16.38,0.5,0
43.91,12.5,11.85,39.06,1.0,0
56.58,4.15,14.41,7.89,0.5,1
26.52,7.71,15.69,2.83,0.85,0
51.57,6.63,9.24,37.23,0.85,1
53.33,3.07,10.81,15.68,0.3,1
45.69,12.5,6.44,5.49,1.0,0
40.55,6.81,13.46,20.6,1.0,1
36.7,5.0,11.45,39.06,0.2,0
28.57,2.19,9.45,68.44,1.0,0
43.62,4.52,5.36,69.79,0.5,0
24.21,8.12,16.77,16.62,1.0,0
44.84,4.41,5.89,7.41,1.0,1
59.38,5.1,8.96,5.62,0.2,1
51.32,6.31,12.34,20.52,1.0,1
36.58,1.8,4.48,20.83,0.2,0
49.27,2.24,18.47,9.5,0.2,0
49.8,6.93,3.46,14.74,0.2,1
61.61,3.94,13.21,34.64,0.3,0
49.75,4.82,15.7,21.81,0.5,1
53.69,5.17,11.15,47.01,0.2,0
48.66,4.09,2.89,6.07,0.85,1
15.3,12.5,2.32,40.93,0.2,0
46.09,9.09,12.99,62.38,0.85,0
51.8,3.14,12.04,18.87,0.3,1
57.59,3.86,21.61,29.6,0.85,0
36.8,7.99,15.71,12.61,0.3,1
45.01,7.81,2.61,18.17,0.2,1
28.27,2.62,7.32,30.73,0.5,0
59.49,2.75,10.55,16.59,0.3,1
34.75,4.73,3.23,39.21,1.0,1
39.05,9.59,5.35,14.21,1.0,0
50.08,3.12,3.91,71.77,0.5,0
41.23,7.24,10.52,35.44,1.0,0
24.12,3.34,12.35,29.58,1.0,0
59.23,4.96,4.52,11.89,0.85,1
63.76,8.89,16.01,7.39,0.2,0
44.44,1.96,6.04,14.92,0.3,1
40.67,5.21,16.15,20.35,1.0,0
36.17,2.32,11.46,67.33,0.85,0
49.29,12.5,12.1,6.33,0.3,0
38.46,4.15,7.0,0.71,0.5,1
59.13,8.37,16.05,33.35,1.0,0
54.53,1.84,10.89,29.5,0.85,1
64.33,9.54,8.52,34.12,0.2,0
53.66,7.74,4.7,17.83,0.85,1
61.07,10.45,2.41,10.6,0.5,0
51.48,8.37,21.24,3.55,0.85,0
51.81,3.32,22.11,2.46,0.3,0
25.41,1.43,9.65,26.79,0.5,0
64.0,4.62,7.8,19.31,1.0,1
18.64,4.18,14.76,6.04,0.85,0
40.07,5.25,7.67,5.6,0.2,1
56.29,5.84,8.04,1.78,0.2,1
46.92,10.17,17.33,34.24,0.5,0
52.62,8.57,6.54,8.91,0.2,0
42.37,9.79,5.69,7.14,0.85,0
31.35,4.2,19.76,19.17,0.85,0
53.89,7.9,2.82,14.13,0.85,1
63.21,7.71,3.62,54.13,0.3,0
38.02,9.96,8.7,50.16,1.0,0
42.63,4.62,22.12,35.8,0.85,0
19.37,12.5,17.81,35.05,0.85,0
63.02,12.5,14.26,18.92,0.85,0
63.29,2.5,11.8,41.74,0.85,1
25.09,5.07,10.02,5.46,0.2,0
31.63,6.88,10.23,52.74,0.3,0
35.52,5.87,10.8,15.02,0.5,1
47.23,2.4,4.95,19.88,0.5,1
48.81,2.62,1.36,48.74,1.0,0
46.46,2.74,5.4,56.47,0.5,0
46.45,2.78,14.34,24.65,1.0,1
43.61,5.4,1.69,53.08,0.2,0
49.74,12.5,13.5,25.71,0.2,0
43.93,2.21,9.97,29.29,1.0,0
31.81,4.5,10.62,63.11,0.2,0
54.49,4.91,3.77,18.9,0.85,1
21.91,11.83,10.07,15.19,0.3,0
26.47,7.48,2.28,37.3,0.5,0
49.8,5.64,14.22,0.84,0.85,1
45.11,2.55,13.75,16.9,0.2,1
50.27,6.03,12.49,6.0,0.3,1
54.29,8.27,1.4,22.12,0.2,0
57.1,2.17,4.09,5.13,0.5,1
33.32,5.62,4.92,20.86,0.85,1
65.66,6.66,9.15,10.5,0.85,1
55.32,7.31,14.7,3.14,1.0,1
51.12,6.78,4.37,30.99,0.3,1
61.81,9.16,9.16,4.09,0.2,0
49.98,2.08,15.48,59.9,0.5,0
48.93,9.63,7.21,61.58,0.85,0
47.85,1.89,8.37,20.68,0.2,1
49.19,7.01,9.02,1.66,0.5,1
59.86,9.5,12.02,35.47,1.0,0
37.5,3.53,6.55,35.68,0.2,1
50.76,2.76,8.0,24.39,1.0,1
26.39,3.52,13.14,56.41,0.5,0
60.08,3.65,7.88,4.43,0.2,1
60.79,4.12,11.54,9.92,0.85,1
49.25,7.58,5.86,14.79,0.85,1
56.92,4.69,18.03,25.56,0.85,0
52.44,6.01,14.41,12.37,0.5,1
44.63,3.41,18.19,42.12,0.5,0
57.9,3.13,3.57,9.84,0.5,1
35.56,3.23,9.29,29.15,0.3,1
60.2,5.92,3.08,61.32,0.5,0
61.91,6.52,1.44,42.38,0.85,0
51.02,8.14,15.63,23.82,0.85,1
60.49,6.77,5.94,44.75,0.2,0
52.44,5.19,11.39,13.72,0.3,1
50.82,4.25,11.07,18.37,0.85,1
51.44,2.22,16.62,22.82,0.85,0
56.34,3.49,8.03,47.78,0.85,0
47.79,1.71,23.97,36.7,0.2,0
42.75,4.99,7.43,9.3,0.85,1
51.92,3.04,19.37,18.48,0.5,0
44.25,3.83,27.24,10.57,0.5,0
51.49,5.58,1.74,14.36,0.3,1
37.86,3.86,8.72,13.2,1.0,1
42.11,3.08,5.09,25.5,1.0,1
19.69,2.93,8.72,8.4,1.0,0
54.89,9.22,12.17,11.49,0.85,0
40.0,5.16,1.79,0.24,0.5,1
38.58,6.41,14.37,18.71,0.5,1
44.84,2.75,4.05,63.53,0.5,0
38.46,2.25,8.5,3.59,0.2,1
56.94,1.22,8.66,20.1,1.0,0
55.28,3.54,9.45,66.98,0.5,0
47.88,11.56,1.91,46.57,0.85,0
56.15,6.15,7.78,59.13,1.0,0
42.36,3.63,4.06,21.8,0.2,1
33.47,7.83,6.5,1.31,0.5,1
37.63,2.11,2.58,13.0,0.3,1
68.07,8.56,9.08,19.66,0.2,0
57.83,9.57,8.05,41.08,0.85,0
41.15,3.61,8.58,18.69,0.85,1
42.36,3.91,10.27,28.83,0.2,1
42.91,5.51,4.01,42.7,1.0,0
47.22,2.2,31.26,18.4,0.5,0
39.31,4.65,14.18,40.67,1.0,1
31.18,12.5,7.14,8.57,0.2,0
53.19,3.24,12.46,15.63,0.2,1
33.1,4.31,7.1,3.09,0.2,1
46.39,4.44,18.92,32.19,0.2,0
54.47,7.9,20.08,10.23,0.2,0
61.66,5.92,29.8,71.01,0.3,0
33.94,7.65,5.49,29.52,1.0,1
50.16,3.52,3.68,10.91,0.85,1
43.67,6.76,6.01,4.1,0.5,1
25.78,2.18,5.52,30.01,1.0,0
45.42,1.72,8.87,37.9,0.85,0
36.6,8.29,1.77,18.26,0.85,0
27.04,2.72,9.54,1.05,0.3,0
51.04,1.37,3.96,35.95,0.5,0
58.0,4.67,4.78,38.4,0.85,1
52.52,6.5,1.69,25.99,0.5,1
64.74,1.6,12.74,64.47,1.0,0
59.91,3.96,3.78,39.61,0.5,1
53.75,6.27,10.28,14.51,1.0,1
45.36,6.1,16.81,19.89,0.5,0
41.18,1.33,5.96,14.07,0.2,0
59.77,5.29,1.93,43.51,0.3,0
52.76,5.54,8.61,41.72,0.85,1
59.16,4.69,7.43,6.74,0.2,1
51.4,8.63,8.43,39.08,0.2,0
44.86,4.15,1.99,6.8,0.85,1
38.38,6.59,7.21,4.1,0.2,1
19.8,5.18,2.23,38.93,0.85,0
25.73,5.84,18.59,34.9,0.5,0
37.37,4.94,8.78,14.12,0.2,1
45.19,4.53,20.18,4.43,0.85,0
46.8,9.4,3.36,13.86,0.3,0
52.84,3.3,7.17,11.93,0.85,1
48.5,3.14,8.6,25.28,0.85,1
29.79,9.07,25.68,45.97,0.5,0
68.4,3.34,3.67,5.53,1.0,1
56.33,1.53,12.96,0.8,0.85,0
46.48,4.59,20.18,30.29,1.0,0
26.55,1.79,9.4,57.91,0.85,0
44.96,0.8,19.81,5.12,0.2,0
25.62,4.54,5.26,37.08,0.3,0
25.7,6.27,6.04,7.75,0.5,0
22.46,8.64,1.82,22.67,0.85,0
56.15,7.7,10.62,1.99,1.0,1
25.22,2.08,10.06,22.89,0.85,0
52.71,3.84,11.38,40.03,0.2,0
27.94,6.81,16.53,47.06,0.5,0
34.28,4.36,10.15,15.78,0.85,1
51.82,3.02,4.32,36.92,0.2,1
36.57,1.25,1.57,41.46,1.0,0
67.61,4.8,2.29,9.38,0.2,1
42.78,2.05,10.94,11.63,0.2,1
46.08,5.78,12.26,57.96,0.2,0
42.66,3.35,6.2,33.23,1.0,1
43.22,3.49,13.86,11.52,0.5,1
40.88,6.89,6.59,36.09,0.2,1
56.0,3.23,11.39,16.11,0.2,1
42.24,2.86,17.79,33.86,1.0,0
34.56,5.38,4.72,43.31,0.85,0
30.75,3.29,15.31,57.61,0.85,0
30.21,4.23,1.0,35.88,0.2,1
40.45,10.41,13.92,20.48,0.85,0
53.09,5.02,5.5,53.69,0.5,0
48.41,4.29,1.0,23.32,0.2,1
50.2,7.78,1.0,7.41,0.2,1
38.76,1.09,8.26,35.68,0.85,0
25.1,8.29,3.35,9.61,0.3,0
40.08,1.06,8.99,8.31,0.3,0
67.74,10.17,14.69,13.19,0.5,0
40.21,1.9,10.9,12.84,0.2,1
38.29,4.83,13.83,19.32,0.5,0
52.45,1.83,9.38,74.11,1.0,0
64.03,7.32,11.45,39.83,0.3,1
31.7,8.15,10.84,9.04,0.85,1
40.0,7.88,4.32,31.57,0.2,1
51.1,2.98,7.49,39.91,0.2,1
27.35,5.89,12.11,16.15,0.5,0
45.66,10.24,12.25,31.9,0.5,0
45.55,4.22,4.74,37.54,0.2,1
47.39,4.28,9.87,45.52,1.0,0
52.4,6.26,3.05,76.28,1.0,0
43.8,2.97,13.37,35.47,0.2,0
51.13,2.25,12.66,6.76,0.3,1
32.58,1.4,13.64,56.42,0.5,0
41.76,6.44,3.61,49.23,0.3,0
51.34,3.57,6.44,24.1,0.3,1
46.8,5.68,6.38,1.97,0.85,1
34.87,4.15,4.3,16.15,0.3,1
31.0,8.18,1.9,36.56,0.3,0
46.8,9.1,11.87,46.52,0.2,0
32.52,4.91,10.39,20.23,0.2,1
36.93,10.29,7.36,36.25,0.2,0
30.66,2.96,7.07,18.31,0.3,1
29.59,2.79,6.13,16.61,1.0,1
36.39,5.12,3.42,28.9,1.0,1
30.91,5.92,6.22,45.66,0.5,0
58.44,9.0,10.08,21.65,0.85,0
16.73,4.51,1.14,11.79,0.85,0
62.52,5.44,4.08,6.45,0.5,1
52.03,12.5,8.51,10.71,1.0,0
39.69,2.59,4.66,28.06,1.0,1
30.63,3.96,4.52,25.98,0.85,1
32.62,6.07,6.9,24.19,0.85,1
55.08,11.72,7.24,11.17,0.5,0
65.55,3.57,5.57,32.13,0.2,1
30.26,1.74,3.73,24.68,0.85,0
51.58,10.29,9.26,28.47,0.2,0
43.18,3.35,9.95,26.61,0.2,1
70.13,2.77,6.73,13.01,0.85,1
40.95,3.66,16.18,2.9,0.5,0
48.86,2.93,15.92,39.62,1.0,0
44.14,5.93,23.15,32.86,0.2,0
49.85,7.27,9.46,36.11,0.3,1
41.92,4.69,11.6,9.05,0.5,1
39.37,4.15,23.03,57.05,1.0,0
48.03,8.01,16.47,61.56,0.2,0
36.36,3.0,14.1,0.34,0.5,1
51.97,2.96,15.55,11.76,0.3,0
42.27,4.76,10.7,35.04,0.2,1
48.77,2.02,16.81,8.02,0.2,0
32.95,1.81,16.52,10.35,0.85,0
48.9,3.49,10.39,29.53,0.2,1
34.01,3.96,6.85,29.83,0.85,1
25.99,8.29,8.91,17.12,0.85,0
57.99,4.31,1.0,7.19,0.85,1
45.62,3.53,21.9,27.26,0.3,0
47.0,2.28,6.65,9.77,0.3,1
41.01,7.62,9.3,8.56,1.0,1
54.47,3.31,15.29,48.45,0.2,0
43.96,2.81,4.34,83.59,0.85,0
43.85,4.35,17.72,13.62,0.5,0
34.58,7.92,4.32,2.21,1.0,1
38.14,5.75,3.33,11.81,1.0,1
25.38,6.11,12.43,6.7,0.2,0
65.69,3.2,7.62,5.21,0.5,0
54.08,6.71,7.0,1.3,0.2,1
24.82,7.05,8.31,18.76,0.5,0
50.18,6.1,7.94,8.41,0.2,1
34.22,7.41,2.49,37.49,0.3,1
51.34,12.21,1.88,4.25,0.85,0
64.59,9.08,7.82,7.65,0.2,0
22.65,2.68,3.03,20.13,0.85,0
31.81,2.92,5.25,20.98,0.3,1
21.32,7.49,15.81,47.22,0.85,0
42.51,5.55,5.63,30.7,0.85,1
32.04,10.72,18.52,15.94,1.0,0
42.22,8.59,8.15,25.41,0.2,0
54.41,3.47,10.24,19.41,1.0,1
26.07,2.11,5.17,0.76,0.5,0
49.2,7.36,1.22,8.84,0.85,1
65.81,3.21,8.24,11.08,0.5,1
64.4,3.91,11.04,7.65,0.3,1
41.51,3.22,4.67,27.48,0.5,1
59.21,4.66,18.26,62.5,0.85,0
17.46,6.74,4.61,11.66,0.2,0
59.56,4.13,13.19,21.67,0.2,1
41.91,5.03,10.18,20.22,0.85,1
49.13,4.34,2.32,18.47,1.0,1
46.92,7.42,8.32,26.76,0.85,0
41.83,8.38,3.72,24.81,0.5,0
47.48,7.8,6.98,11.81,0.2,1
48.23,10.41,9.17,15.45,0.2,0
32.0,1.98,6.78,31.72,0.85,0
31.23,8.52,5.62,3.46,0.5,0
36.61,3.62,8.29,9.37,0.2,1
62.26,3.97,10.75,67.48,0.5,0
50.16,1.43,16.4,50.55,0.5,0
51.03,6.25,10.13,0.52,0.5,1
48.75,2.13,5.53,8.91,0.5,1
65.82,6.15,19.19,5.37,0.3,0
52.73,2.57,4.43,57.15,1.0,0
53.89,5.92,5.53,42.58,0.2,0
66.81,8.45,3.31,14.52,0.5,0
42.1,5.8,10.72,25.07,0.5,1
51.27,4.19,4.04,21.79,0.85,1
68.34,4.93,3.4,4.67,0.2,1
47.52,1.99,14.04,25.33,0.85,1
34.99,3.75,12.44,11.62,1.0,1
63.57,5.5,16.46,35.63,0.2,0
58.36,1.79,9.94,13.45,1.0,0
37.23,1.15,5.61,7.93,0.2,0
56.09,6.59,12.91,23.66,0.3,1
58.54,3.82,8.62,53.1,0.3,0
64.99,5.19,8.66,17.16,0.5,1
41.48,6.62,4.67,7.73,0.5,1
48.32,4.91,13.23,49.7,0.3,0
36.31,6.88,16.19,23.62,0.85,0
51.01,3.05,7.8,31.7,1.0,1
56.77,5.28,4.91,57.15,0.2,0
58.17,1.36,3.84,11.93,0.2,0
54.8,4.72,3.58,40.92,1.0,1
36.04,2.17,6.59,40.68,0.5,1
43.98,11.96,14.14,2.81,1.0,0
46.91,3.9,18.24,22.52,1.0,0
32.8,2.8,14.37,22.02,0.3,1
66.15,4.03,7.29,16.95,0.85,1
52.48,4.05,11.04,52.77,1.0,0
56.3,1.85,3.78,2.12,0.5,1
65.05,7.9,13.32,34.87,0.2,0
60.21,8.4,11.6,29.06,0.85,0
46.32,11.9,8.49,23.53,0.2,0
54.21,8.69,13.31,11.49,0.85,0
48.03,7.81,12.34,10.62,0.5,1
34.48,6.09,17.46,26.3,1.0,0
52.0,5.77,8.88,10.0,1.0,1
50.11,4.48,14.68,5.8,1.0,1
38.31,5.34,10.78,4.49,0.3,1
48.44,5.53,12.39,28.44,0.5,1
38.14,5.43,3.97,51.01,0.2,0
32.37,7.8,6.75,6.27,1.0,1
40.51,2.83,5.19,7.3,0.5,1
36.34,5.85,3.5,28.47,1.0,1
61.13,4.0,9.25,57.83,0.2,0
41.75,6.33,3.99,1.95,0.2,1
44.93,9.44,4.88,14.18,0.3,0
46.04,5.86,8.7,64.41,0.5,0
54.26,10.04,10.09,39.04,0.85,0
39.74,8.75,5.49,25.67,0.5,0
67.77,7.66,3.7,10.6,0.85,1
47.12,7.18,13.41,7.36,0.5,1
34.0,2.82,12.87,4.22,0.2,1
47.61,5.44,5.33,3.68,0.85,1
44.12,8.93,12.78,9.87,1.0,0
43.96,12.5,5.13,49.24,0.85,0
42.44,1.96,10.89,2.99,0.2,1
43.16,1.64,12.23,18.97,0.2,0
37.65,2.56,6.84,44.3,0.5,0
43.21,4.71,5.72,14.36,0.5,1
30.87,12.5,10.24,51.48,0.85,0
38.3,4.76,1.8,24.7,0.3,1
54.55,3.83,23.35,41.63,1.0,0
48.17,2.37,2.23,13.05,0.5,1
36.72,4.88,18.93,6.74,0.5,0
30.15,12.5,26.61,15.16,0.2,0
39.88,2.97,3.57,73.44,1.0,0
43.19,3.24,9.85,1.33,1.0,1
64.39,7.49,11.99,46.33,0.3,0
34.99,9.31,14.43,3.25,0.3,0
61.54,3.48,2.06,24.83,0.3,1
34.75,5.08,7.1,44.7,1.0,0
21.95,7.12,5.05,10.74,0.2,0
34.75,5.04,16.97,15.68,0.2,0
52.8,6.78,22.33,64.56,0.3,0
40.25,7.78,11.24,7.44,0.3,1
30.95,4.67,10.86,8.78,0.5,1
32.0,3.95,8.3,23.63,1.0,1
25.68,1.97,4.9,49.54,1.0,0
55.63,2.15,4.8,24.62,0.5,1
39.87,2.31,7.96,12.35,0.2,1
56.09,7.78,3.9,37.42,1.0,1
47.82,9.94,7.24,31.54,0.5,0
51.66,2.33,11.96,9.2,0.2,1
27.49,7.04,16.83,5.4,0.2,0
60.74,2.27,9.76,21.92,0.2,0
46.69,1.37,9.53,1.75,1.0,0
55.79,12.12,4.67,30.49,0.2,0
67.19,2.5,14.55,50.05,0.5,0
24.66,4.7,10.27,10.47,1.0,0
33.16,1.24,20.76,47.76,1.0,0
50.17,7.64,11.28,24.83,0.85,1
43.18,4.16,10.41,8.08,1.0,1
56.14,5.11,6.08,0.81,0.85,1
36.22,5.21,10.56,62.71,0.2,0
54.39,2.53,11.59,35.39,1.0,1
54.15,3.04,6.07,40.81,0.5,1
48.21,2.14,2.33,15.76,0.85,1
33.55,5.88,11.93,35.87,1.0,1
46.53,5.12,8.97,25.56,0.85,1
50.66,4.73,7.44,5.44,0.5,1
38.88,7.08,12.53,14.11,0.2,1
30.93,5.76,12.91,54.8,1.0,0
47.51,4.37,6.54,2.41,0.85,1
62.14,7.19,2.3,17.97,0.85,1
58.27,3.25,4.87,7.29,0.5,1
40.36,1.92,18.52,20.29,0.2,0
44.01,4.04,6.12,30.84,1.0,1
40.72,3.19,4.03,28.9,0.85,1
37.15,8.69,16.45,39.3,0.2,0
27.29,6.98,1.82,43.1,1.0,0
34.65,2.72,14.52,74.87,1.0,0
30.17,2.44,13.73,39.34,0.85,0
58.44,3.31,9.95,35.55,1.0,1
29.68,4.48,11.07,24.36,0.85,1
44.52,4.68,4.25,10.16,0.3,1
43.84,3.28,9.96,27.24,1.0,0
34.94,5.35,9.6,8.42,0.5,1
39.88,3.03,4.46,46.7,0.2,0
40.44,10.47,13.02,50.52,0.85,0
45.69,4.17,1.77,11.92,0.5,1
58.11,7.26,6.96,7.54,0.2,1
48.08,7.65,11.31,18.33,0.2,1
41.09,4.57,14.33,40.06,0.2,1
55.37,3.47,9.97,24.08,0.2,1
34.75,1.93,18.39,34.98,0.85,0
55.62,2.88,7.13,59.63,0.5,0
25.4,4.19,21.61,13.71,0.2,0
57.17,2.86,5.23,24.47,0.2,1
60.6,3.74,8.7,5.1,0.3,1
67.99,11.39,18.28,18.67,0.3,0
58.08,4.0,9.71,24.2,0.5,1
23.35,5.94,11.14,39.86,0.85,0
50.14,7.7,18.38,6.92,0.5,0
40.66,10.74,19.77,2.32,0.5,0
39.84,6.2,5.11,18.72,0.85,1
34.67,0.8,14.14,25.49,0.5,0
62.48,5.39,20.8,49.08,0.85,0
39.12,2.47,1.81,16.73,0.5,1
55.16,3.26,9.01,40.22,1.0,1
47.19,4.64,15.49,4.67,0.5,1
36.53,7.6,7.84,29.11,1.0,1
40.0,4.68,8.82,64.75,0.5,0
44.5,2.67,20.66,45.31,0.5,0
61.88,7.73,11.9,50.79,0.2,0
63.62,2.74,10.79,16.23,0.5,1
59.94,0.8,13.83,16.38,0.5,0
34.11,3.29,14.15,63.74,0.2,0
63.12,2.84,13.79,21.5,0.5,1
48.46,5.06,5.32,4.51,1.0,1
29.23,7.51,1.0,14.6,0.85,0
47.83,2.73,9.83,44.12,0.3,0
52.39,4.91,2.0,15.9,0.2,1
53.71,9.33,1.0,23.8,0.85,0
43.35,2.56,28.02,8.95,1.0,0
17.06,5.28,10.17,14.7,0.2,0
42.85,12.5,12.02,44.78,1.0,0
45.66,5.77,25.3,13.61,0.5,0
30.24,4.31,7.72,30.57,0.85,1
40.82,6.39,16.84,16.15,0.85,0
65.83,7.52,12.69,3.18,0.85,1
23.12,5.15,6.44,39.81,0.5,0
55.86,11.32,2.85,26.38,0.5,0
46.83,3.83,11.03,11.38,0.2,1
43.21,3.14,23.36,16.77,0.85,0
58.15,5.88,9.77,23.23,0.85,1
52.78,4.31,20.62,19.96,0.2,0
68.28,8.86,2.75,67.92,0.2,0
59.8,8.03,19.23,33.89,1.0,0
67.27,5.48,19.44,20.97,1.0,0
57.73,6.48,7.51,48.79,0.2,0
41.67,3.77,3.15,7.31,1.0,1
41.2,5.52,21.51,25.26,0.85,0
20.8,1.15,16.61,35.92,0.2,0
46.38,9.38,21.0,1.1,0.2,0
48.49,5.93,5.98,0.83,1.0,1
48.14,6.34,6.4,12.73,0.2,1
50.63,4.64,8.94,46.88,0.3,0
45.2,5.28,10.21,23.52,1.0,1
37.53,4.27,10.27,25.3,1.0,1
49.51,6.35,4.95,7.7,0.2,1
63.24,4.55,1.55,18.9,0.3,1
32.88,4.5,18.6,15.52,0.85,0
48.54,0.85,13.09,45.29,0.5,0
35.53,5.65,3.48,18.66,1.0,1
56.66,6.22,10.75,27.77,1.0,0
20.07,7.05,4.65,7.87,0.5,0
35.08,6.34,1.87,5.89,1.0,1
55.07,1.21,4.35,22.34,0.3,0
66.26,5.06,12.66,29.92,0.3,1
65.15,4.65,8.88,2.69,0.85,1
63.74,3.55,6.08,37.17,0.5,1
35.75,8.08,13.15,29.87,1.0,1
38.18,5.43,8.63,29.45,0.2,1
36.31,8.15,7.08,38.63,0.3,0
63.23,1.63,2.71,2.94,1.0,0
47.35,3.68,3.48,16.6,1.0,1
59.0,1.02,5.79,37.35,1.0,0
39.84,9.78,5.79,7.34,1.0,0
46.97,8.24,4.95,5.52,0.5,0
66.94,10.71,3.19,13.89,0.2,0
49.2,8.96,10.75,27.46,0.2,0
34.24,5.09,8.85,11.02,0.2,1
34.54,3.76,11.05,19.45,1.0,1
47.63,6.49,8.61,14.9,0.85,1
40.34,3.88,10.54,1.03,0.2,1
42.66,6.58,16.04,18.41,0.3,0
34.41,3.92,2.16,6.72,0.85,1
43.63,7.46,9.84,29.27,0.5,1
46.7,2.76,6.13,20.81,1.0,1
34.23,7.32,4.71,31.95,1.0,1
44.24,2.28,5.88,18.0,0.85,1
38.21,4.12,16.28,53.45,0.85,0
55.57,1.89,16.03,12.55,0.5,0
52.97,4.29,3.47,0.47,0.85,1
61.71,1.91,17.19,11.21,0.2,0
29.16,3.5,13.08,50.16,1.0,0
46.95,6.03,1.66,54.01,1.0,0
42.59,3.76,13.35,5.27,1.0,1
59.0,3.36,1.07,71.99,1.0,0
32.73,3.01,8.34,6.6,0.5,1
40.29,2.52,5.65,23.14,0.3,0
50.94,2.43,9.61,35.95,0.2,1
58.68,7.1,14.91,33.72,0.85,1
61.56,8.86,2.07,32.03,0.85,0
54.74,4.75,6.44,38.61,0.2,1
15.19,8.21,8.38,34.64,0.85,0
25.66,11.06,14.09,57.59,0.85,0
27.84,4.33,7.58,5.8,1.0,0
16.47,3.49,3.45,55.35,1.0,0
48.03,3.54,2.07,25.01,0.85,1
19.66,6.12,10.69,6.5,1.0,0
30.16,12.5,2.33,26.93,0.3,0
56.25,1.72,14.85,20.36,0.2,0
34.84,12.5,14.71,21.66,1.0,0
29.64,3.4,26.98,43.84,1.0,0
52.03,4.12,8.69,0.76,0.5,1
54.87,6.76,6.98,52.99,0.2,0
36.06,12.5,20.95,44.94,0.85,0
53.36,0.8,14.37,36.77,0.5,0
41.97,3.02,5.31,14.52,0.2,1
62.33,11.71,15.01,4.08,0.85,0
59.18,1.08,15.97,8.61,0.2,0
59.99,2.3,16.05,22.14,0.85,0
53.88,4.78,15.17,12.72,1.0,1
32.48,2.87,6.21,18.98,0.85,1
60.33,4.88,6.66,41.72,0.3,1
54.11,5.93,17.02,14.46,0.85,0
50.85,4.55,5.49,23.23,0.5,1
55.8,8.0,7.88,17.59,0.5,1
54.01,9.45,2.81,17.2,0.85,0
39.91,9.37,12.9,38.32,1.0,0
57.93,2.6,9.92,48.52,0.5,0
60.87,9.25,11.92,30.94,0.85,0
58.31,12.5,6.44,7.76,0.85,0
45.62,6.08,12.67,26.26,0.2,1
53.3,4.76,9.82,19.19,0.85,1
46.49,4.98,23.17,13.45,0.2,0
23.5,2.01,1.0,70.89,0.2,0
26.49,6.55,11.4,4.27,1.0,0
62.56,3.52,5.26,9.17,0.3,1
43.25,12.5,3.84,78.38,0.5,0
43.34,8.78,9.94,40.81,0.2,0
51.32,6.98,7.46,29.68,1.0,1
32.46,5.96,9.18,3.97,0.2,1
59.04,1.06,5.59,9.44,0.5,0
35.34,9.2,13.67,25.06,0.3,0
53.81,3.53,11.11,18.73,0.85,1
43.08,4.55,10.21,12.92,0.2,1
28.38,5.32,12.4,62.24,0.5,0
36.01,12.5,13.37,8.95,1.0,0
34.67,10.0,9.8,24.78,1.0,0
59.13,1.27,3.78,12.47,1.0,0
40.65,2.91,5.68,21.25,0.85,1
61.46,10.9,3.21,0.51,0.85,0
27.58,4.63,4.22,58.94,0.3,0
42.38,2.2,2.73,84.7,0.3,0
62.44,5.65,9.39,13.14,0.85,1
40.84,6.18,12.35,20.87,0.85,1
40.44,2.16,3.94,3.56,0.5,1
47.85,6.9,2.02,34.61,0.2,1
47.36,1.39,8.34,16.05,0.5,0
51.98,10.59,22.11,11.48,0.2,0
53.46,7.77,10.49,42.37,0.85,0
25.25,8.25,14.63,58.03,0.2,0
36.02,4.89,4.81,61.3,0.2,0
40.17,9.72,18.78,18.15,0.2,0
50.42,6.08,8.06,8.59,0.2,1
33.78,9.76,6.19,2.13,0.3,0
19.57,5.29,9.31,17.43,0.2,0
38.93,10.09,14.27,64.99,1.0,0
49.73,3.26,14.04,69.83,0.5,0
46.36,2.84,7.34,15.24,0.2,0
34.38,5.83,4.42,29.34,0.2,1
59.07,3.56,3.97,2.75,0.5,1
49.52,5.1,5.79,18.75,0.85,1
58.51,1.26,18.87,65.91,0.2,0
47.74,6.98,4.97,32.73,1.0,1
68.23,9.5,10.9,9.96,0.5,0
49.22,3.5,5.65,28.64,0.3,1
62.23,6.36,15.22,36.82,1.0,0
35.35,7.79,12.05,17.79,0.2,1
46.79,3.78,15.73,14.47,0.2,1
49.19,1.9,8.36,29.43,0.85,1
62.14,5.55,10.08,29.47,1.0,0
43.57,7.34,5.26,45.54,1.0,0
46.54,2.61,3.49,34.34,1.0,1
42.33,8.93,17.15,39.92,0.5,0
23.44,6.34,5.99,40.27,0.2,0
19.23,3.34,12.81,20.21,0.5,0
51.69,11.29,4.93,32.46,0.2,0
59.86,3.74,7.68,39.67,0.85,1
39.61,1.24,25.26,55.32,0.5,0
53.34,8.09,3.27,6.01,0.85,1
46.89,2.89,5.25,3.63,1.0,1
25.2,4.06,12.86,12.08,0.3,0
25.8,3.63,3.31,30.2,0.5,0
55.53,8.01,15.61,19.76,0.5,1
43.13,5.79,1.42,7.66,1.0,1
58.52,2.4,9.01,8.75,0.5,0
61.67,2.34,7.26,38.6,0.85,1
41.6,2.13,3.66,6.28,1.0,1
41.81,3.84,11.2,27.92,0.85,1
33.82,8.66,21.5,19.05,1.0,0
53.31,4.41,10.31,66.15,1.0,0
34.92,10.64,4.77,74.83,1.0,0
50.37,4.84,3.12,49.76,0.5,0
57.35,1.95,14.33,36.35,0.2,0
46.14,1.6,15.62,38.37,0.85,0
44.88,8.72,10.65,8.71,0.3,0
39.94,6.72,1.0,5.3,0.2,1
44.41,2.98,3.11,63.59,0.2,0
36.32,1.84,12.04,16.1,1.0,1
43.71,2.79,6.17,9.9,0.5,1
36.63,7.11,5.89,40.9,1.0,1
46.59,8.48,7.24,22.38,1.0,0
23.61,1.69,14.33,8.97,0.5,0
53.27,2.43,14.06,54.9,0.85,0
19.3,12.03,5.67,12.68,0.85,0
34.57,7.21,13.33,43.67,1.0,0
58.4,2.33,5.82,12.05,0.2,1
36.91,3.13,4.41,52.81,1.0,0
50.33,10.3,17.94,20.07,0.85,0
39.13,3.61,7.98,3.03,1.0,1
68.11,3.88,10.91,0.25,0.2,1
31.48,3.82,4.05,55.7,1.0,0
29.94,3.86,3.24,43.14,0.5,0
24.42,7.52,13.11,25.19,0.5,0
31.24,5.68,13.27,35.38,0.5,1
40.64,7.47,11.52,53.27,0.3,0
47.69,3.21,8.22,59.19,0.3,0
59.18,0.91,16.07,38.56,0.2,0
54.07,3.49,2.34,22.27,0.85,1
30.86,4.17,14.32,9.92,0.5,1
35.48,6.12,5.9,27.2,0.5,1
68.06,4.0,17.72,8.97,0.85,0
37.87,2.49,4.82,52.96,0.2,0
41.21,1.52,3.54,26.14,0.85,0
50.6,12.5,6.26,1.7,1.0,0
32.74,7.71,6.5,26.81,0.2,1
51.07,5.6,11.42,6.95,0.5,1
22.75,5.05,4.09,26.11,0.2,0
35.12,3.49,6.24,22.44,0.3,1
26.64,4.37,10.57,23.63,0.85,0
52.25,2.62,6.0,23.37,0.3,1
48.83,4.84,7.53,44.68,1.0,0
35.84,7.12,3.71,18.03,0.2,1
45.21,4.2,3.36,39.02,0.2,1
64.98,1.19,13.0,19.67,0.2,0
37.21,6.31,2.49,40.89,0.2,1
61.03,5.59,21.6,49.03,0.85,0
26.38,8.0,12.38,43.2,0.3,0
39.69,4.51,13.96,9.45,0.3,1
49.36,7.53,8.76,2.81,0.2,0
55.63,1.55,5.07,45.88,0.5,0
35.67,2.5,19.23,43.42,0.85,0
33.28,3.95,23.03,15.09,0.5,0
53.81,4.85,22.3,43.39,0.2,0
63.5,7.81,6.8,10.26,0.5,0
64.06,5.6,7.12,34.38,0.2,1
43.36,2.67,6.58,0.72,1.0,1
58.49,6.51,3.77,35.79,0.2,0
49.88,3.13,10.62,68.83,0.2,0
56.78,3.77,13.52,69.71,0.85,0
60.07,6.73,16.27,13.97,0.2,0
32.14,2.97,8.29,38.55,0.2,1
53.85,6.59,2.14,34.15,0.2,1
45.52,1.63,6.99,6.68,0.5,0
46.56,2.7,4.15,34.47,0.85,1
35.76,2.56,9.61,15.83,0.5,1
63.12,3.27,11.96,28.8,1.0,1
39.93,3.22,7.47,43.27,0.5,0
65.46,2.62,15.48,28.98,0.85,1
61.57,4.12,12.98,45.0,1.0,0
60.49,1.43,6.34,41.91,0.5,0
34.66,1.42,2.42,11.31,0.2,0
59.23,6.01,7.14,19.58,0.2,1
30.45,2.15,12.34,20.14,0.2,0
55.04,3.53,16.08,28.99,0.5,0
56.53,4.92,10.21,15.48,0.85,1
33.09,11.26,6.05,13.07,0.2,0
30.42,4.75,5.38,51.63,0.3,0
55.32,8.69,2.64,10.25,0.5,0
63.73,5.53,3.67,23.77,1.0,1
24.74,12.5,17.5,19.38,0.85,0
69.55,8.17,3.59,17.32,1.0,1
65.5,4.87,8.65,11.53,0.85,1
59.27,6.63,2.38,17.02,0.2,1
60.35,4.09,2.46,22.67,0.2,1
33.73,4.06,7.62,0.45,1.0,1
58.22,12.5,2.95,19.2,0.85,0
52.67,2.21,16.98,31.37,0.3,0
47.23,4.59,2.88,16.49,0.5,1
59.69,5.85,12.93,12.2,0.2,1
41.96,3.6,15.52,10.04,1.0,1
46.62,6.04,7.67,17.15,0.5,1
56.23,4.07,2.98,20.24,0.2,1
45.34,6.58,3.26,35.48,0.85,1
35.55,2.3,19.96,42.34,1.0,0
59.2,3.07,10.82,14.04,0.5,1
62.4,2.81,2.55,21.63,0.85,1
37.34,1.74,10.69,28.97,0.2,0
44.57,9.25,2.41,15.83,0.3,0
27.05,3.41,8.72,6.81,0.2,0
50.16,7.9,16.89,18.01,0.85,0
31.99,3.55,9.14,23.24,0.2,1
48.24,4.99,7.01,4.34,0.85,1
56.9,11.78,5.12,16.87,0.2,0
65.45,7.97,6.88,2.88,0.5,1
45.75,7.99,17.06,29.48,0.85,0
55.27,4.04,6.27,42.4,1.0,0
33.37,2.1,7.11,33.62,0.3,1
28.21,2.55,14.15,15.37,0.5,1
44.87,4.05,1.95,4.61,1.0,1
45.51,10.28,10.39,11.06,0.85,0
30.77,6.01,1.6,31.63,0.85,0
50.64,8.27,1.0,24.16,0.2,0
35.38,5.86,6.96,5.44,1.0,1
35.46,3.39,4.59,15.44,0.85,1
50.95,3.42,2.93,0.48,1.0,0
39.74,5.75,13.51,18.49,0.3,1
62.79,12.04,12.05,24.5,0.85,0
37.69,4.08,16.39,23.18,0.5,0
41.7,4.89,5.1,33.52,1.0,1
49.67,2.26,8.7,31.57,0.85,1
63.75,6.63,25.2,13.45,0.85,0
56.84,3.97,8.67,33.57,0.85,1
29.2,5.32,9.12,32.46,0.5,1
40.83,3.45,2.72,18.93,0.5,1
34.51,8.08,14.71,4.41,0.85,1
63.44,7.21,8.51,15.62,1.0,1
51.65,2.41,6.35,4.68,1.0,1
44.9,2.11,12.18,20.98,0.2,0
54.44,4.38,9.62,15.46,0.2,1
28.86,3.18,23.07,27.8,0.2,0
34.58,5.81,8.48,47.39,0.5,0
52.57,6.8,18.02,31.82,0.85,0
49.97,12.5,8.84,44.46,0.5,0
31.24,4.28,8.36,11.4,0.85,1
34.39,1.84,2.4,7.31,0.2,1
57.36,3.53,16.49,42.11,0.2,0
37.83,1.79,17.84,7.52,0.3,0
54.65,3.01,1.0,9.2,1.0,1
53.41,5.35,2.32,42.11,0.2,0
42.8,4.54,7.06,22.81,0.5,1
35.09,6.4,5.03,25.6,0.5,1
40.66,3.55,6.68,3.01,1.0,1
50.25,1.61,4.78,22.94,0.3,0
48.91,11.3,12.94,31.36,0.85,0
68.57,3.81,1.0,26.09,0.5,1
27.43,0.8,16.09,29.74,0.85,0
34.6,5.04,4.45,20.77,0.85,1
39.56,5.65,9.97,3.58,0.85,1
34.16,1.51,10.94,38.7,1.0,0
58.22,4.33,6.46,58.23,0.3,0
31.45,5.74,9.63,1.07,0.2,1
53.45,7.87,9.39,51.44,1.0,0
36.59,8.56,3.27,30.71,0.2,0
64.01,6.26,8.1,6.17,0.5,1
33.14,7.67,15.26,8.2,1.0,0
48.55,7.84,20.12,6.74,0.5,0
40.47,5.57,2.65,31.4,0.2,1
48.82,9.67,4.93,2.41,0.2,0
48.52,9.22,10.59,2.15,0.85,0
47.34,0.8,7.37,5.27,0.5,0
37.7,1.49,3.38,11.48,0.3,0
57.95,5.54,2.58,31.24,0.3,1
54.18,4.5,15.77,27.28,0.5,1
47.45,2.65,9.65,31.11,0.5,1
38.45,5.51,6.81,16.34,0.2,1
23.11,9.19,12.43,25.36,0.85,0
40.12,3.55,13.83,34.88,0.85,1
53.13,4.06,8.7,24.19,0.2,1
42.55,5.64,5.43,34.3,0.85,1
41.35,6.29,5.85,32.3,0.85,1
49.84,5.99,4.79,17.88,0.2,1
27.39,1.35,9.24,9.93,0.2,0
27.47,11.04,7.99,41.76,0.85,0
44.74,6.6,8.01,31.97,1.0,1
41.03,12.5,9.45,34.48,1.0,0
40.61,6.55,10.51,42.17,0.2,0
38.83,3.21,4.29,12.01,0.3,1
36.4,4.89,7.33,2.17,0.85,1
51.84,3.23,1.13,2.99,0.5,1
62.74,7.97,14.6,12.94,0.85,1
44.46,6.47,4.94,25.06,0.3,1
37.56,6.64,21.98,6.1,0.5,0
37.82,1.82,16.51,22.21,0.5,0
21.97,11.03,11.21,29.45,1.0,0
40.2,6.96,5.44,4.33,0.2,1
43.92,0.8,1.0,16.65,0.5,0
44.43,4.92,8.46,15.7,0.2,1
53.46,6.84,9.12,15.01,0.85,1
60.36,5.06,12.95,27.56,0.2,0
57.27,9.66,1.58,9.33,0.2,0
41.53,3.34,9.19,12.37,0.3,1
32.21,5.86,13.32,16.11,0.85,1
26.58,3.11,8.03,71.06,1.0,0
30.09,3.62,8.38,66.7,0.5,0
45.77,0.87,14.61,28.48,0.85,0
45.12,4.91,8.46,25.84,0.5,1
38.17,3.81,11.22,8.65,0.85,1
37.98,6.35,13.6,81.84,0.85,0
40.98,7.39,16.06,22.96,0.2,0
45.7,1.75,12.52,11.35,0.5,0
49.27,3.12,3.69,43.67,0.5,0
38.16,4.61,12.64,64.44,1.0,0
41.34,9.57,1.75,73.19,1.0,0
25.05,3.45,13.15,4.64,0.85,0
37.19,0.8,6.91,4.79,0.85,0
47.15,8.84,5.52,7.74,0.5,0
43.97,6.02,18.42,51.6,0.3,0
40.29,6.23,18.49,13.22,1.0,0
30.55,8.53,5.96,24.1,1.0,0
29.44,5.43,9.64,28.76,0.85,1
47.0,10.02,7.13,21.41,0.5,0
58.03,6.96,3.67,16.76,0.2,1
44.43,6.5,7.4,26.98,1.0,1
55.73,2.69,12.11,2.02,0.2,1
39.43,2.24,3.32,35.7,0.5,0
58.02,9.2,6.11,13.16,0.2,0
22.93,2.15,3.6,20.34,0.85,0
48.12,11.31,3.16,10.73,0.3,0
31.08,8.06,2.64,13.33,0.85,1
52.26,3.98,7.74,1.61,0.5,1
49.16,3.58,11.77,27.81,1.0,1
43.39,3.79,8.12,23.58,0.85,1
44.91,2.43,5.68,7.1,0.85,1
43.76,7.17,12.92,38.4,0.2,0
62.28,6.79,6.51,27.12,0.3,1
40.85,4.62,2.18,18.82,0.5,1
51.08,2.26,1.94,16.36,0.85,1
55.43,10.97,16.26,34.87,1.0,0
53.99,2.4,1.91,30.17,1.0,1
37.0,4.11,5.62,50.97,1.0,0
29.01,3.48,6.71,45.81,1.0,0
53.06,2.68,6.65,9.77,1.0,1
55.88,1.51,15.15,24.82,1.0,0
43.59,1.85,7.6,57.59,1.0,0
44.21,3.2,13.41,5.06,0.85,1
48.64,4.93,2.82,0.42,0.5,1
52.55,9.33,14.31,0.42,0.5,0
21.56,3.6,7.84,26.09,0.2,0
30.34,3.24,7.23,25.01,0.3,1
53.52,2.04,8.82,26.38,0.5,1
39.17,3.32,8.82,29.04,0.2,1
36.42,4.65,20.04,27.44,0.85,0
33.45,3.84,8.83,9.29,0.5,1
31.58,3.54,4.13,42.61,0.5,0
27.26,5.76,2.88,20.24,0.3,0
51.13,7.04,9.8,46.56,0.85,0
64.4,6.6,15.66,19.2,0.85,1
45.87,4.24,6.42,19.62,0.5,1
48.86,7.64,14.99,32.42,0.2,1
31.23,4.25,6.46,40.11,0.5,0
53.79,8.09,9.66,25.15,0.5,1
45.76,11.11,14.66,5.45,0.2,0
46.72,0.8,7.28,36.68,0.85,0
54.6,5.46,6.64,2.91,0.85,1
51.76,9.61,2.68,22.55,0.3,0
48.41,5.58,18.67,19.59,0.2,0
28.5,9.7,24.56,27.25,1.0,0
61.22,7.18,10.34,9.52,0.3,1
25.11,3.67,14.79,44.74,0.2,0
42.81,7.47,10.82,2.94,0.85,1
38.87,1.66,6.52,3.62,0.2,0
27.79,4.13,6.64,23.18,0.5,0
47.87,4.97,12.34,46.6,0.2,0
63.31,4.25,11.83,53.67,0.85,0
40.15,2.24,24.75,72.01,0.5,0
41.76,5.07,1.83,16.31,0.85,1
38.53,4.25,12.98,7.32,0.85,1
38.32,2.7,9.76,6.96,0.5,1
48.7,11.29,14.77,0.57,0.5,0
63.68,3.24,1.07,30.89,0.5,1
53.42,3.73,12.69,24.55,0.2,1
60.05,5.67,5.15,31.0,0.5,1
27.66,3.92,9.17,52.87,0.2,0
62.4,4.76,12.37,82.89,0.3,0
36.19,7.25,14.47,23.92,0.3,1
49.46,1.73,12.92,22.92,0.2,0
28.43,9.72,14.57,45.19,0.2,0
35.31,3.68,1.0,15.99,0.5,1
44.79,2.01,7.79,17.44,0.85,1
47.71,4.04,2.44,5.83,0.2,1
48.06,4.51,11.14,74.45,0.85,0
44.6,1.47,5.43,49.78,0.85,0
38.49,6.73,1.02,8.6,1.0,1
65.99,2.2,1.98,0.53,1.0,1
49.83,5.62,4.22,37.7,1.0,1
30.52,5.7,7.3,15.82,1.0,1
39.05,4.16,9.99,35.01,0.5,0
45.03,3.29,9.65,12.1,1.0,1
31.11,7.88,14.7,25.64,0.85,1
38.34,3.71,6.71,29.88,0.5,1
27.56,4.52,5.43,24.93,0.5,0
62.62,3.3,13.51,5.65,0.5,1
18.86,3.59,7.87,3.01,0.85,0
52.33,2.84,18.64,34.29,1.0,0
24.83,4.43,7.04,47.43,0.2,0
65.77,4.65,10.27,65.84,1.0,0
33.68,3.61,13.36,17.7,0.3,0
60.61,3.25,10.7,8.1,0.85,1
29.28,9.16,26.24,26.13,1.0,0
69.13,5.13,6.97,8.58,0.85,1
42.05,8.25,2.47,9.19,0.2,0
24.52,5.27,7.41,22.46,1.0,0
23.36,2.85,3.85,1.15,0.5,0
45.63,4.82,3.15,7.63,0.5,1
56.63,5.87,14.71,39.11,0.2,1
41.97,2.51,6.62,3.18,0.2,1
38.38,2.13,6.22,19.42,0.85,1
42.67,4.32,4.84,3.32,1.0,1
44.86,2.09,23.09,9.08,0.85,0
38.77,0.8,4.09,43.25,0.85,0
56.12,5.3,12.31,2.57,0.85,1
39.67,1.97,4.12,22.84,0.85,1
41.36,4.48,8.97,8.54,0.2,1
22.1,3.58,9.46,19.09,0.2,0
23.67,2.59,15.45,31.29,0.85,0
51.09,7.59,8.38,17.4,0.3,1
51.84,6.09,14.91,22.14,0.5,1
56.51,7.12,5.99,17.02,1.0,1
27.37,9.53,4.73,31.89,0.85,0
55.22,6.43,16.74,54.0,1.0,0
63.4,3.48,4.87,6.8,0.5,1
38.98,2.83,13.16,34.25,0.5,0
43.04,2.99,3.04,28.54,0.85,1
32.75,8.93,6.02,59.47,0.2,0
32.11,2.56,3.59,18.34,0.3,1
50.45,2.26,7.65,4.88,0.85,1
44.41,5.73,13.45,3.59,0.5,1
36.46,3.49,12.0,12.42,0.85,1
17.05,2.89,5.29,25.55,0.3,0
51.51,3.99,9.28,1.23,0.85,1
29.0,2.76,8.46,10.11,1.0,1
54.0,12.45,13.1,27.99,0.2,0
23.6,7.54,2.55,21.24,0.2,0
64.3,8.69,13.02,28.3,0.3,0
36.8,7.28,4.84,18.74,0.85,1
22.8,4.7,11.47,32.95,0.2,0
23.44,11.03,3.11,24.93,0.85,0
53.15,4.17,13.03,30.11,0.5,1
52.63,4.34,12.27,27.25,0.2,1
31.36,9.74,5.78,31.93,0.2,0
34.13,9.26,17.37,0.56,0.3,0
52.35,3.01,8.59,21.29,0.5,1
52.93,9.03,10.54,32.75,0.5,0
47.9,6.0,5.73,68.75,0.5,0
64.92,2.67,9.22,27.49,0.85,1
63.17,2.2,1.89,20.18,0.5,1
45.91,2.48,5.06,8.95,1.0,1
43.27,7.31,3.9,11.98,0.5,1
37.43,3.01,4.74,10.0,0.2,1
50.85,5.43,2.94,26.95,0.2,1
33.76,5.68,6.25,26.74,0.85,1
63.53,3.16,15.03,8.51,1.0,1
52.46,4.7,9.58,4.85,0.5,1
39.27,2.62,9.84,26.74,1.0,0
50.28,4.18,8.16,3.26,0.5,1
57.71,3.56,12.64,2.32,1.0,1
45.29,6.27,17.92,7.5,0.85,0
29.6,8.12,12.89,15.83,1.0,1
41.71,1.71,4.77,49.49,0.5,0
59.39,2.34,2.78,9.2,0.85,1
53.98,7.81,2.29,10.0,0.2,1
25.1,3.38,16.18,31.14,0.2,0
49.8,10.43,7.49,44.24,0.2,0
26.64,8.73,2.86,26.74,0.2,0
24.99,2.52,18.05,31.19,0.2,0
57.41,5.7,7.56,53.46,0.5,0
45.43,4.34,15.21,4.7,0.85,1
38.58,1.35,5.6,14.62,0.2,0
33.1,2.61,5.44,33.27,1.0,1
46.14,3.64,22.67,66.39,1.0,0
31.55,1.21,5.37,6.98,0.85,0
22.9,2.38,17.62,18.52,0.85,0
50.94,5.43,7.6,44.84,0.5,0
46.21,2.7,5.56,6.98,0.2,1
34.41,4.87,8.75,7.62,0.85,1
39.38,4.23,6.18,39.58,1.0,1
41.66,2.15,1.79,55.37,1.0,0
43.91,7.83,4.14,10.67,0.85,1
41.28,1.07,3.76,11.1,0.85,0
50.12,7.81,8.89,2.51,0.85,0
49.69,3.06,5.23,49.91,0.5,0
36.87,3.28,3.32,36.51,0.85,1
49.23,4.68,1.29,42.1,1.0,0
47.63,4.74,4.72,14.44,0.85,1
53.52,5.4,13.82,8.8,0.85,1
47.68,6.02,13.65,1.07,0.2,1
33.45,5.16,19.38,21.82,1.0,0
24.0,5.56,11.1,4.19,0.2,0
48.02,9.88,6.11,66.63,0.2,0
40.04,1.42,9.78,14.41,0.3,0
50.35,3.76,7.5,6.98,0.2,1
48.16,4.63,3.24,9.36,0.5,1
57.23,1.3,4.23,33.84,0.3,0
54.57,1.67,12.43,7.22,1.0,0
42.86,1.6,21.74,42.34,0.5,0
39.81,2.44,11.59,5.06,0.5,1
40.55,6.0,11.72,49.02,0.3,0
52.27,2.16,14.41,4.01,0.85,1
45.36,2.93,14.01,21.75,0.5,1
25.02,4.61,12.3,33.69,0.2,0
46.21,3.76,14.71,55.87,0.5,0
27.38,4.1,9.17,40.73,1.0,0
32.07,7.41,3.9,10.91,0.2,1
45.2,6.0,13.25,25.7,1.0,1
46.98,9.25,5.14,47.18,0.5,0
61.73,2.0,18.0,10.32,0.5,0
40.04,6.64,2.61,25.59,0.2,1
46.6,1.63,3.96,6.56,0.2,0
51.81,1.26,8.25,69.81,0.5,0
22.5,6.05,10.32,39.45,0.85,0
52.83,5.79,9.73,29.53,0.3,1
53.03,2.62,5.44,4.08,0.3,1
51.03,2.36,5.91,11.75,0.2,1
47.92,5.66,7.2,74.94,0.2,0
57.81,1.88,7.71,29.62,0.2,1
32.52,2.11,15.07,17.35,0.3,1
36.49,4.4,2.0,2.74,0.85,1
28.97,9.43,14.26,16.8,0.5,0
46.7,4.61,18.07,10.19,0.2,0
57.06,2.96,13.61,6.0,0.85,0
37.83,6.06,16.71,7.89,0.3,0
24.65,10.52,11.31,19.38,0.3,0
49.18,6.07,3.63,33.21,0.85,1
38.13,2.98,11.6,24.24,0.2,1
35.56,2.45,5.24,50.94,1.0,0
31.88,12.5,10.87,17.75,0.5,0
61.83,3.42,14.26,28.13,1.0,0
30.67,5.2,4.71,22.28,0.5,1
33.6,7.68,16.48,79.32,1.0,0
43.37,3.42,18.75,3.45,0.85,0
38.19,3.73,2.19,8.38,0.85,1
49.52,10.96,11.32,18.33,1.0,0
36.86,4.62,9.74,43.85,1.0,0
50.3,7.09,2.48,35.47,0.85,1
67.57,8.27,10.78,58.66,0.5,0
24.05,6.22,8.28,4.48,1.0,0
34.75,3.16,1.85,14.28,1.0,1
25.42,2.72,12.77,27.62,0.5,0
22.89,10.06,27.72,36.57,0.2,0
30.77,3.95,12.87,6.29,0.3,1
52.46,1.62,11.34,1.71,0.2,0
46.25,12.5,17.8,84.73,0.3,0
52.18,6.64,13.33,35.75,0.85,1
52.99,3.13,14.66,6.04,0.85,1
47.24,4.41,3.82,11.77,0.85,1
51.75,2.28,3.13,32.61,1.0,1
33.72,3.06,17.53,2.72,0.2,0
49.34,1.82,17.97,34.14,1.0,0
50.56,0.8,5.07,22.25,1.0,0
39.46,4.73,15.25,10.6,1.0,0
36.41,7.35,21.01,4.68,0.2,0
61.83,10.49,5.68,63.05,0.5,0
56.58,10.22,4.28,29.83,1.0,0
30.87,6.27,5.99,11.66,1.0,1
46.08,5.81,11.08,38.15,0.2,1
47.31,8.42,18.02,23.19,1.0,0
51.37,2.06,11.49,21.41,0.85,1
18.95,2.03,4.89,5.48,0.85,0
30.44,3.44,6.68,41.12,0.5,0
64.32,3.33,9.0,40.22,1.0,1
54.68,3.25,4.31,40.55,1.0,1
45.97,3.97,12.4,42.04,0.85,0
62.8,4.58,13.09,28.84,0.85,1
33.77,5.67,9.42,56.49,0.2,0
32.33,4.77,10.45,27.62,0.85,1
30.13,3.22,5.66,69.87,0.3,0
15.11,2.7,6.06,5.09,0.85,0
50.76,5.33,4.34,29.04,0.2,1
40.7,9.02,9.43,8.97,1.0,0
49.8,4.1,7.01,20.01,1.0,1
36.45,3.4,5.45,32.02,0.3,1
34.02,4.13,2.13,15.34,0.2,1
41.98,5.41,9.62,7.5,0.85,1
39.34,2.64,2.71,15.98,0.2,1
14.42,1.93,12.67,20.43,1.0,0
65.54,2.63,10.4,67.53,0.85,0
51.1,4.24,7.12,21.7,1.0,1
60.92,3.11,11.43,13.87,1.0,1
69.11,2.68,10.46,68.61,0.5,0
48.4,3.6,9.11,7.18,0.5,1
54.2,9.13,19.2,9.53,0.85,0
59.08,3.88,21.36,25.97,0.5,0
59.47,2.32,14.2,44.33,0.85,0
62.41,8.95,15.96,14.74,0.5,0
46.36,7.22,7.71,10.7,0.2,1
35.27,4.92,21.18,17.91,1.0,0
37.99,8.97,8.07,34.82,0.85,0
39.37,5.63,15.29,3.19,0.2,1
44.8,5.66,19.45,21.68,0.2,0
44.97,4.32,13.03,62.55,0.85,0
33.65,8.39,3.79,44.86,0.3,0
30.01,2.04,16.2,12.2,0.3,0
51.44,7.28,3.45,0.02,0.2,1
48.8,12.5,17.98,3.25,0.85,0
41.41,8.36,21.68,17.9,0.2,0
22.1,6.83,12.7,30.01,0.85,0
33.36,2.94,15.72,29.59,0.2,0
38.42,12.01,2.62,24.19,0.85,0
38.42,2.79,5.78,71.79,0.3,0
39.69,4.68,11.54,36.2,1.0,1
63.21,4.85,16.09,23.16,0.2,0
65.27,0.85,17.47,15.2,1.0,0
34.66,5.55,8.66,13.19,1.0,1
51.73,3.01,6.31,3.51,1.0,1
56.6,0.8,7.11,31.98,0.85,0
66.37,7.34,7.76,28.57,0.85,1
27.7,4.26,10.26,31.72,0.85,0
31.76,1.89,12.5,10.69,0.85,1
37.11,7.3,1.88,15.92,0.2,1
60.25,2.61,11.86,38.59,1.0,1
35.44,2.8,12.58,24.65,1.0,1
53.84,6.14,11.82,20.28,1.0,1
35.57,1.41,15.13,18.97,0.3,0
40.23,4.67,26.71,16.23,1.0,0
38.62,6.29,7.01,20.42,0.5,1
35.22,2.17,4.16,39.1,0.85,1
54.53,2.88,15.36,20.02,0.5,1
48.92,5.36,1.96,30.69,0.2,1
31.09,7.75,4.49,31.7,0.2,0
41.28,11.47,21.49,33.1,1.0,0
52.52,9.07,17.42,8.41,1.0,0
43.19,8.08,7.25,50.51,1.0,0
54.51,5.99,15.56,6.37,1.0,1
60.17,2.79,4.31,1.29,0.5,1
42.58,7.08,17.58,9.5,0.85,0
41.97,4.05,7.91,33.04,0.2,1
30.14,2.36,5.69,62.16,0.5,0
55.72,4.73,15.41,35.02,1.0,1
49.89,9.21,5.46,17.65,0.2,0
52.22,2.17,5.98,60.93,0.2,0
57.02,12.5,9.58,39.32,0.85,0
52.07,3.97,9.35,17.65,0.85,1
38.37,2.54,6.92,29.08,0.2,0
52.58,3.62,10.42,35.64,0.85,1
36.18,11.93,5.01,21.14,0.3,0
66.61,3.29,5.63,0.37,0.2,1
62.76,2.45,6.87,38.61,0.2,0
57.21,7.25,8.67,37.21,0.2,1
39.74,7.7,11.4,29.0,0.3,1
32.68,1.27,7.52,26.19,0.85,0
43.77,8.81,9.59,13.27,0.2,0
55.72,4.91,20.55,4.35,0.85,0
57.04,4.17,4.57,12.15,0.5,1
39.35,3.28,4.24,54.97,0.85,0
34.74,3.08,10.29,20.86,1.0,1
39.51,5.3,20.88,9.34,0.85,0
29.58,2.77,13.14,58.29,1.0,0
35.61,8.68,5.6,32.6,0.5,0
41.35,12.5,14.0,16.29,0.2,0
50.5,4.41,6.53,5.85,0.2,1
49.6,12.49,6.6,24.0,0.3,0
51.89,5.38,5.83,17.96,0.85,1
17.3,4.49,10.31,12.8,0.2,0
46.67,6.16,1.0,25.32,0.85,1
50.11,5.34,1.28,23.36,1.0,1
46.94,6.39,12.96,3.42,0.5,1
53.97,6.38,2.32,26.76,0.2,1
60.66,3.49,13.18,13.78,0.2,1
31.35,5.12,6.12,23.93,0.3,1
65.65,6.42,14.24,41.25,0.85,0
30.91,7.14,10.91,72.35,0.85,0
60.57,2.42,13.67,44.97,0.3,0
64.56,3.82,8.41,40.12,0.85,0
36.87,3.6,15.71,28.53,0.2,1
64.92,1.75,6.23,70.85,0.85,0
40.57,5.19,5.97,2.12,1.0,1
49.85,5.51,1.2,25.87,0.85,1
46.42,10.12,4.89,10.19,0.5,0
65.54,2.9,6.64,34.24,1.0,1
34.02,4.41,14.76,25.12,0.2,0
35.5,8.43,3.69,15.31,0.2,0
35.98,6.41,9.48,35.99,0.5,1
30.57,11.93,5.85,33.52,0.2,0
44.06,5.72,10.35,11.72,1.0,1
42.03,4.56,34.15,29.75,1.0,0
59.75,3.46,14.56,38.82,0.5,1
33.28,2.53,4.99,7.79,1.0,1
31.27,4.97,18.71,13.27,0.2,0
58.74,3.74,6.81,4.25,1.0,1
36.9,4.77,11.36,36.88,1.0,1
36.16,10.32,19.72,23.31,0.5,0
69.98,5.72,15.89,11.55,0.5,1
27.07,1.55,8.29,35.9,0.85,0
40.18,2.41,3.48,22.89,0.5,1
48.06,4.42,8.6,10.02,0.2,1
30.61,3.68,11.02,45.45,0.2,0
37.14,9.56,5.17,85.76,1.0,0
34.27,4.54,3.56,15.57,0.2,1
34.44,3.34,21.58,46.27,0.85,0
49.91,8.48,14.61,6.91,1.0,0
42.67,4.72,10.18,18.29,0.85,1
18.57,0.8,10.08,45.42,1.0,0
53.06,4.01,13.28,22.94,0.5,1
49.52,6.23,13.16,4.74,0.3,1
32.53,3.42,4.45,9.44,0.2,1
66.37,6.49,6.39,24.0,0.3,1
27.13,7.88,11.22,29.48,0.5,0
29.97,6.76,13.28,21.97,0.5,1
51.43,5.03,2.14,39.4,0.85,1
50.92,5.01,12.36,34.67,0.5,1
31.22,3.29,1.05,0.48,0.5,1
47.89,2.95,6.0,17.06,0.85,1
34.57,6.26,20.47,6.7,0.5,0
52.63,3.62,8.04,67.56,0.2,0
61.27,3.04,8.85,0.22,0.2,1
39.25,4.2,12.97,41.32,0.3,1
28.96,4.36,10.23,20.81,0.5,1
41.42,5.31,6.24,53.23,0.5,0
32.35,2.23,10.32,13.92,0.85,1
44.47,4.18,9.62,20.4,0.3,1
22.2,3.74,3.65,8.91,0.85,0
53.86,6.46,13.07,9.59,0.3,1
38.96,6.96,10.6,26.02,0.85,1
50.54,4.73,2.42,8.43,0.2,1
36.23,5.62,3.92,52.54,1.0,0
48.78,4.4,3.69,21.32,0.2,1
51.25,8.36,2.56,3.41,0.85,0
54.71,8.26,4.92,26.87,1.0,0
56.69,2.9,10.07,5.94,0.85,1
32.93,1.87,3.54,6.37,1.0,1
38.47,6.74,5.07,69.13,1.0,0
69.26,2.18,18.45,30.11,0.5,0
55.12,8.67,10.87,26.15,0.3,0
37.68,2.19,9.98,5.04,1.0,1
47.02,6.96,5.33,3.87,0.5,1
56.32,4.56,9.26,18.84,0.2,1
39.97,12.09,4.96,27.04,0.3,0
41.44,8.77,9.34,2.68,0.85,0
52.32,1.87,13.57,76.13,0.85,0
39.61,2.52,10.8,54.71,0.2,0
53.59,6.28,6.15,40.83,0.3,1
55.45,7.83,12.21,18.65,1.0,1
31.63,2.11,6.91,40.71,0.2,1
57.54,7.12,5.39,36.34,1.0,1
33.65,5.1,6.89,5.4,0.85,1
22.97,5.68,8.93,12.11,0.5,0
38.97,2.78,12.87,43.28,0.85,0
18.08,10.62,24.46,55.61,0.85,0
44.09,5.54,24.36,19.56,1.0,0
56.15,3.75,12.44,18.44,0.3,1
38.22,4.0,2.51,36.41,0.85,1
61.28,3.83,9.76,16.75,0.5,1
57.16,5.44,4.6,11.11,0.2,1
39.38,4.8,6.71,32.57,0.3,1
27.46,1.9,9.5,16.88,1.0,0
34.34,1.69,6.57,29.72,0.5,0
40.55,7.01,13.98,46.75,0.2,0
23.0,5.89,1.82,31.22,0.85,0
37.98,10.25,7.49,28.72,0.3,0
53.8,2.06,12.59,36.24,0.2,0
46.66,4.49,23.8,6.7,1.0,0
35.47,4.58,9.75,70.47,0.5,0
42.66,0.82,15.5,37.73,0.85,0
51.56,4.27,8.85,25.19,0.85,1
36.58,6.32,33.94,12.81,0.2,0
32.9,0.8,17.02,22.71,0.2,0
52.15,8.25,11.16,0.83,0.5,0
48.48,2.13,9.53,55.58,1.0,0
43.05,5.78,18.92,32.57,1.0,0
55.25,1.61,11.83,13.9,0.5,0
35.33,3.62,17.19,32.72,1.0,0
42.28,5.09,8.34,4.45,0.2,1
18.43,4.52,8.18,15.63,0.3,0
57.84,1.53,22.6,13.45,0.2,0
53.33,2.08,15.38,7.44,1.0,1
46.66,2.61,9.55,12.78,1.0,1
49.24,5.48,17.21,12.67,1.0,0
57.18,4.12,2.88,59.78,0.5,0
45.75,3.24,7.4,40.31,0.5,1
37.06,5.87,6.58,78.55,0.5,0
46.87,5.67,16.78,15.81,0.5,0
48.43,2.89,8.54,1.29,0.2,1
40.33,4.89,8.52,33.0,0.85,0
34.74,5.65,3.32,24.49,0.2,1
46.95,2.7,10.57,13.67,0.85,1
45.73,3.47,8.55,61.55,1.0,0
30.98,3.89,4.08,49.39,0.2,0
60.26,6.29,14.78,17.31,1.0,1
39.73,6.9,10.51,27.86,0.5,0
25.31,5.86,19.5,0.85,1.0,0
35.67,1.74,9.06,15.48,0.85,0
40.96,2.62,10.94,26.6,0.5,0
48.28,6.21,6.9,57.22,0.2,0
33.56,6.61,9.39,41.18,0.85,1
37.21,4.67,6.82,56.32,0.5,0
33.25,4.07,3.15,43.65,0.2,0
28.31,7.61,2.77,11.47,0.2,1
46.81,1.17,6.76,24.4,0.5,0
43.13,3.47,3.01,31.02,0.5,1
46.38,9.18,4.67,58.75,0.2,0
56.65,9.07,4.29,27.87,0.3,0
56.58,2.02,12.99,23.02,0.5,1
55.1,3.19,8.37,6.29,0.2,1
43.02,5.73,2.32,18.12,0.2,1
55.88,4.1,5.13,33.57,0.3,1
42.91,5.31,2.49,14.52,1.0,1
33.29,1.82,5.03,2.49,1.0,1
36.15,7.44,11.53,15.1,0.85,1
52.16,4.72,14.21,1.65,0.2,1
56.96,3.89,15.2,67.38,0.5,0
62.13,6.68,4.15,0.27,0.3,1
57.39,5.05,12.1,0.28,0.2,1
45.92,5.86,3.42,13.95,1.0,1
40.22,4.58,21.07,16.56,0.85,0
57.11,3.43,7.67,8.0,0.2,1
42.59,6.23,1.73,73.56,0.3,0
43.36,8.11,3.77,41.86,0.2,1
47.87,8.89,15.31,34.25,0.5,0
44.83,3.73,6.77,2.45,0.2,1
33.28,2.21,1.3,36.3,0.2,1
49.96,6.19,10.91,2.28,1.0,1
57.36,2.96,22.16,20.01,0.5,0
34.0,3.8,1.66,5.4,0.85,1
37.94,6.83,12.28,6.13,0.85,1
48.74,4.0,10.43,9.94,1.0,1
56.88,1.96,1.0,12.28,0.85,1
55.99,4.13,9.65,25.37,0.5,1
38.77,6.64,4.17,15.64,0.2,0
52.83,6.71,14.36,50.76,0.2,0
66.23,10.37,6.6,26.04,0.5,0
51.36,4.11,5.03,31.66,0.2,1
19.45,4.23,7.4,6.84,0.5,0
47.69,5.74,14.09,29.69,0.2,1
44.69,2.3,5.59,49.25,0.85,0
53.47,8.37,9.5,18.49,1.0,0
53.52,6.64,12.03,51.04,0.5,0
40.24,4.56,6.19,40.94,0.3,0
57.01,5.04,11.16,49.94,1.0,0
58.3,7.06,20.41,12.79,0.3,0
30.93,12.49,9.61,11.79,0.2,0
49.83,4.72,4.43,23.64,0.5,1
42.01,3.17,11.09,67.12,0.2,0
39.74,3.97,23.3,8.44,0.2,0
33.97,7.56,13.34,39.41,0.2,0
35.87,5.36,5.14,33.66,0.5,1
47.47,9.37,7.18,3.41,1.0,0
17.47,1.74,3.11,34.4,1.0,0
48.39,4.34,8.9,49.4,0.5,0
44.14,7.4,6.56,6.79,0.5,1
18.54,1.77,9.77,62.45,1.0,0
41.98,1.5,4.03,7.72,1.0,0
26.55,7.26,24.02,52.7,0.85,0
53.75,3.6,7.08,9.07,0.5,1
38.45,6.25,9.18,3.12,0.3,1
43.21,2.26,34.33,6.39,0.2,0
32.34,3.73,6.73,14.29,1.0,1
42.63,5.36,7.18,29.35,0.5,1
47.3,2.3,14.42,22.58,1.0,1
45.66,2.12,2.65,4.37,0.2,1
52.22,4.69,5.68,12.9,0.85,1
35.11,1.61,8.84,13.0,1.0,0
65.9,2.86,10.07,43.03,0.5,0
33.08,7.02,15.0,21.26,0.85,1
38.59,5.76,13.19,54.83,0.3,0
56.48,6.82,12.57,4.28,1.0,1
45.82,5.61,7.38,5.62,0.85,0
28.7,0.8,22.37,14.4,0.85,0
45.8,1.96,15.13,54.33,0.5,0
36.13,2.86,8.57,5.63,0.85,1
36.34,9.51,6.78,34.72,0.85,0
54.2,7.2,1.0,50.26,1.0,0
53.53,8.79,7.39,8.21,0.2,0
25.65,8.33,2.2,8.24,1.0,0
45.48,7.11,6.27,72.32,0.2,0
52.09,2.19,4.74,29.51,0.85,1
43.96,4.26,6.57,60.77,0.5,0
34.43,3.36,2.37,19.0,1.0,1
40.35,3.01,13.77,18.3,1.0,1
34.42,8.05,2.93,59.51,1.0,0
40.97,5.48,12.54,20.61,0.5,1
53.91,3.5,19.25,28.66,0.85,0
39.65,8.42,8.83,42.19,1.0,0
32.24,2.2,13.97,3.21,0.3,1
65.03,6.57,19.78,18.83,1.0,0
37.23,1.33,9.54,25.98,0.5,0
44.34,4.87,5.7,3.79,0.2,1
36.96,2.43,1.31,7.94,0.85,1
48.31,2.86,8.04,20.49,1.0,1
46.19,6.87,4.07,25.92,0.85,1
41.59,3.09,15.85,20.53,0.5,1
50.83,2.19,14.13,1.3,1.0,1
24.07,5.89,12.86,36.0,0.2,0
49.41,6.68,3.04,17.99,1.0,1
46.49,1.24,11.26,18.42,0.5,0
53.66,9.79,6.37,31.75,1.0,0
49.57,3.36,8.78,7.62,0.85,1
32.05,3.19,22.2,31.67,0.3,0
51.98,1.01,3.03,6.73,0.85,0
36.73,6.04,11.4,2.37,0.2,1
37.49,2.39,18.83,25.18,0.5,0
53.85,3.58,2.14,4.31,0.85,1
23.26,6.3,10.82,18.12,0.2,0
49.81,3.58,10.34,6.34,0.2,1
45.4,3.33,10.37,14.77,0.2,1
54.82,4.26,5.87,11.77,0.5,1
41.33,5.72,12.61,11.45,0.85,1
69.03,7.28,15.66,17.32,0.2,1
32.47,1.32,6.28,54.57,0.3,0
34.11,7.1,4.47,17.37,0.2,1
48.31,6.61,20.38,25.5,0.85,0
17.85,3.01,15.08,41.78,1.0,0
49.44,5.42,19.16,29.73,0.2,0
58.13,5.09,3.66,58.82,0.85,0
30.29,5.95,16.55,13.46,0.85,0
44.67,4.84,15.43,16.27,0.2,1
44.25,1.89,8.3,23.16,0.5,1
33.05,5.75,7.65,8.86,0.85,1
27.38,2.46,7.9,11.39,0.85,0
53.04,8.09,10.48,21.24,0.85,0
41.01,12.5,10.58,51.51,0.85,0
54.9,4.21,14.47,28.0,0.5,1
58.07,2.0,7.07,49.83,1.0,0
38.37,3.0,1.71,24.47,0.2,1
54.75,8.26,6.41,6.4,0.85,0
52.74,7.01,11.74,17.98,0.5,1
54.9,6.38,16.05,21.06,0.5,0
30.68,8.92,5.91,17.23,0.3,0
43.35,2.9,12.61,36.11,0.85,1
54.44,4.35,8.04,5.4,1.0,1
60.84,3.28,2.89,19.27,1.0,1
47.22,5.2,2.93,51.27,1.0,0
61.07,6.5,4.34,16.08,0.3,1
46.38,3.1,12.33,57.22,0.2,0
35.43,8.11,15.48,25.28,0.5,0
54.48,3.32,2.53,45.28,1.0,0
55.46,4.57,5.95,6.19,1.0,1
44.47,7.38,17.33,40.25,0.2,0
52.97,6.14,11.23,40.58,0.5,0
40.67,3.95,6.77,11.01,1.0,1
41.67,5.88,10.74,1.33,0.3,1
47.74,4.55,6.6,28.06,0.85,1
34.94,5.11,4.1,14.74,0.2,1
50.4,4.85,1.0,20.95,0.2,1
43.3,1.57,13.15,73.91,0.3,0
45.51,4.1,8.3,7.38,0.2,1
52.22,5.62,15.56,24.4,0.85,1
44.96,11.6,14.43,44.43,0.3,0
60.2,4.22,1.76,28.17,1.0,1
52.04,8.93,9.32,25.23,0.85,0
26.16,3.15,6.76,32.3,0.5,0
57.6,8.41,17.9,19.37,1.0,0
52.56,11.64,23.07,22.67,1.0,0
46.79,1.34,5.39,8.68,0.85,0
49.02,2.64,4.91,30.91,0.5,1
57.48,4.49,3.97,22.55,0.2,1
29.82,1.16,17.49,12.28,1.0,0
40.08,2.98,8.22,13.99,1.0,1
55.74,4.7,5.15,13.58,1.0,1
59.2,1.67,6.28,22.18,0.2,0
27.3,1.56,7.64,19.15,1.0,0
44.95,2.12,23.57,4.61,0.85,0
58.74,2.84,17.29,84.7,0.85,0
57.36,8.03,8.87,9.17,1.0,1
54.12,3.57,16.18,38.92,0.2,0
41.19,6.02,5.35,18.97,0.2,1
53.63,3.93,9.37,32.94,1.0,1
50.11,3.53,13.91,33.04,0.2,1
41.6,5.82,4.29,18.98,0.2,0
46.28,4.41,9.27,29.05,0.5,1
33.55,5.72,6.89,12.51,0.85,1
41.34,5.99,13.76,27.3,0.85,0
38.49,2.64,16.01,55.05,1.0,0
16.89,8.22,3.75,30.93,1.0,0
64.91,8.86,14.32,34.18,1.0,1
58.13,1.29,11.26,48.5,0.3,0
50.13,6.76,31.41,7.01,0.3,0
51.14,5.9,7.06,15.34,0.5,1
38.16,1.47,8.08,3.57,0.85,0
40.95,4.59,9.6,30.24,0.85,0
29.94,5.14,14.2,27.53,1.0,1
48.68,2.38,8.66,40.5,0.2,1
41.62,2.84,4.61,26.2,0.2,1
56.24,3.42,15.15,16.74,0.5,1
41.95,3.99,5.04,19.31,0.85,1
39.82,2.98,3.78,15.01,0.2,1
47.45,3.0,7.68,22.63,0.85,1
23.46,1.21,10.08,40.41,0.2,0
32.8,7.05,15.11,23.24,0.2,0
59.73,3.41,4.25,13.05,0.5,1
52.67,4.44,3.45,7.53,0.85,1
25.35,8.98,21.22,33.68,0.2,0
39.38,1.98,13.74,15.03,0.5,1
55.38,3.55,7.81,22.28,0.2,1
36.95,5.78,12.97,44.57,0.5,0
53.63,6.55,4.11,26.09,0.2,1
37.26,2.51,2.85,3.2,0.5,1
40.96,4.95,7.42,7.82,1.0,1
57.73,2.37,14.91,3.12,0.85,1
48.18,1.97,5.2,29.37,0.5,1
42.96,8.0,3.49,81.76,0.85,0
55.35,3.44,10.13,74.96,0.5,0
61.51,9.14,21.25,33.74,0.85,0
68.04,2.64,5.64,34.72,0.85,1
24.37,5.9,9.59,3.82,0.85,0
53.92,2.54,12.96,40.66,0.5,1
45.98,3.94,6.91,51.95,0.2,0
33.66,1.03,6.7,14.19,1.0,0
46.39,6.05,11.54,15.3,0.5,1
52.61,3.61,8.26,71.19,0.5,0
25.98,3.66,18.47,3.39,0.85,0
50.93,3.39,3.93,32.51,1.0,1
28.87,5.3,7.34,25.26,0.85,1
21.14,3.28,1.57,40.78,0.85,0
47.72,4.67,4.67,28.4,0.2,1
44.84,2.59,7.91,55.61,0.3,0
29.29,7.03,7.15,34.25,0.5,1
54.31,3.05,6.59,22.67,0.5,1
44.44,4.75,1.7,29.14,0.5,1
28.7,9.18,10.24,6.05,0.85,0
48.15,5.05,17.05,14.46,0.85,0
55.7,6.22,6.0,21.19,1.0,1
33.75,5.21,6.23,67.99,0.5,0
60.92,4.76,11.74,31.75,0.2,0
47.07,4.15,13.72,9.43,1.0,1
38.41,1.83,18.55,42.24,1.0,0
60.96,3.21,6.45,14.57,0.5,1
48.23,2.46,6.59,3.68,0.3,1
44.79,3.71,10.19,17.82,0.2,1
50.86,1.9,5.6,13.76,1.0,1
33.46,4.0,4.99,25.92,0.5,1
36.86,8.51,6.92,6.46,0.5,0
61.3,8.57,4.81,22.48,0.85,0
64.95,5.82,4.05,11.43,0.5,1
22.77,3.18,13.58,14.35,0.3,0
55.2,4.0,14.94,13.88,1.0,1
53.03,7.15,24.47,5.01,1.0,0
43.96,4.66,6.71,5.76,0.5,1
58.59,11.03,15.48,56.37,0.85,0
42.73,5.94,2.57,4.7,0.2,1
43.77,5.77,8.97,34.8,0.85,1
22.61,5.45,3.32,6.91,0.85,0
32.46,4.61,5.57,52.45,0.2,0
54.13,4.63,4.45,43.14,0.5,0
55.11,4.94,8.24,0.44,0.85,1
59.94,4.99,7.9,2.49,0.85,1
51.38,1.9,7.93,21.83,0.2,1
37.17,0.91,5.08,1.1,0.5,0
63.48,2.65,14.96,44.72,1.0,0
61.71,3.47,4.19,49.04,0.2,0
49.8,8.29,13.51,34.83,1.0,0
46.5,6.96,17.59,12.36,0.3,0
61.82,2.68,6.85,43.66,0.85,0
38.24,3.63,11.9,41.0,0.5,1
66.95,3.72,13.51,75.5,1.0,0
54.79,11.66,7.03,3.21,1.0,0
42.32,5.01,8.45,27.76,0.2,1
49.37,11.18,1.16,14.98,0.2,0
49.77,5.93,4.95,47.8,1.0,0
25.72,5.0,9.34,5.79,0.5,0
22.48,1.1,5.32,44.34,0.85,0
22.23,4.16,5.62,29.63,0.2,0
58.19,6.55,7.01,7.39,1.0,1
52.62,3.23,11.25,22.84,0.3,1
25.14,8.41,9.45,11.73,0.3,0
17.91,8.28,3.59,19.95,0.5,0
67.84,1.53,8.58,13.21,0.85,0
37.61,1.49,3.96,10.53,0.2,0
24.39,9.27,8.0,31.97,0.3,0
49.61,2.75,17.35,20.66,0.2,0
37.86,2.89,9.09,16.71,1.0,1
45.93,1.66,36.0,33.35,1.0,0
61.6,3.55,7.34,23.21,1.0,1
40.49,3.51,4.34,57.98,0.85,0
54.72,3.04,16.17,66.47,0.5,0
27.59,9.54,4.59,5.66,0.85,0
59.63,9.25,9.85,59.29,0.2,0
55.13,4.08,7.82,9.22,0.3,1
29.91,7.69,19.88,57.84,0.3,0
62.23,5.0,18.4,42.34,0.5,0
44.53,7.8,11.36,14.22,1.0,1
55.52,10.09,16.18,40.62,0.85,0
51.96,4.55,5.16,1.22,0.85,1
39.59,0.8,8.58,13.92,0.3,0
42.27,7.84,21.4,22.76,1.0,0
25.17,3.05,7.27,8.28,0.2,0
45.13,6.84,11.12,41.53,0.85,1
65.46,12.5,5.65,46.12,0.2,0
29.1,4.54,10.05,50.13,0.85,0
52.37,9.56,7.97,18.27,0.2,0
41.22,6.91,2.19,30.28,1.0,1
42.96,9.11,12.59,44.08,0.2,0
41.96,6.33,4.8,52.96,1.0,0
63.3,5.94,10.63,15.02,0.5,1
49.07,5.75,10.96,48.63,0.3,0
43.33,4.5,12.95,5.57,0.85,0
19.52,12.5,8.75,66.82,1.0,0
62.59,5.18,14.99,59.77,0.85,0
62.47,7.38,7.51,5.4,0.5,0
22.61,2.06,7.27,2.24,0.85,0
66.06,12.5,8.16,41.48,0.3,0
54.24,8.76,16.53,5.95,0.2,0
38.76,2.9,12.77,52.12,0.2,0
39.69,6.27,10.86,9.05,0.2,1
37.89,6.23,12.25,15.88,1.0,1
60.23,7.68,13.44,63.51,0.5,0
40.44,4.55,11.03,17.19,1.0,1
66.64,2.36,8.49,17.52,0.3,1
33.88,5.51,5.16,15.11,1.0,1
29.48,2.7,18.62,9.52,0.85,0
52.27,12.5,12.6,31.53,0.3,0
35.82,5.59,5.41,13.14,1.0,1
24.69,1.75,16.89,29.21,0.5,0
22.04,3.88,12.81,5.7,0.85,0
37.68,5.52,10.62,5.57,0.85,1
50.64,12.5,7.9,12.23,0.85,0
59.17,2.44,8.69,34.12,0.85,1
42.04,2.06,8.71,37.56,0.5,0
41.05,5.03,10.23,14.96,0.2,1
27.3,5.06,6.95,39.87,1.0,0
54.63,5.8,7.95,1.95,0.3,1
21.76,6.13,6.86,17.85,1.0,0
55.81,5.3,22.38,20.12,0.2,0
36.82,11.62,8.64,51.38,0.3,0
54.68,5.42,13.11,1.88,0.85,1
30.57,3.02,7.98,1.87,0.5,1
24.05,7.54,15.59,60.58,0.5,0
38.05,7.21,6.46,45.51,0.5,0
36.01,3.73,6.07,49.48,1.0,0
41.31,1.32,1.91,6.16,0.85,0
55.18,3.67,8.52,7.71,0.85,1
54.45,5.12,13.26,27.02,0.2,1
31.36,1.12,5.59,0.81,0.3,0
42.74,3.01,6.83,22.25,0.5,1
50.45,2.05,4.64,25.53,0.2,1
31.46,2.4,3.25,10.96,0.85,1
54.57,5.13,16.72,32.12,0.3,0
42.95,5.24,10.0,2.22,0.3,1
49.9,2.9,16.55,17.03,0.5,0
26.97,7.02,1.33,7.5,0.5,0
55.13,7.57,1.0,30.39,0.3,1
44.82,1.83,9.96,36.78,0.2,1
39.11,9.39,9.14,21.19,1.0,0
45.38,5.15,6.68,9.3,0.5,1
56.21,7.03,7.4,30.64,0.2,1
52.16,7.07,1.48,19.5,1.0,1
37.31,4.59,13.73,3.65,0.85,1
40.01,8.12,7.76,15.13,0.2,1
43.31,5.25,12.79,41.23,0.5,1
54.59,8.68,19.37,21.22,0.5,0
32.11,1.72,1.0,16.63,0.2,0
60.34,9.84,12.94,10.47,0.2,0
28.23,12.15,16.7,37.11,1.0,0
52.32,5.18,15.98,13.78,0.85,1
61.41,6.94,18.29,41.23,1.0,0
34.54,4.92,4.4,9.19,0.3,1
39.13,1.15,2.98,8.01,0.85,0
64.77,2.2,1.0,45.71,0.85,0
65.48,5.69,9.94,3.37,0.85,1
49.29,2.74,15.01,26.01,0.3,1
29.15,12.5,12.53,2.86,1.0,0
50.78,7.42,13.33,0.19,0.2,1
51.71,9.08,5.91,28.3,0.2,0
41.39,2.19,17.46,5.05,0.5,0
54.2,4.21,15.67,28.64,0.2,1
37.03,2.15,2.73,23.98,0.2,1
56.07,8.47,15.78,52.88,0.2,0
41.1,1.71,14.94,32.65,1.0,0
61.75,6.01,8.84,41.66,0.2,1
55.28,1.65,12.04,34.22,0.5,0
51.3,3.72,4.6,13.18,0.85,1
50.43,4.22,15.58,17.35,1.0,1
35.5,9.74,14.85,4.61,1.0,0
31.79,7.18,17.28,18.92,0.2,0
49.91,5.4,1.37,49.55,0.85,0
39.24,2.53,15.45,17.85,0.5,1
18.27,2.6,3.27,9.6,0.2,0
48.77,3.29,5.21,1.71,1.0,1
31.8,4.28,2.02,7.28,0.5,1
38.79,4.33,3.76,5.94,0.5,1
47.67,7.58,10.71,35.15,0.85,1
48.74,3.52,4.29,77.79,0.2,0
66.22,7.23,14.97,38.67,0.3,1
31.45,5.58,6.47,18.56,0.85,1
33.04,2.74,8.33,34.89,0.5,1
39.26,6.1,15.88,27.1,1.0,0
40.81,4.72,7.59,46.51,0.85,0
52.57,1.42,9.39,24.72,0.5,0
49.02,1.99,1.65,3.52,0.3,1
41.83,6.47,7.09,8.52,0.2,0
26.94,3.41,7.2,41.06,1.0,0
56.61,5.22,14.88,12.62,0.85,1
53.27,8.04,3.14,18.83,0.85,1
63.5,4.23,3.54,40.65,0.2,1
40.99,8.38,12.66,21.36,0.85,0
53.18,2.07,13.24,41.33,0.85,1
41.95,8.27,9.3,23.17,0.3,0
30.75,2.75,6.85,11.83,1.0,1
37.28,5.46,10.22,14.66,0.85,1
36.78,7.02,12.25,33.31,1.0,0
37.17,10.91,3.85,67.38,1.0,0
23.2,12.5,8.6,17.79,0.2,0
35.59,2.19,12.82,16.56,0.2,1
20.24,11.89,5.67,9.53,1.0,0
37.64,5.86,9.22,0.8,0.85,1
46.02,3.25,7.78,26.79,1.0,1
34.09,9.31,3.23,71.38,1.0,0
39.9,6.4,14.23,64.49,0.2,0
47.03,5.22,3.03,11.86,0.5,1
37.26,5.14,9.65,44.22,0.5,0
18.15,10.23,1.79,14.18,0.5,0
34.11,6.13,6.22,27.99,0.2,1
36.18,6.74,1.0,10.55,1.0,1
33.61,7.75,20.91,21.32,0.85,0
30.3,2.89,6.65,21.11,0.85,0
59.49,7.1,22.83,0.69,0.85,0
24.31,5.87,8.69,4.04,1.0,0
30.84,9.44,17.8,32.84,0.2,0
40.77,6.98,4.59,57.93,0.2,0
50.48,2.03,2.02,49.77,0.2,0
35.3,3.34,4.45,33.64,0.2,0
19.73,7.34,10.56,8.27,1.0,0
42.01,4.5,21.49,60.33,0.85,0
52.98,3.48,1.87,5.34,0.85,1
30.89,2.75,11.36,6.14,1.0,1
56.99,4.1,3.21,19.05,0.85,1
44.62,4.93,9.54,26.89,0.5,1
63.44,4.32,11.31,2.7,0.2,1
55.2,6.31,9.84,1.24,0.85,1
26.49,2.3,9.66,21.65,0.2,0
37.65,4.33,14.94,38.73,0.85,1
56.99,5.16,8.25,35.77,1.0,1
25.59,6.37,2.36,44.46,0.85,0
42.85,4.93,9.15,3.04,0.85,1
32.62,4.08,8.96,50.72,1.0,0
51.01,2.98,15.1,20.6,0.2,1
43.87,5.96,19.69,73.25,0.5,0
42.39,4.88,18.21,15.4,0.85,0
16.09,4.29,16.07,22.52,1.0,0
39.22,4.44,7.96,17.35,0.85,1
49.71,2.57,4.82,41.57,0.3,0
61.53,4.86,4.38,28.79,0.2,1
43.68,3.17,13.7,20.22,1.0,1
42.35,4.44,20.45,30.92,0.2,0
32.57,5.18,13.37,18.39,0.85,1
58.0,3.56,14.15,32.67,0.85,1
58.86,1.4,21.49,22.3,1.0,0
45.04,9.66,19.27,30.64,0.2,0
47.02,2.74,3.47,79.83,0.85,0
65.88,4.98,16.2,36.04,1.0,0
54.51,5.78,17.59,36.52,0.85,0
33.86,7.12,3.26,15.59,0.85,1
53.58,1.45,16.85,3.37,1.0,0
47.28,3.98,12.27,72.04,1.0,0
24.9,8.8,12.57,34.33,0.2,0
69.62,11.41,21.38,10.5,0.5,0
58.34,3.65,7.29,13.7,0.2,1
61.81,5.54,13.13,25.36,1.0,0
48.35,3.09,12.81,20.48,0.85,1
36.64,4.92,13.52,19.36,0.2,1
43.65,7.5,9.14,0.18,0.5,1
42.71,3.1,9.35,4.43,0.85,1
68.62,5.28,16.18,9.63,0.5,0
41.06,6.83,5.04,7.83,0.85,1
51.71,5.94,10.76,8.38,0.5,1
49.12,1.88,9.19,33.48,0.3,1
21.08,5.77,7.78,0.58,0.3,0
41.71,2.07,17.09,35.52,0.5,0
38.86,1.23,2.02,26.3,1.0,0
53.85,2.4,6.99,29.99,1.0,1
47.45,2.82,12.75,10.05,0.3,1
44.21,2.49,8.3,26.4,0.5,0
43.56,4.86,14.06,19.99,0.2,1
55.79,11.76,8.88,49.68,0.3,0
20.81,4.26,3.99,11.63,0.85,0
20.82,5.54,11.08,43.91,0.5,0
36.91,7.55,6.69,20.24,0.85,0
44.19,10.6,4.17,61.72,0.85,0
44.09,4.83,10.7,36.14,1.0,1
33.36,2.47,15.56,9.82,0.5,1
25.24,9.48,8.05,36.28,1.0,0
21.56,3.69,6.23,26.44,0.85,0
63.95,8.9,20.75,71.77,0.85,0
33.89,6.8,12.02,5.57,0.5,1
60.95,7.34,7.32,45.35,0.2,0
45.71,8.19,6.2,48.11,0.2,0
70.56,6.11,3.86,46.84,1.0,0
49.15,3.67,8.46,5.93,0.5,1
37.72,7.32,6.69,19.08,0.85,0
35.39,2.45,28.08,53.53,0.85,0
46.59,8.42,7.8,26.08,0.5,0
40.38,12.24,4.3,1.94,1.0,0
42.11,2.44,5.95,13.83,0.2,1
50.15,1.47,1.0,25.42,0.2,0
46.53,7.06,9.85,9.4,0.2,1
53.29,5.17,17.1,13.75,0.85,0
20.94,1.78,10.36,1.63,0.2,0
41.72,1.87,2.86,23.99,1.0,1
39.73,6.36,13.74,15.01,0.2,1
23.13,5.66,4.32,10.06,1.0,0
40.1,1.95,5.84,10.39,0.3,1
44.18,9.4,4.81,3.05,1.0,0
50.45,6.98,19.88,13.78,0.2,0
53.14,4.34,9.02,8.4,0.85,1
34.38,3.61,12.9,44.96,0.5,0
52.58,3.79,14.35,53.8,0.2,0
64.27,2.82,9.33,6.03,0.5,1
25.48,12.5,11.49,2.18,0.5,0
40.81,4.08,6.02,8.71,0.5,1
56.13,6.1,23.0,40.82,1.0,0
56.53,2.32,4.24,4.47,0.85,1
59.56,3.92,2.46,53.73,0.5,0
20.28,5.22,6.75,4.2,0.85,0
62.43,5.04,20.61,4.05,0.3,0
46.21,0.8,8.69,10.42,0.2,0
58.56,4.11,2.56,34.22,0.2,1
60.63,8.01,11.99,13.64,0.5,1
37.9,1.9,25.61,29.67,1.0,0
23.16,12.5,1.0,9.3,1.0,0
36.42,5.31,8.64,16.19,0.5,1
50.71,5.84,14.2,27.25,0.5,1
36.64,1.85,8.27,24.88,1.0,1
38.95,5.33,6.77,28.86,0.2,1
41.94,5.13,4.86,22.3,0.5,1
33.97,1.93,3.74,63.14,0.85,0
51.63,8.6,3.13,22.15,0.85,0
64.71,2.87,13.73,3.14,0.5,1
50.66,4.34,6.38,6.82,0.5,1
27.06,8.86,8.33,40.33,0.85,0
58.82,2.17,15.6,42.92,1.0,0
58.13,2.81,7.54,21.36,0.2,1
40.33,4.67,2.65,38.81,0.2,1
59.06,4.96,7.82,18.39,0.85,1
55.82,6.32,10.04,8.48,0.85,1
55.94,12.16,1.06,21.64,0.5,0
42.54,9.39,10.18,24.06,0.5,0
26.64,7.01,4.0,9.32,0.5,0
49.46,6.11,3.33,7.46,0.3,1
53.17,3.58,12.36,17.68,0.2,1
48.15,1.32,3.97,3.25,0.85,0
38.88,12.5,3.15,5.33,0.85,0
42.65,3.5,8.3,27.26,1.0,1
55.68,3.56,7.69,17.29,0.85,1
43.91,2.14,11.36,29.5,0.2,0
38.29,6.36,20.22,46.0,0.2,0
37.35,3.7,3.03,0.69,0.2,1
45.02,9.88,19.43,4.77,0.2,0
62.49,10.3,12.95,18.87,0.5,0
46.37,3.9,5.86,8.02,0.85,0
54.72,9.04,17.23,21.33,0.5,0
31.75,4.63,2.07,43.36,0.5,0
59.68,2.75,24.09,11.96,0.85,0
48.63,2.67,13.79,83.11,0.2,0
41.14,6.09,6.61,21.2,0.3,1
60.06,3.63,11.92,44.11,0.85,0
27.77,5.77,22.52,23.67,0.85,0
64.69,6.43,6.83,24.94,0.5,1
35.53,4.33,8.17,44.92,0.5,0
31.75,3.52,15.49,64.79,0.2,0
45.74,3.86,8.26,5.21,0.5,1
47.18,8.75,3.54,34.98,0.2,0
41.54,2.33,11.31,7.2,0.2,1
41.1,2.33,6.85,8.61,1.0,1
32.57,3.46,19.72,16.7,0.5,0
32.76,8.89,3.27,23.84,1.0,0
42.35,9.11,8.87,14.07,0.85,0
50.67,6.27,12.98,36.92,0.5,1
49.9,8.19,17.31,0.41,0.5,0
28.37,3.3,13.17,61.47,0.3,0
39.35,2.36,19.26,78.57,0.85,0
40.57,5.29,13.15,21.89,0.3,1
56.2,6.61,6.22,8.33,0.5,1
35.81,9.9,15.35,11.6,0.2,0
66.73,1.94,9.57,21.72,0.2,1
60.53,4.56,12.36,15.35,0.5,1
51.44,2.86,6.13,12.36,0.2,1
54.72,0.97,23.77,59.65,0.85,0
60.45,4.8,10.7,48.4,0.2,0
42.63,6.18,16.0,30.64,1.0,1
30.12,3.98,18.15,39.18,0.85,0
34.6,4.24,9.4,1.66,0.5,1
41.82,4.22,13.39,8.18,0.85,1
41.26,1.9,18.89,13.07,0.2,0
54.25,4.13,5.6,18.53,0.5,1
45.4,1.4,6.3,50.34,1.0,0
48.65,6.52,15.89,35.54,0.85,1
29.16,2.91,6.52,17.6,0.3,1
41.62,8.92,5.29,77.12,0.3,0
35.97,0.8,2.15,11.28,0.85,0
59.58,8.82,7.45,5.85,0.3,0
40.26,2.75,16.6,22.23,0.5,0
58.13,10.42,5.74,22.7,0.85,0
50.13,6.44,25.97,28.12,0.5,0
50.59,9.77,1.52,11.73,0.5,0
56.0,4.47,5.28,64.47,0.5,0
