station,timestamp,temperature_celsius,relative_humidity_pct,delta_t_celsius,wind_speed_kmh,soil_moisture_pct,rain_prob_pct,crop_stage_sensitivity,readiness_score,spray_window_safe,ground_truth_safe,is_correct,rationale
Latur (Soybean Belt),2026-09-05T00:00,24.2,76.0,3.18,12.0,30.33,6.0,1.0,0.903,True,True,True,Optimal stomatal aperture and atmospheric stability verified
Latur (Soybean Belt),2026-09-05T01:00,23.6,78.0,2.88,11.6,30.33,2.0,1.0,0.902,True,True,True,Optimal stomatal aperture and atmospheric stability verified
Latur (Soybean Belt),2026-09-05T02:00,23.1,81.0,2.46,10.5,30.33,0.0,1.0,0.905,True,True,True,Optimal stomatal aperture and atmospheric stability verified
Latur (Soybean Belt),2026-09-05T03:00,22.6,84.0,2.05,10.1,30.33,0.0,1.0,0.906,True,True,True,Optimal stomatal aperture and atmospheric stability verified
Latur (Soybean Belt),2026-09-05T04:00,22.3,86.0,1.78,10.1,30.33,0.0,1.0,0.001,False,False,True,"Delta-T 1.8°C < 2.0°C (excess humidity, spray runoff)"
Latur (Soybean Belt),2026-09-05T05:00,22.0,88.0,1.52,10.6,30.33,0.0,1.0,0.001,False,False,True,"Delta-T 1.5°C < 2.0°C (excess humidity, spray runoff)"
Latur (Soybean Belt),2026-09-05T06:00,21.8,90.0,1.26,10.1,30.33,0.0,1.0,0.001,False,False,True,"Delta-T 1.3°C < 2.0°C (excess humidity, spray runoff)"
Latur (Soybean Belt),2026-09-05T07:00,23.1,86.0,1.8,10.5,30.33,0.0,1.0,0.047,False,False,True,"Delta-T 1.8°C < 2.0°C (excess humidity, spray runoff)"
Latur (Soybean Belt),2026-09-05T08:00,25.3,75.0,3.38,14.1,30.23,0.0,1.0,0.896,True,True,True,Optimal stomatal aperture and atmospheric stability verified
Latur (Soybean Belt),2026-09-05T09:00,26.4,70.0,4.16,14.9,30.13,11.0,1.0,0.892,True,True,True,Optimal stomatal aperture and atmospheric stability verified
Latur (Soybean Belt),2026-09-05T10:00,27.5,64.0,5.14,14.3,29.97,27.0,1.0,0.05,False,False,True,"Soil moisture 30.0% < 30% (xylem tension collapsed, stomata shut)"
Latur (Soybean Belt),2026-09-05T11:00,28.6,60.0,5.86,13.2,29.83,41.0,1.0,0.05,False,False,True,"Soil moisture 29.8% < 30% (xylem tension collapsed, stomata shut) | Rain probability 41.0% > 40% (chemical wash-off risk)"
Latur (Soybean Belt),2026-09-05T12:00,29.1,57.0,6.4,13.5,29.7,51.0,1.0,0.0,False,False,True,"Soil moisture 29.7% < 30% (xylem tension collapsed, stomata shut) | Rain probability 51.0% > 40% (chemical wash-off risk)"
Latur (Soybean Belt),2026-09-05T13:00,30.0,54.0,7.01,15.0,29.6,58.0,1.0,0.0,False,False,True,"Soil moisture 29.6% < 30% (xylem tension collapsed, stomata shut) | Rain probability 58.0% > 40% (chemical wash-off risk)"
Latur (Soybean Belt),2026-09-05T14:00,29.8,56.0,6.65,15.1,29.5,61.0,1.0,0.0,False,False,True,"Wind speed 15.1 km/h > 15 km/h limit (spray drift hazard) | Soil moisture 29.5% < 30% (xylem tension collapsed, stomata shut) | Rain probability 61.0% > 40% (chemical wash-off risk)"
Latur (Soybean Belt),2026-09-05T15:00,29.8,56.0,6.65,14.5,29.47,57.0,1.0,0.0,False,False,True,"Soil moisture 29.5% < 30% (xylem tension collapsed, stomata shut) | Rain probability 57.0% > 40% (chemical wash-off risk)"
Latur (Soybean Belt),2026-09-05T16:00,29.6,61.0,5.8,15.6,29.4,49.0,1.0,0.0,False,False,True,"Wind speed 15.6 km/h > 15 km/h limit (spray drift hazard) | Soil moisture 29.4% < 30% (xylem tension collapsed, stomata shut) | Rain probability 49.0% > 40% (chemical wash-off risk)"
Latur (Soybean Belt),2026-09-05T17:00,28.9,69.0,4.48,12.4,29.43,41.0,1.0,0.05,False,False,True,"Soil moisture 29.4% < 30% (xylem tension collapsed, stomata shut) | Rain probability 41.0% > 40% (chemical wash-off risk)"
Latur (Soybean Belt),2026-09-05T18:00,27.4,72.0,3.93,9.7,29.53,36.0,1.0,0.05,False,False,True,"Soil moisture 29.5% < 30% (xylem tension collapsed, stomata shut)"
Latur (Soybean Belt),2026-09-05T19:00,26.9,73.0,3.75,12.1,29.6,32.0,1.0,0.05,False,False,True,"Soil moisture 29.6% < 30% (xylem tension collapsed, stomata shut)"
Latur (Soybean Belt),2026-09-05T20:00,26.1,78.0,3.0,11.8,29.6,27.0,1.0,0.05,False,False,True,"Soil moisture 29.6% < 30% (xylem tension collapsed, stomata shut)"
Latur (Soybean Belt),2026-09-05T21:00,26.1,79.0,2.86,11.6,29.67,22.0,1.0,0.05,False,False,True,"Soil moisture 29.7% < 30% (xylem tension collapsed, stomata shut)"
Latur (Soybean Belt),2026-09-05T22:00,25.4,77.0,3.1,7.8,29.7,17.0,1.0,0.05,False,False,True,"Soil moisture 29.7% < 30% (xylem tension collapsed, stomata shut)"
Latur (Soybean Belt),2026-09-05T23:00,24.8,81.0,2.53,9.4,29.73,12.0,1.0,0.05,False,False,True,"Soil moisture 29.7% < 30% (xylem tension collapsed, stomata shut)"
Latur (Soybean Belt),2026-09-06T00:00,24.2,85.0,1.96,12.1,29.73,8.0,1.0,0.05,False,False,True,"Delta-T 2.0°C < 2.0°C (excess humidity, spray runoff) | Soil moisture 29.7% < 30% (xylem tension collapsed, stomata shut)"
Latur (Soybean Belt),2026-09-06T01:00,23.6,87.0,1.68,12.5,29.73,5.0,1.0,0.001,False,False,True,"Delta-T 1.7°C < 2.0°C (excess humidity, spray runoff) | Soil moisture 29.7% < 30% (xylem tension collapsed, stomata shut)"
Latur (Soybean Belt),2026-09-06T02:00,23.1,88.0,1.54,11.9,29.77,2.0,1.0,0.001,False,False,True,"Delta-T 1.5°C < 2.0°C (excess humidity, spray runoff) | Soil moisture 29.8% < 30% (xylem tension collapsed, stomata shut)"
Latur (Soybean Belt),2026-09-06T03:00,22.7,89.0,1.4,11.3,29.77,1.0,1.0,0.001,False,False,True,"Delta-T 1.4°C < 2.0°C (excess humidity, spray runoff) | Soil moisture 29.8% < 30% (xylem tension collapsed, stomata shut)"
Latur (Soybean Belt),2026-09-06T04:00,22.3,91.0,1.14,9.9,29.77,0.0,1.0,0.001,False,False,True,"Delta-T 1.1°C < 2.0°C (excess humidity, spray runoff) | Soil moisture 29.8% < 30% (xylem tension collapsed, stomata shut)"
Latur (Soybean Belt),2026-09-06T05:00,22.0,92.0,1.0,8.9,29.8,0.0,1.0,0.001,False,False,True,"Delta-T 1.0°C < 2.0°C (excess humidity, spray runoff) | Soil moisture 29.8% < 30% (xylem tension collapsed, stomata shut)"
Latur (Soybean Belt),2026-09-06T06:00,21.9,93.0,0.87,10.2,29.8,0.0,1.0,0.001,False,False,True,"Delta-T 0.9°C < 2.0°C (excess humidity, spray runoff) | Soil moisture 29.8% < 30% (xylem tension collapsed, stomata shut)"
Latur (Soybean Belt),2026-09-06T07:00,23.2,86.0,1.8,15.3,29.77,0.0,1.0,0.026,False,False,True,"Wind speed 15.3 km/h > 15 km/h limit (spray drift hazard) | Delta-T 1.8°C < 2.0°C (excess humidity, spray runoff) | Soil moisture 29.8% < 30% (xylem tension collapsed, stomata shut)"
Latur (Soybean Belt),2026-09-06T08:00,24.7,78.0,2.93,15.4,29.7,0.0,1.0,0.04,False,False,True,"Wind speed 15.4 km/h > 15 km/h limit (spray drift hazard) | Soil moisture 29.7% < 30% (xylem tension collapsed, stomata shut)"
Latur (Soybean Belt),2026-09-06T09:00,26.2,71.0,4.0,14.4,29.6,2.0,1.0,0.05,False,False,True,"Soil moisture 29.6% < 30% (xylem tension collapsed, stomata shut)"
Latur (Soybean Belt),2026-09-06T10:00,27.2,66.0,4.81,13.2,29.47,7.0,1.0,0.05,False,False,True,"Soil moisture 29.5% < 30% (xylem tension collapsed, stomata shut)"
Latur (Soybean Belt),2026-09-06T11:00,27.9,62.0,5.48,12.4,29.3,14.0,1.0,0.05,False,False,True,"Soil moisture 29.3% < 30% (xylem tension collapsed, stomata shut)"
Latur (Soybean Belt),2026-09-06T12:00,29.0,58.0,6.23,11.7,29.13,29.0,1.0,0.05,False,False,True,"Soil moisture 29.1% < 30% (xylem tension collapsed, stomata shut)"
Latur (Soybean Belt),2026-09-06T13:00,29.9,56.0,6.66,13.1,29.03,47.0,1.0,0.0,False,False,True,"Soil moisture 29.0% < 30% (xylem tension collapsed, stomata shut) | Rain probability 47.0% > 40% (chemical wash-off risk)"
Latur (Soybean Belt),2026-09-06T14:00,30.3,56.0,6.7,14.3,28.97,59.0,1.0,0.0,False,False,True,"Soil moisture 29.0% < 30% (xylem tension collapsed, stomata shut) | Rain probability 59.0% > 40% (chemical wash-off risk)"
Latur (Soybean Belt),2026-09-06T15:00,30.2,58.0,6.36,15.0,28.9,61.0,1.0,0.0,False,False,True,"Soil moisture 28.9% < 30% (xylem tension collapsed, stomata shut) | Rain probability 61.0% > 40% (chemical wash-off risk)"
Latur (Soybean Belt),2026-09-06T16:00,29.7,60.0,5.97,15.0,28.9,56.0,1.0,0.0,False,False,True,"Soil moisture 28.9% < 30% (xylem tension collapsed, stomata shut) | Rain probability 56.0% > 40% (chemical wash-off risk)"
Latur (Soybean Belt),2026-09-06T17:00,29.0,64.0,5.27,12.5,28.93,49.0,1.0,0.0,False,False,True,"Soil moisture 28.9% < 30% (xylem tension collapsed, stomata shut) | Rain probability 49.0% > 40% (chemical wash-off risk)"
Latur (Soybean Belt),2026-09-06T18:00,27.6,70.0,4.24,12.6,28.97,38.0,1.0,0.05,False,False,True,"Soil moisture 29.0% < 30% (xylem tension collapsed, stomata shut)"
Latur (Soybean Belt),2026-09-06T19:00,26.7,71.0,4.03,11.9,29.0,24.0,1.0,0.05,False,False,True,"Soil moisture 29.0% < 30% (xylem tension collapsed, stomata shut)"
Latur (Soybean Belt),2026-09-06T20:00,25.7,75.0,3.4,9.9,29.07,14.0,1.0,0.05,False,False,True,"Soil moisture 29.1% < 30% (xylem tension collapsed, stomata shut)"
Latur (Soybean Belt),2026-09-06T21:00,25.0,78.0,2.95,15.0,29.13,11.0,1.0,0.05,False,False,True,"Soil moisture 29.1% < 30% (xylem tension collapsed, stomata shut)"
Latur (Soybean Belt),2026-09-06T22:00,23.3,87.0,1.68,10.3,29.13,12.0,1.0,0.001,False,False,True,"Delta-T 1.7°C < 2.0°C (excess humidity, spray runoff) | Soil moisture 29.1% < 30% (xylem tension collapsed, stomata shut)"
Latur (Soybean Belt),2026-09-06T23:00,23.4,86.0,1.81,7.9,29.17,12.0,1.0,0.05,False,False,True,"Delta-T 1.8°C < 2.0°C (excess humidity, spray runoff) | Soil moisture 29.2% < 30% (xylem tension collapsed, stomata shut)"
Nashik (Grape Orchards),2026-09-05T00:00,22.5,91.0,1.14,10.9,42.43,0.0,0.85,0.001,False,False,True,"Delta-T 1.1°C < 2.0°C (excess humidity, spray runoff)"
Nashik (Grape Orchards),2026-09-05T01:00,22.6,90.0,1.27,9.7,42.43,0.0,0.85,0.001,False,False,True,"Delta-T 1.3°C < 2.0°C (excess humidity, spray runoff)"
Nashik (Grape Orchards),2026-09-05T02:00,22.5,91.0,1.14,10.4,42.47,0.0,0.85,0.001,False,False,True,"Delta-T 1.1°C < 2.0°C (excess humidity, spray runoff)"
Nashik (Grape Orchards),2026-09-05T03:00,22.4,91.0,1.14,11.8,42.5,2.0,0.85,0.001,False,False,True,"Delta-T 1.1°C < 2.0°C (excess humidity, spray runoff)"
Nashik (Grape Orchards),2026-09-05T04:00,22.3,90.0,1.26,10.0,42.53,4.0,0.85,0.001,False,False,True,"Delta-T 1.3°C < 2.0°C (excess humidity, spray runoff)"
Nashik (Grape Orchards),2026-09-05T05:00,21.8,94.0,0.75,9.1,42.53,6.0,0.85,0.001,False,False,True,"Delta-T 0.8°C < 2.0°C (excess humidity, spray runoff)"
Nashik (Grape Orchards),2026-09-05T06:00,21.7,94.0,0.74,9.7,42.53,5.0,0.85,0.001,False,False,True,"Delta-T 0.7°C < 2.0°C (excess humidity, spray runoff)"
Nashik (Grape Orchards),2026-09-05T07:00,22.7,88.0,1.53,12.5,42.57,4.0,0.85,0.001,False,False,True,"Delta-T 1.5°C < 2.0°C (excess humidity, spray runoff)"
Nashik (Grape Orchards),2026-09-05T08:00,24.1,82.0,2.36,14.3,42.53,12.0,0.85,0.916,True,True,True,Optimal stomatal aperture and atmospheric stability verified
Nashik (Grape Orchards),2026-09-05T09:00,25.0,78.0,2.95,15.9,42.5,38.0,0.85,0.04,False,False,True,Wind speed 15.9 km/h > 15 km/h limit (spray drift hazard)
Nashik (Grape Orchards),2026-09-05T10:00,25.4,75.0,3.38,17.3,42.43,73.0,0.85,0.0,False,False,True,Wind speed 17.3 km/h > 15 km/h limit (spray drift hazard) | Rain probability 73.0% > 40% (chemical wash-off risk)
Nashik (Grape Orchards),2026-09-05T11:00,26.0,72.0,3.84,18.6,42.4,98.0,0.85,0.0,False,False,True,Wind speed 18.6 km/h > 15 km/h limit (spray drift hazard) | Rain probability 98.0% > 40% (chemical wash-off risk)
Nashik (Grape Orchards),2026-09-05T12:00,26.4,72.0,3.87,18.3,42.37,100.0,0.85,0.0,False,False,True,Wind speed 18.3 km/h > 15 km/h limit (spray drift hazard) | Rain probability 100.0% > 40% (chemical wash-off risk)
Nashik (Grape Orchards),2026-09-05T13:00,25.9,72.0,3.84,17.3,42.33,100.0,0.85,0.0,False,False,True,Wind speed 17.3 km/h > 15 km/h limit (spray drift hazard) | Rain probability 100.0% > 40% (chemical wash-off risk)
Nashik (Grape Orchards),2026-09-05T14:00,26.9,70.0,4.19,19.1,42.33,100.0,0.85,0.0,False,False,True,Wind speed 19.1 km/h > 15 km/h limit (spray drift hazard) | Rain probability 100.0% > 40% (chemical wash-off risk)
Nashik (Grape Orchards),2026-09-05T15:00,26.6,70.0,4.17,19.1,42.3,100.0,0.85,0.0,False,False,True,Wind speed 19.1 km/h > 15 km/h limit (spray drift hazard) | Rain probability 100.0% > 40% (chemical wash-off risk)
Nashik (Grape Orchards),2026-09-05T16:00,26.0,75.0,3.42,20.0,42.23,100.0,0.85,0.0,False,False,True,Wind speed 20.0 km/h > 15 km/h limit (spray drift hazard) | Rain probability 100.0% > 40% (chemical wash-off risk)
Nashik (Grape Orchards),2026-09-05T17:00,24.7,82.0,2.39,18.6,42.23,94.0,0.85,0.0,False,False,True,Wind speed 18.6 km/h > 15 km/h limit (spray drift hazard) | Rain probability 94.0% > 40% (chemical wash-off risk)
Nashik (Grape Orchards),2026-09-05T18:00,23.7,86.0,1.82,15.1,42.27,66.0,0.85,0.0,False,False,True,"Wind speed 15.1 km/h > 15 km/h limit (spray drift hazard) | Delta-T 1.8°C < 2.0°C (excess humidity, spray runoff) | Rain probability 66.0% > 40% (chemical wash-off risk)"
Nashik (Grape Orchards),2026-09-05T19:00,23.0,90.0,1.28,12.5,42.33,29.0,0.85,0.001,False,False,True,"Delta-T 1.3°C < 2.0°C (excess humidity, spray runoff)"
Nashik (Grape Orchards),2026-09-05T20:00,23.0,92.0,1.01,12.8,42.33,2.0,0.85,0.001,False,False,True,"Delta-T 1.0°C < 2.0°C (excess humidity, spray runoff)"
Nashik (Grape Orchards),2026-09-05T21:00,22.7,93.0,0.88,12.4,42.37,0.0,0.85,0.001,False,False,True,"Delta-T 0.9°C < 2.0°C (excess humidity, spray runoff)"
Nashik (Grape Orchards),2026-09-05T22:00,22.7,92.0,1.01,12.0,42.4,0.0,0.85,0.001,False,False,True,"Delta-T 1.0°C < 2.0°C (excess humidity, spray runoff)"
Nashik (Grape Orchards),2026-09-05T23:00,22.8,92.0,1.01,11.8,42.4,0.0,0.85,0.001,False,False,True,"Delta-T 1.0°C < 2.0°C (excess humidity, spray runoff)"
Nashik (Grape Orchards),2026-09-06T00:00,22.6,92.0,1.01,11.9,42.43,0.0,0.85,0.001,False,False,True,"Delta-T 1.0°C < 2.0°C (excess humidity, spray runoff)"
Nashik (Grape Orchards),2026-09-06T01:00,22.4,92.0,1.01,11.4,42.43,1.0,0.85,0.001,False,False,True,"Delta-T 1.0°C < 2.0°C (excess humidity, spray runoff)"
Nashik (Grape Orchards),2026-09-06T02:00,22.5,91.0,1.14,12.3,42.47,2.0,0.85,0.001,False,False,True,"Delta-T 1.1°C < 2.0°C (excess humidity, spray runoff)"
Nashik (Grape Orchards),2026-09-06T03:00,22.4,90.0,1.27,12.5,42.5,2.0,0.85,0.001,False,False,True,"Delta-T 1.3°C < 2.0°C (excess humidity, spray runoff)"
Nashik (Grape Orchards),2026-09-06T04:00,22.3,90.0,1.26,11.2,42.53,3.0,0.85,0.001,False,False,True,"Delta-T 1.3°C < 2.0°C (excess humidity, spray runoff)"
Nashik (Grape Orchards),2026-09-06T05:00,22.2,90.0,1.26,10.7,42.53,4.0,0.85,0.001,False,False,True,"Delta-T 1.3°C < 2.0°C (excess humidity, spray runoff)"
Nashik (Grape Orchards),2026-09-06T06:00,22.0,90.0,1.26,11.1,42.57,6.0,0.85,0.001,False,False,True,"Delta-T 1.3°C < 2.0°C (excess humidity, spray runoff)"
Nashik (Grape Orchards),2026-09-06T07:00,22.8,87.0,1.66,11.9,42.57,9.0,0.85,0.001,False,False,True,"Delta-T 1.7°C < 2.0°C (excess humidity, spray runoff)"
Nashik (Grape Orchards),2026-09-06T08:00,24.2,79.0,2.77,14.7,42.57,14.0,0.85,0.916,True,True,True,Optimal stomatal aperture and atmospheric stability verified
Nashik (Grape Orchards),2026-09-06T09:00,25.1,75.0,3.37,16.6,42.5,23.0,0.85,0.0,False,False,True,Wind speed 16.6 km/h > 15 km/h limit (spray drift hazard)
Nashik (Grape Orchards),2026-09-06T10:00,25.9,73.0,3.69,16.9,42.5,35.0,0.85,0.0,False,False,True,Wind speed 16.9 km/h > 15 km/h limit (spray drift hazard)
Nashik (Grape Orchards),2026-09-06T11:00,27.2,68.0,4.51,17.5,42.4,47.0,0.85,0.0,False,False,True,Wind speed 17.5 km/h > 15 km/h limit (spray drift hazard) | Rain probability 47.0% > 40% (chemical wash-off risk)
Nashik (Grape Orchards),2026-09-06T12:00,27.2,68.0,4.51,18.9,42.4,63.0,0.85,0.0,False,False,True,Wind speed 18.9 km/h > 15 km/h limit (spray drift hazard) | Rain probability 63.0% > 40% (chemical wash-off risk)
Nashik (Grape Orchards),2026-09-06T13:00,27.3,69.0,4.37,18.0,42.43,80.0,0.85,0.0,False,False,True,Wind speed 18.0 km/h > 15 km/h limit (spray drift hazard) | Rain probability 80.0% > 40% (chemical wash-off risk)
Nashik (Grape Orchards),2026-09-06T14:00,27.2,69.0,4.36,16.7,42.4,88.0,0.85,0.0,False,False,True,Wind speed 16.7 km/h > 15 km/h limit (spray drift hazard) | Rain probability 88.0% > 40% (chemical wash-off risk)
Nashik (Grape Orchards),2026-09-06T15:00,26.8,73.0,3.75,17.0,42.43,82.0,0.85,0.0,False,False,True,Wind speed 17.0 km/h > 15 km/h limit (spray drift hazard) | Rain probability 82.0% > 40% (chemical wash-off risk)
Nashik (Grape Orchards),2026-09-06T16:00,26.1,75.0,3.42,18.5,42.37,67.0,0.85,0.0,False,False,True,Wind speed 18.5 km/h > 15 km/h limit (spray drift hazard) | Rain probability 67.0% > 40% (chemical wash-off risk)
Nashik (Grape Orchards),2026-09-06T17:00,25.4,79.0,2.83,17.5,42.37,51.0,0.85,0.0,False,False,True,Wind speed 17.5 km/h > 15 km/h limit (spray drift hazard) | Rain probability 51.0% > 40% (chemical wash-off risk)
Nashik (Grape Orchards),2026-09-06T18:00,24.2,84.0,2.1,14.9,42.43,33.0,0.85,0.771,True,True,True,Optimal stomatal aperture and atmospheric stability verified
Nashik (Grape Orchards),2026-09-06T19:00,23.2,89.0,1.41,14.8,42.43,14.0,0.85,0.001,False,False,True,"Delta-T 1.4°C < 2.0°C (excess humidity, spray runoff)"
Nashik (Grape Orchards),2026-09-06T20:00,22.9,90.0,1.27,13.2,42.43,0.0,0.85,0.001,False,False,True,"Delta-T 1.3°C < 2.0°C (excess humidity, spray runoff)"
Nashik (Grape Orchards),2026-09-06T21:00,22.7,91.0,1.14,13.4,42.47,0.0,0.85,0.001,False,False,True,"Delta-T 1.1°C < 2.0°C (excess humidity, spray runoff)"
Nashik (Grape Orchards),2026-09-06T22:00,22.6,92.0,1.01,12.1,42.5,0.0,0.85,0.001,False,False,True,"Delta-T 1.0°C < 2.0°C (excess humidity, spray runoff)"
Nashik (Grape Orchards),2026-09-06T23:00,22.4,93.0,0.88,13.0,42.53,0.0,0.85,0.001,False,False,True,"Delta-T 0.9°C < 2.0°C (excess humidity, spray runoff)"
Ludhiana (Wheat/Paddy),2026-09-05T00:00,25.9,95.0,0.63,6.9,23.7,18.0,0.85,0.0,False,False,True,"Delta-T 0.6°C < 2.0°C (excess humidity, spray runoff) | Soil moisture 23.7% < 30% (xylem tension collapsed, stomata shut)"
Ludhiana (Wheat/Paddy),2026-09-05T01:00,25.9,96.0,0.49,7.5,23.67,19.0,0.85,0.0,False,False,True,"Delta-T 0.5°C < 2.0°C (excess humidity, spray runoff) | Soil moisture 23.7% < 30% (xylem tension collapsed, stomata shut)"
Ludhiana (Wheat/Paddy),2026-09-05T02:00,25.9,95.0,0.63,6.2,23.63,18.0,0.85,0.0,False,False,True,"Delta-T 0.6°C < 2.0°C (excess humidity, spray runoff) | Soil moisture 23.6% < 30% (xylem tension collapsed, stomata shut)"
Ludhiana (Wheat/Paddy),2026-09-05T03:00,25.8,95.0,0.63,3.8,23.6,14.0,0.85,0.0,False,False,True,"Delta-T 0.6°C < 2.0°C (excess humidity, spray runoff) | Soil moisture 23.6% < 30% (xylem tension collapsed, stomata shut)"
Ludhiana (Wheat/Paddy),2026-09-05T04:00,25.6,96.0,0.49,5.4,23.57,8.0,0.85,0.0,False,False,True,"Delta-T 0.5°C < 2.0°C (excess humidity, spray runoff) | Soil moisture 23.6% < 30% (xylem tension collapsed, stomata shut)"
Ludhiana (Wheat/Paddy),2026-09-05T05:00,25.5,96.0,0.49,4.7,23.57,6.0,0.85,0.0,False,False,True,"Delta-T 0.5°C < 2.0°C (excess humidity, spray runoff) | Soil moisture 23.6% < 30% (xylem tension collapsed, stomata shut)"
Ludhiana (Wheat/Paddy),2026-09-05T06:00,25.5,97.0,0.36,3.0,23.53,9.0,0.85,0.0,False,False,True,"Delta-T 0.4°C < 2.0°C (excess humidity, spray runoff) | Soil moisture 23.5% < 30% (xylem tension collapsed, stomata shut)"
Ludhiana (Wheat/Paddy),2026-09-05T07:00,26.5,81.0,2.59,3.1,23.5,15.0,0.85,0.0,False,False,True,"Soil moisture 23.5% < 30% (xylem tension collapsed, stomata shut)"
Ludhiana (Wheat/Paddy),2026-09-05T08:00,25.7,89.0,1.45,7.8,23.47,22.0,0.85,0.0,False,False,True,"Delta-T 1.4°C < 2.0°C (excess humidity, spray runoff) | Soil moisture 23.5% < 30% (xylem tension collapsed, stomata shut)"
Ludhiana (Wheat/Paddy),2026-09-05T09:00,27.3,82.0,2.48,8.0,23.33,31.0,0.85,0.0,False,False,True,"Soil moisture 23.3% < 30% (xylem tension collapsed, stomata shut)"
Ludhiana (Wheat/Paddy),2026-09-05T10:00,28.8,76.0,3.42,3.3,23.23,41.0,0.85,0.0,False,False,True,"Soil moisture 23.2% < 30% (xylem tension collapsed, stomata shut) | Rain probability 41.0% > 40% (chemical wash-off risk)"
Ludhiana (Wheat/Paddy),2026-09-05T11:00,30.2,72.0,4.11,1.3,23.07,51.0,0.85,0.0,False,False,True,"Soil moisture 23.1% < 30% (xylem tension collapsed, stomata shut) | Rain probability 51.0% > 40% (chemical wash-off risk)"
Ludhiana (Wheat/Paddy),2026-09-05T12:00,31.1,67.0,4.96,1.4,22.9,60.0,0.85,0.0,False,False,True,"Soil moisture 22.9% < 30% (xylem tension collapsed, stomata shut) | Rain probability 60.0% > 40% (chemical wash-off risk)"
Ludhiana (Wheat/Paddy),2026-09-05T13:00,31.9,63.0,5.69,4.4,22.8,69.0,0.85,0.0,False,False,True,"Soil moisture 22.8% < 30% (xylem tension collapsed, stomata shut) | Rain probability 69.0% > 40% (chemical wash-off risk)"
Ludhiana (Wheat/Paddy),2026-09-05T14:00,30.9,69.0,4.63,8.3,22.7,73.0,0.85,0.0,False,False,True,"Soil moisture 22.7% < 30% (xylem tension collapsed, stomata shut) | Rain probability 73.0% > 40% (chemical wash-off risk)"
Ludhiana (Wheat/Paddy),2026-09-05T15:00,30.2,72.0,4.11,7.7,22.97,72.0,0.85,0.0,False,False,True,"Soil moisture 23.0% < 30% (xylem tension collapsed, stomata shut) | Rain probability 72.0% > 40% (chemical wash-off risk)"
Ludhiana (Wheat/Paddy),2026-09-05T16:00,30.1,72.0,4.1,6.4,23.7,66.0,0.85,0.0,False,False,True,"Soil moisture 23.7% < 30% (xylem tension collapsed, stomata shut) | Rain probability 66.0% > 40% (chemical wash-off risk)"
Ludhiana (Wheat/Paddy),2026-09-05T17:00,29.5,75.0,3.6,4.8,23.4,57.0,0.85,0.0,False,False,True,"Soil moisture 23.4% < 30% (xylem tension collapsed, stomata shut) | Rain probability 57.0% > 40% (chemical wash-off risk)"
Ludhiana (Wheat/Paddy),2026-09-05T18:00,28.8,80.0,2.82,3.3,23.33,40.0,0.85,0.0,False,False,True,"Soil moisture 23.3% < 30% (xylem tension collapsed, stomata shut)"
Ludhiana (Wheat/Paddy),2026-09-05T19:00,28.2,87.0,1.78,2.7,23.3,19.0,0.85,0.0,False,False,True,"Delta-T 1.8°C < 2.0°C (excess humidity, spray runoff) | Soil moisture 23.3% < 30% (xylem tension collapsed, stomata shut)"
Ludhiana (Wheat/Paddy),2026-09-05T20:00,27.6,91.0,1.2,5.8,23.27,4.0,0.85,0.0,False,False,True,"Delta-T 1.2°C < 2.0°C (excess humidity, spray runoff) | Soil moisture 23.3% < 30% (xylem tension collapsed, stomata shut)"
Ludhiana (Wheat/Paddy),2026-09-05T21:00,27.2,93.0,0.92,4.5,23.23,0.0,0.85,0.0,False,False,True,"Delta-T 0.9°C < 2.0°C (excess humidity, spray runoff) | Soil moisture 23.2% < 30% (xylem tension collapsed, stomata shut)"
Ludhiana (Wheat/Paddy),2026-09-05T22:00,26.7,97.0,0.36,3.3,23.2,0.0,0.85,0.0,False,False,True,"Delta-T 0.4°C < 2.0°C (excess humidity, spray runoff) | Soil moisture 23.2% < 30% (xylem tension collapsed, stomata shut)"
Ludhiana (Wheat/Paddy),2026-09-05T23:00,26.4,100.0,-0.06,1.5,23.2,0.0,0.85,0.0,False,False,True,"Delta-T -0.1°C < 2.0°C (excess humidity, spray runoff) | Soil moisture 23.2% < 30% (xylem tension collapsed, stomata shut)"
Ludhiana (Wheat/Paddy),2026-09-06T00:00,26.1,99.0,0.08,2.0,23.17,0.0,0.85,0.0,False,False,True,"Delta-T 0.1°C < 2.0°C (excess humidity, spray runoff) | Soil moisture 23.2% < 30% (xylem tension collapsed, stomata shut)"
Ludhiana (Wheat/Paddy),2026-09-06T01:00,26.0,97.0,0.36,1.3,23.17,0.0,0.85,0.0,False,False,True,"Delta-T 0.4°C < 2.0°C (excess humidity, spray runoff) | Soil moisture 23.2% < 30% (xylem tension collapsed, stomata shut)"
Ludhiana (Wheat/Paddy),2026-09-06T02:00,25.8,96.0,0.49,1.7,23.17,0.0,0.85,0.0,False,False,True,"Delta-T 0.5°C < 2.0°C (excess humidity, spray runoff) | Soil moisture 23.2% < 30% (xylem tension collapsed, stomata shut)"
Ludhiana (Wheat/Paddy),2026-09-06T03:00,25.6,97.0,0.36,3.7,23.17,3.0,0.85,0.0,False,False,True,"Delta-T 0.4°C < 2.0°C (excess humidity, spray runoff) | Soil moisture 23.2% < 30% (xylem tension collapsed, stomata shut)"
Ludhiana (Wheat/Paddy),2026-09-06T04:00,25.5,97.0,0.36,3.1,23.17,8.0,0.85,0.0,False,False,True,"Delta-T 0.4°C < 2.0°C (excess humidity, spray runoff) | Soil moisture 23.2% < 30% (xylem tension collapsed, stomata shut)"
Ludhiana (Wheat/Paddy),2026-09-06T05:00,25.5,96.0,0.49,0.4,23.17,12.0,0.85,0.0,False,False,True,"Delta-T 0.5°C < 2.0°C (excess humidity, spray runoff) | Soil moisture 23.2% < 30% (xylem tension collapsed, stomata shut)"
Ludhiana (Wheat/Paddy),2026-09-06T06:00,25.2,97.0,0.36,2.7,23.17,17.0,0.85,0.0,False,False,True,"Delta-T 0.4°C < 2.0°C (excess humidity, spray runoff) | Soil moisture 23.2% < 30% (xylem tension collapsed, stomata shut)"
Ludhiana (Wheat/Paddy),2026-09-06T07:00,25.7,95.0,0.63,2.3,23.17,21.0,0.85,0.0,False,False,True,"Delta-T 0.6°C < 2.0°C (excess humidity, spray runoff) | Soil moisture 23.2% < 30% (xylem tension collapsed, stomata shut)"
Ludhiana (Wheat/Paddy),2026-09-06T08:00,27.3,86.0,1.91,4.7,23.1,24.0,0.85,0.0,False,False,True,"Delta-T 1.9°C < 2.0°C (excess humidity, spray runoff) | Soil moisture 23.1% < 30% (xylem tension collapsed, stomata shut)"
Ludhiana (Wheat/Paddy),2026-09-06T09:00,26.4,90.0,1.33,7.4,23.0,25.0,0.85,0.0,False,False,True,"Delta-T 1.3°C < 2.0°C (excess humidity, spray runoff) | Soil moisture 23.0% < 30% (xylem tension collapsed, stomata shut)"
Ludhiana (Wheat/Paddy),2026-09-06T10:00,27.9,81.0,2.64,4.3,22.83,24.0,0.85,0.0,False,False,True,"Soil moisture 22.8% < 30% (xylem tension collapsed, stomata shut)"
Ludhiana (Wheat/Paddy),2026-09-06T11:00,29.8,71.0,4.24,3.9,22.63,22.0,0.85,0.0,False,False,True,"Soil moisture 22.6% < 30% (xylem tension collapsed, stomata shut)"
Ludhiana (Wheat/Paddy),2026-09-06T12:00,30.8,67.0,4.94,3.3,22.47,17.0,0.85,0.0,False,False,True,"Soil moisture 22.5% < 30% (xylem tension collapsed, stomata shut)"
Ludhiana (Wheat/Paddy),2026-09-06T13:00,31.5,65.0,5.32,1.8,22.3,11.0,0.85,0.0,False,False,True,"Soil moisture 22.3% < 30% (xylem tension collapsed, stomata shut)"
Ludhiana (Wheat/Paddy),2026-09-06T14:00,32.4,61.0,6.08,2.5,22.13,6.0,0.85,0.0,False,False,True,"Soil moisture 22.1% < 30% (xylem tension collapsed, stomata shut)"
Ludhiana (Wheat/Paddy),2026-09-06T15:00,32.4,60.0,6.25,6.1,22.0,5.0,0.85,0.0,False,False,True,"Soil moisture 22.0% < 30% (xylem tension collapsed, stomata shut)"
Ludhiana (Wheat/Paddy),2026-09-06T16:00,31.9,60.0,6.2,7.6,21.97,6.0,0.85,0.0,False,False,True,"Soil moisture 22.0% < 30% (xylem tension collapsed, stomata shut)"
Ludhiana (Wheat/Paddy),2026-09-06T17:00,31.5,61.0,5.99,6.6,21.93,6.0,0.85,0.0,False,False,True,"Soil moisture 21.9% < 30% (xylem tension collapsed, stomata shut)"
Ludhiana (Wheat/Paddy),2026-09-06T18:00,30.3,71.0,4.27,4.8,21.97,5.0,0.85,0.0,False,False,True,"Soil moisture 22.0% < 30% (xylem tension collapsed, stomata shut)"
Ludhiana (Wheat/Paddy),2026-09-06T19:00,29.4,77.0,3.3,5.7,22.07,5.0,0.85,0.0,False,False,True,"Soil moisture 22.1% < 30% (xylem tension collapsed, stomata shut)"
Ludhiana (Wheat/Paddy),2026-09-06T20:00,28.6,82.0,2.52,7.2,22.07,4.0,0.85,0.0,False,False,True,"Soil moisture 22.1% < 30% (xylem tension collapsed, stomata shut)"
Ludhiana (Wheat/Paddy),2026-09-06T21:00,27.8,88.0,1.63,5.2,22.13,4.0,0.85,0.0,False,False,True,"Delta-T 1.6°C < 2.0°C (excess humidity, spray runoff) | Soil moisture 22.1% < 30% (xylem tension collapsed, stomata shut)"
Ludhiana (Wheat/Paddy),2026-09-06T22:00,27.3,92.0,1.06,4.4,22.2,4.0,0.85,0.0,False,False,True,"Delta-T 1.1°C < 2.0°C (excess humidity, spray runoff) | Soil moisture 22.2% < 30% (xylem tension collapsed, stomata shut)"
Ludhiana (Wheat/Paddy),2026-09-06T23:00,26.8,95.0,0.64,2.3,22.27,4.0,0.85,0.0,False,False,True,"Delta-T 0.6°C < 2.0°C (excess humidity, spray runoff) | Soil moisture 22.3% < 30% (xylem tension collapsed, stomata shut)"
Bhopal (Malwa Plateau),2026-09-05T00:00,22.7,94.0,0.75,16.4,50.4,77.0,1.0,0.0,False,False,True,"Wind speed 16.4 km/h > 15 km/h limit (spray drift hazard) | Delta-T 0.8°C < 2.0°C (excess humidity, spray runoff) | Rain probability 77.0% > 40% (chemical wash-off risk)"
Bhopal (Malwa Plateau),2026-09-05T01:00,22.8,94.0,0.75,15.5,50.33,69.0,1.0,0.0,False,False,True,"Wind speed 15.5 km/h > 15 km/h limit (spray drift hazard) | Delta-T 0.8°C < 2.0°C (excess humidity, spray runoff) | Rain probability 69.0% > 40% (chemical wash-off risk)"
Bhopal (Malwa Plateau),2026-09-05T02:00,22.9,93.0,0.88,16.0,50.43,63.0,1.0,0.0,False,False,True,"Wind speed 16.0 km/h > 15 km/h limit (spray drift hazard) | Delta-T 0.9°C < 2.0°C (excess humidity, spray runoff) | Rain probability 63.0% > 40% (chemical wash-off risk)"
Bhopal (Malwa Plateau),2026-09-05T03:00,22.9,92.0,1.01,16.6,49.9,59.0,1.0,0.0,False,False,True,"Wind speed 16.6 km/h > 15 km/h limit (spray drift hazard) | Delta-T 1.0°C < 2.0°C (excess humidity, spray runoff) | Rain probability 59.0% > 40% (chemical wash-off risk)"
Bhopal (Malwa Plateau),2026-09-05T04:00,22.8,92.0,1.01,16.9,49.43,57.0,1.0,0.0,False,False,True,"Wind speed 16.9 km/h > 15 km/h limit (spray drift hazard) | Delta-T 1.0°C < 2.0°C (excess humidity, spray runoff) | Rain probability 57.0% > 40% (chemical wash-off risk)"
Bhopal (Malwa Plateau),2026-09-05T05:00,22.7,92.0,1.01,17.9,48.93,57.0,1.0,0.0,False,False,True,"Wind speed 17.9 km/h > 15 km/h limit (spray drift hazard) | Delta-T 1.0°C < 2.0°C (excess humidity, spray runoff) | Rain probability 57.0% > 40% (chemical wash-off risk)"
Bhopal (Malwa Plateau),2026-09-05T06:00,22.5,94.0,0.75,16.9,48.43,60.0,1.0,0.0,False,False,True,"Wind speed 16.9 km/h > 15 km/h limit (spray drift hazard) | Delta-T 0.8°C < 2.0°C (excess humidity, spray runoff) | Rain probability 60.0% > 40% (chemical wash-off risk)"
Bhopal (Malwa Plateau),2026-09-05T07:00,23.1,93.0,0.88,16.0,48.1,65.0,1.0,0.0,False,False,True,"Wind speed 16.0 km/h > 15 km/h limit (spray drift hazard) | Delta-T 0.9°C < 2.0°C (excess humidity, spray runoff) | Rain probability 65.0% > 40% (chemical wash-off risk)"
Bhopal (Malwa Plateau),2026-09-05T08:00,23.5,92.0,1.02,15.3,48.07,69.0,1.0,0.0,False,False,True,"Wind speed 15.3 km/h > 15 km/h limit (spray drift hazard) | Delta-T 1.0°C < 2.0°C (excess humidity, spray runoff) | Rain probability 69.0% > 40% (chemical wash-off risk)"
Bhopal (Malwa Plateau),2026-09-05T09:00,24.2,87.0,1.7,15.6,48.77,71.0,1.0,0.0,False,False,True,"Wind speed 15.6 km/h > 15 km/h limit (spray drift hazard) | Delta-T 1.7°C < 2.0°C (excess humidity, spray runoff) | Rain probability 71.0% > 40% (chemical wash-off risk)"
Bhopal (Malwa Plateau),2026-09-05T10:00,25.9,78.0,2.99,19.7,48.73,72.0,1.0,0.0,False,False,True,Wind speed 19.7 km/h > 15 km/h limit (spray drift hazard) | Rain probability 72.0% > 40% (chemical wash-off risk)
Bhopal (Malwa Plateau),2026-09-05T11:00,26.5,77.0,3.16,18.1,48.73,75.0,1.0,0.0,False,False,True,Wind speed 18.1 km/h > 15 km/h limit (spray drift hazard) | Rain probability 75.0% > 40% (chemical wash-off risk)
Bhopal (Malwa Plateau),2026-09-05T12:00,25.4,82.0,2.41,19.3,48.57,81.0,1.0,0.0,False,False,True,Wind speed 19.3 km/h > 15 km/h limit (spray drift hazard) | Rain probability 81.0% > 40% (chemical wash-off risk)
Bhopal (Malwa Plateau),2026-09-05T13:00,26.3,86.0,1.88,19.9,48.43,88.0,1.0,0.0,False,False,True,"Wind speed 19.9 km/h > 15 km/h limit (spray drift hazard) | Delta-T 1.9°C < 2.0°C (excess humidity, spray runoff) | Rain probability 88.0% > 40% (chemical wash-off risk)"
Bhopal (Malwa Plateau),2026-09-05T14:00,27.5,81.0,2.63,21.6,48.73,92.0,1.0,0.0,False,False,True,Wind speed 21.6 km/h > 15 km/h limit (spray drift hazard) | Rain probability 92.0% > 40% (chemical wash-off risk)
Bhopal (Malwa Plateau),2026-09-05T15:00,27.5,76.0,3.35,19.8,48.8,90.0,1.0,0.0,False,False,True,Wind speed 19.8 km/h > 15 km/h limit (spray drift hazard) | Rain probability 90.0% > 40% (chemical wash-off risk)
Bhopal (Malwa Plateau),2026-09-05T16:00,25.2,92.0,1.04,12.1,49.6,85.0,1.0,0.0,False,False,True,"Delta-T 1.0°C < 2.0°C (excess humidity, spray runoff) | Rain probability 85.0% > 40% (chemical wash-off risk)"
Bhopal (Malwa Plateau),2026-09-05T17:00,25.3,88.0,1.58,15.1,49.1,78.0,1.0,0.0,False,False,True,"Wind speed 15.1 km/h > 15 km/h limit (spray drift hazard) | Delta-T 1.6°C < 2.0°C (excess humidity, spray runoff) | Rain probability 78.0% > 40% (chemical wash-off risk)"
Bhopal (Malwa Plateau),2026-09-05T18:00,24.8,89.0,1.44,11.4,48.53,68.0,1.0,0.0,False,False,True,"Delta-T 1.4°C < 2.0°C (excess humidity, spray runoff) | Rain probability 68.0% > 40% (chemical wash-off risk)"
Bhopal (Malwa Plateau),2026-09-05T19:00,24.4,90.0,1.3,7.7,48.17,55.0,1.0,0.0,False,False,True,"Delta-T 1.3°C < 2.0°C (excess humidity, spray runoff) | Rain probability 55.0% > 40% (chemical wash-off risk)"
Bhopal (Malwa Plateau),2026-09-05T20:00,24.2,91.0,1.16,8.3,47.8,45.0,1.0,0.0,False,False,True,"Delta-T 1.2°C < 2.0°C (excess humidity, spray runoff) | Rain probability 45.0% > 40% (chemical wash-off risk)"
Bhopal (Malwa Plateau),2026-09-05T21:00,24.0,92.0,1.02,9.6,47.5,37.0,1.0,0.002,False,False,True,"Delta-T 1.0°C < 2.0°C (excess humidity, spray runoff)"
Bhopal (Malwa Plateau),2026-09-05T22:00,23.9,92.0,1.02,10.6,47.3,32.0,1.0,0.002,False,False,True,"Delta-T 1.0°C < 2.0°C (excess humidity, spray runoff)"
Bhopal (Malwa Plateau),2026-09-05T23:00,23.7,93.0,0.89,11.3,47.1,31.0,1.0,0.001,False,False,True,"Delta-T 0.9°C < 2.0°C (excess humidity, spray runoff)"
Bhopal (Malwa Plateau),2026-09-06T00:00,23.6,93.0,0.89,11.6,46.93,37.0,1.0,0.002,False,False,True,"Delta-T 0.9°C < 2.0°C (excess humidity, spray runoff)"
Bhopal (Malwa Plateau),2026-09-06T01:00,23.0,95.0,0.62,10.4,46.77,47.0,1.0,0.0,False,False,True,"Delta-T 0.6°C < 2.0°C (excess humidity, spray runoff) | Rain probability 47.0% > 40% (chemical wash-off risk)"
Bhopal (Malwa Plateau),2026-09-06T02:00,22.9,94.0,0.75,12.7,46.63,57.0,1.0,0.0,False,False,True,"Delta-T 0.8°C < 2.0°C (excess humidity, spray runoff) | Rain probability 57.0% > 40% (chemical wash-off risk)"
Bhopal (Malwa Plateau),2026-09-06T03:00,22.7,95.0,0.62,14.1,47.07,64.0,1.0,0.0,False,False,True,"Delta-T 0.6°C < 2.0°C (excess humidity, spray runoff) | Rain probability 64.0% > 40% (chemical wash-off risk)"
Bhopal (Malwa Plateau),2026-09-06T04:00,22.5,96.0,0.49,13.0,46.7,71.0,1.0,0.0,False,False,True,"Delta-T 0.5°C < 2.0°C (excess humidity, spray runoff) | Rain probability 71.0% > 40% (chemical wash-off risk)"
Bhopal (Malwa Plateau),2026-09-06T05:00,22.5,96.0,0.49,12.9,46.53,75.0,1.0,0.0,False,False,True,"Delta-T 0.5°C < 2.0°C (excess humidity, spray runoff) | Rain probability 75.0% > 40% (chemical wash-off risk)"
Bhopal (Malwa Plateau),2026-09-06T06:00,22.7,95.0,0.62,13.9,46.77,75.0,1.0,0.0,False,False,True,"Delta-T 0.6°C < 2.0°C (excess humidity, spray runoff) | Rain probability 75.0% > 40% (chemical wash-off risk)"
Bhopal (Malwa Plateau),2026-09-06T07:00,23.1,93.0,0.88,14.6,47.03,72.0,1.0,0.0,False,False,True,"Delta-T 0.9°C < 2.0°C (excess humidity, spray runoff) | Rain probability 72.0% > 40% (chemical wash-off risk)"
Bhopal (Malwa Plateau),2026-09-06T08:00,23.4,96.0,0.49,14.0,46.6,71.0,1.0,0.0,False,False,True,"Delta-T 0.5°C < 2.0°C (excess humidity, spray runoff) | Rain probability 71.0% > 40% (chemical wash-off risk)"
Bhopal (Malwa Plateau),2026-09-06T09:00,24.0,94.0,0.76,15.3,46.57,74.0,1.0,0.0,False,False,True,"Wind speed 15.3 km/h > 15 km/h limit (spray drift hazard) | Delta-T 0.8°C < 2.0°C (excess humidity, spray runoff) | Rain probability 74.0% > 40% (chemical wash-off risk)"
Bhopal (Malwa Plateau),2026-09-06T10:00,24.9,87.0,1.71,14.5,46.37,78.0,1.0,0.0,False,False,True,"Delta-T 1.7°C < 2.0°C (excess humidity, spray runoff) | Rain probability 78.0% > 40% (chemical wash-off risk)"
Bhopal (Malwa Plateau),2026-09-06T11:00,25.8,83.0,2.28,16.6,46.23,82.0,1.0,0.0,False,False,True,Wind speed 16.6 km/h > 15 km/h limit (spray drift hazard) | Rain probability 82.0% > 40% (chemical wash-off risk)
Bhopal (Malwa Plateau),2026-09-06T12:00,27.3,78.0,3.05,16.8,46.23,86.0,1.0,0.0,False,False,True,Wind speed 16.8 km/h > 15 km/h limit (spray drift hazard) | Rain probability 86.0% > 40% (chemical wash-off risk)
Bhopal (Malwa Plateau),2026-09-06T13:00,25.2,88.0,1.58,12.6,46.47,89.0,1.0,0.0,False,False,True,"Delta-T 1.6°C < 2.0°C (excess humidity, spray runoff) | Rain probability 89.0% > 40% (chemical wash-off risk)"
Bhopal (Malwa Plateau),2026-09-06T14:00,25.2,90.0,1.31,13.7,46.23,92.0,1.0,0.0,False,False,True,"Delta-T 1.3°C < 2.0°C (excess humidity, spray runoff) | Rain probability 92.0% > 40% (chemical wash-off risk)"
Bhopal (Malwa Plateau),2026-09-06T15:00,25.3,87.0,1.72,14.0,46.6,93.0,1.0,0.0,False,False,True,"Delta-T 1.7°C < 2.0°C (excess humidity, spray runoff) | Rain probability 93.0% > 40% (chemical wash-off risk)"
Bhopal (Malwa Plateau),2026-09-06T16:00,24.1,95.0,0.63,15.2,46.83,94.0,1.0,0.0,False,False,True,"Wind speed 15.2 km/h > 15 km/h limit (spray drift hazard) | Delta-T 0.6°C < 2.0°C (excess humidity, spray runoff) | Rain probability 94.0% > 40% (chemical wash-off risk)"
Bhopal (Malwa Plateau),2026-09-06T17:00,24.0,96.0,0.49,13.5,46.37,92.0,1.0,0.0,False,False,True,"Delta-T 0.5°C < 2.0°C (excess humidity, spray runoff) | Rain probability 92.0% > 40% (chemical wash-off risk)"
Bhopal (Malwa Plateau),2026-09-06T18:00,24.1,94.0,0.76,15.1,46.57,87.0,1.0,0.0,False,False,True,"Wind speed 15.1 km/h > 15 km/h limit (spray drift hazard) | Delta-T 0.8°C < 2.0°C (excess humidity, spray runoff) | Rain probability 87.0% > 40% (chemical wash-off risk)"
Bhopal (Malwa Plateau),2026-09-06T19:00,24.2,93.0,0.89,12.2,46.27,79.0,1.0,0.0,False,False,True,"Delta-T 0.9°C < 2.0°C (excess humidity, spray runoff) | Rain probability 79.0% > 40% (chemical wash-off risk)"
Bhopal (Malwa Plateau),2026-09-06T20:00,24.2,93.0,0.89,11.9,46.3,73.0,1.0,0.0,False,False,True,"Delta-T 0.9°C < 2.0°C (excess humidity, spray runoff) | Rain probability 73.0% > 40% (chemical wash-off risk)"
Bhopal (Malwa Plateau),2026-09-06T21:00,24.0,93.0,0.89,11.7,46.77,71.0,1.0,0.0,False,False,True,"Delta-T 0.9°C < 2.0°C (excess humidity, spray runoff) | Rain probability 71.0% > 40% (chemical wash-off risk)"
Bhopal (Malwa Plateau),2026-09-06T22:00,23.5,96.0,0.49,10.6,46.27,70.0,1.0,0.0,False,False,True,"Delta-T 0.5°C < 2.0°C (excess humidity, spray runoff) | Rain probability 70.0% > 40% (chemical wash-off risk)"
Bhopal (Malwa Plateau),2026-09-06T23:00,22.8,96.0,0.49,11.8,46.17,69.0,1.0,0.0,False,False,True,"Delta-T 0.5°C < 2.0°C (excess humidity, spray runoff) | Rain probability 69.0% > 40% (chemical wash-off risk)"
Guntur (Chilli Hub),2026-09-05T00:00,28.1,84.0,2.21,6.4,33.57,0.0,1.0,0.935,True,True,True,Optimal stomatal aperture and atmospheric stability verified
Guntur (Chilli Hub),2026-09-05T01:00,28.0,87.0,1.78,7.7,33.47,1.0,1.0,0.001,False,False,True,"Delta-T 1.8°C < 2.0°C (excess humidity, spray runoff)"
Guntur (Chilli Hub),2026-09-05T02:00,27.9,87.0,1.78,7.6,33.43,2.0,1.0,0.001,False,False,True,"Delta-T 1.8°C < 2.0°C (excess humidity, spray runoff)"
Guntur (Chilli Hub),2026-09-05T03:00,27.8,87.0,1.77,6.9,33.37,1.0,1.0,0.001,False,False,True,"Delta-T 1.8°C < 2.0°C (excess humidity, spray runoff)"
Guntur (Chilli Hub),2026-09-05T04:00,27.7,87.0,1.77,6.1,33.33,0.0,1.0,0.001,False,False,True,"Delta-T 1.8°C < 2.0°C (excess humidity, spray runoff)"
Guntur (Chilli Hub),2026-09-05T05:00,27.5,87.0,1.77,6.5,33.27,0.0,1.0,0.001,False,False,True,"Delta-T 1.8°C < 2.0°C (excess humidity, spray runoff)"
Guntur (Chilli Hub),2026-09-05T06:00,27.8,83.0,2.35,8.1,33.23,2.0,1.0,0.926,True,True,True,Optimal stomatal aperture and atmospheric stability verified
Guntur (Chilli Hub),2026-09-05T07:00,29.2,80.0,2.84,8.4,33.13,5.0,1.0,0.927,True,True,True,Optimal stomatal aperture and atmospheric stability verified
Guntur (Chilli Hub),2026-09-05T08:00,30.5,73.0,3.97,8.8,33.03,8.0,1.0,0.928,True,True,True,Optimal stomatal aperture and atmospheric stability verified
Guntur (Chilli Hub),2026-09-05T09:00,31.8,64.0,5.51,8.3,32.8,11.0,1.0,0.928,True,True,True,Optimal stomatal aperture and atmospheric stability verified
Guntur (Chilli Hub),2026-09-05T10:00,33.2,54.0,7.41,7.3,32.4,14.0,1.0,0.904,True,True,True,Optimal stomatal aperture and atmospheric stability verified
Guntur (Chilli Hub),2026-09-05T11:00,34.2,51.0,8.1,8.3,32.1,16.0,1.0,0.03,False,False,True,Delta-T 8.1°C > 8.0°C (rapid droplet evaporation before absorption)
Guntur (Chilli Hub),2026-09-05T12:00,34.6,51.0,8.15,9.0,31.8,15.0,1.0,0.03,False,False,True,Delta-T 8.2°C > 8.0°C (rapid droplet evaporation before absorption)
Guntur (Chilli Hub),2026-09-05T13:00,35.1,50.0,8.42,8.0,31.37,14.0,1.0,0.0,False,False,True,Delta-T 8.4°C > 8.0°C (rapid droplet evaporation before absorption)
Guntur (Chilli Hub),2026-09-05T14:00,35.0,50.0,8.4,7.8,30.8,18.0,1.0,0.0,False,False,True,Delta-T 8.4°C > 8.0°C (rapid droplet evaporation before absorption)
Guntur (Chilli Hub),2026-09-05T15:00,34.5,51.0,8.14,6.7,30.4,36.0,1.0,0.03,False,False,True,Delta-T 8.1°C > 8.0°C (rapid droplet evaporation before absorption)
Guntur (Chilli Hub),2026-09-05T16:00,33.8,52.0,7.85,6.8,30.13,60.0,1.0,0.0,False,False,True,Rain probability 60.0% > 40% (chemical wash-off risk)
Guntur (Chilli Hub),2026-09-05T17:00,30.0,74.0,3.78,7.6,30.27,71.0,1.0,0.0,False,False,True,Rain probability 71.0% > 40% (chemical wash-off risk)
Guntur (Chilli Hub),2026-09-05T18:00,29.7,78.0,3.16,3.6,30.2,57.0,1.0,0.0,False,False,True,Rain probability 57.0% > 40% (chemical wash-off risk)
Guntur (Chilli Hub),2026-09-05T19:00,29.3,83.0,2.4,5.1,30.07,30.0,1.0,0.83,True,True,True,Optimal stomatal aperture and atmospheric stability verified
Guntur (Chilli Hub),2026-09-05T20:00,29.1,83.0,2.39,3.1,30.03,10.0,1.0,0.934,True,True,True,Optimal stomatal aperture and atmospheric stability verified
Guntur (Chilli Hub),2026-09-05T21:00,28.9,83.0,2.38,2.9,30.0,6.0,1.0,0.936,True,True,True,Optimal stomatal aperture and atmospheric stability verified
Guntur (Chilli Hub),2026-09-05T22:00,28.5,80.0,2.81,4.5,30.0,8.0,1.0,0.939,True,True,True,Optimal stomatal aperture and atmospheric stability verified
Guntur (Chilli Hub),2026-09-05T23:00,28.5,78.0,3.1,7.5,30.0,12.0,1.0,0.93,True,True,True,Optimal stomatal aperture and atmospheric stability verified
Guntur (Chilli Hub),2026-09-06T00:00,28.3,81.0,2.66,6.4,30.0,15.0,1.0,0.925,True,True,True,Optimal stomatal aperture and atmospheric stability verified
Guntur (Chilli Hub),2026-09-06T01:00,28.1,86.0,1.93,6.2,30.0,19.0,1.0,0.08,False,False,True,"Delta-T 1.9°C < 2.0°C (excess humidity, spray runoff)"
Guntur (Chilli Hub),2026-09-06T02:00,28.0,87.0,1.78,7.8,30.03,22.0,1.0,0.002,False,False,True,"Delta-T 1.8°C < 2.0°C (excess humidity, spray runoff)"
Guntur (Chilli Hub),2026-09-06T03:00,27.9,88.0,1.63,6.8,30.03,25.0,1.0,0.002,False,False,True,"Delta-T 1.6°C < 2.0°C (excess humidity, spray runoff)"
Guntur (Chilli Hub),2026-09-06T04:00,27.5,89.0,1.48,3.0,30.07,28.0,1.0,0.001,False,False,True,"Delta-T 1.5°C < 2.0°C (excess humidity, spray runoff)"
Guntur (Chilli Hub),2026-09-06T05:00,27.1,90.0,1.34,4.6,30.03,29.0,1.0,0.001,False,False,True,"Delta-T 1.3°C < 2.0°C (excess humidity, spray runoff)"
Guntur (Chilli Hub),2026-09-06T06:00,27.3,83.0,2.33,5.6,30.07,26.0,1.0,0.874,True,True,True,Optimal stomatal aperture and atmospheric stability verified
Guntur (Chilli Hub),2026-09-06T07:00,28.4,71.0,4.14,4.7,30.0,20.0,1.0,0.929,True,True,True,Optimal stomatal aperture and atmospheric stability verified
Guntur (Chilli Hub),2026-09-06T08:00,30.3,64.0,5.38,5.7,29.83,14.0,1.0,0.05,False,False,True,"Soil moisture 29.8% < 30% (xylem tension collapsed, stomata shut)"
Guntur (Chilli Hub),2026-09-06T09:00,32.1,58.0,6.56,8.9,29.5,8.0,1.0,0.05,False,False,True,"Soil moisture 29.5% < 30% (xylem tension collapsed, stomata shut)"
Guntur (Chilli Hub),2026-09-06T10:00,33.2,55.0,7.22,10.8,29.1,3.0,1.0,0.05,False,False,True,"Soil moisture 29.1% < 30% (xylem tension collapsed, stomata shut)"
Guntur (Chilli Hub),2026-09-06T11:00,34.2,54.0,7.53,10.8,28.53,0.0,1.0,0.05,False,False,True,"Soil moisture 28.5% < 30% (xylem tension collapsed, stomata shut)"
Guntur (Chilli Hub),2026-09-06T12:00,35.1,51.0,8.22,10.7,27.93,0.0,1.0,0.0,False,False,True,"Delta-T 8.2°C > 8.0°C (rapid droplet evaporation before absorption) | Soil moisture 27.9% < 30% (xylem tension collapsed, stomata shut)"
Guntur (Chilli Hub),2026-09-06T13:00,35.5,49.0,8.68,8.9,27.4,1.0,1.0,0.0,False,False,True,"Delta-T 8.7°C > 8.0°C (rapid droplet evaporation before absorption) | Soil moisture 27.4% < 30% (xylem tension collapsed, stomata shut)"
Guntur (Chilli Hub),2026-09-06T14:00,35.7,48.0,8.91,8.2,26.93,8.0,1.0,0.0,False,False,True,"Delta-T 8.9°C > 8.0°C (rapid droplet evaporation before absorption) | Soil moisture 26.9% < 30% (xylem tension collapsed, stomata shut)"
Guntur (Chilli Hub),2026-09-06T15:00,35.4,48.0,8.86,6.5,26.6,25.0,1.0,0.0,False,False,True,"Delta-T 8.9°C > 8.0°C (rapid droplet evaporation before absorption) | Soil moisture 26.6% < 30% (xylem tension collapsed, stomata shut)"
Guntur (Chilli Hub),2026-09-06T16:00,34.9,50.0,8.39,4.6,26.37,47.0,1.0,0.0,False,False,True,"Delta-T 8.4°C > 8.0°C (rapid droplet evaporation before absorption) | Soil moisture 26.4% < 30% (xylem tension collapsed, stomata shut) | Rain probability 47.0% > 40% (chemical wash-off risk)"
Guntur (Chilli Hub),2026-09-06T17:00,31.0,67.0,4.95,9.9,26.6,59.0,1.0,0.0,False,False,True,"Soil moisture 26.6% < 30% (xylem tension collapsed, stomata shut) | Rain probability 59.0% > 40% (chemical wash-off risk)"
Guntur (Chilli Hub),2026-09-06T18:00,30.2,77.0,3.33,3.1,31.27,53.0,1.0,0.0,False,False,True,Rain probability 53.0% > 40% (chemical wash-off risk)
Guntur (Chilli Hub),2026-09-06T19:00,29.9,79.0,3.02,1.5,33.27,37.0,1.0,0.843,True,True,True,Optimal stomatal aperture and atmospheric stability verified
Guntur (Chilli Hub),2026-09-06T20:00,29.4,83.0,2.4,1.6,32.87,25.0,1.0,0.89,True,True,True,Optimal stomatal aperture and atmospheric stability verified
Guntur (Chilli Hub),2026-09-06T21:00,29.2,85.0,2.1,2.4,33.23,20.0,1.0,0.921,True,True,True,Optimal stomatal aperture and atmospheric stability verified
Guntur (Chilli Hub),2026-09-06T22:00,28.8,88.0,1.65,3.4,33.37,18.0,1.0,0.001,False,False,True,"Delta-T 1.6°C < 2.0°C (excess humidity, spray runoff)"
Guntur (Chilli Hub),2026-09-06T23:00,28.7,87.0,1.79,3.9,32.97,18.0,1.0,0.001,False,False,True,"Delta-T 1.8°C < 2.0°C (excess humidity, spray runoff)"
Rajkot (Groundnut/Cotton),2026-09-05T00:00,26.3,80.0,2.72,12.5,26.03,0.0,0.85,0.0,False,False,True,"Soil moisture 26.0% < 30% (xylem tension collapsed, stomata shut)"
Rajkot (Groundnut/Cotton),2026-09-05T01:00,25.8,83.0,2.28,11.4,26.1,0.0,0.85,0.0,False,False,True,"Soil moisture 26.1% < 30% (xylem tension collapsed, stomata shut)"
Rajkot (Groundnut/Cotton),2026-09-05T02:00,25.4,86.0,1.86,10.6,26.17,0.0,0.85,0.0,False,False,True,"Delta-T 1.9°C < 2.0°C (excess humidity, spray runoff) | Soil moisture 26.2% < 30% (xylem tension collapsed, stomata shut)"
Rajkot (Groundnut/Cotton),2026-09-05T03:00,25.0,88.0,1.58,11.5,26.27,0.0,0.85,0.0,False,False,True,"Delta-T 1.6°C < 2.0°C (excess humidity, spray runoff) | Soil moisture 26.3% < 30% (xylem tension collapsed, stomata shut)"
Rajkot (Groundnut/Cotton),2026-09-05T04:00,24.8,89.0,1.44,10.7,26.33,0.0,0.85,0.0,False,False,True,"Delta-T 1.4°C < 2.0°C (excess humidity, spray runoff) | Soil moisture 26.3% < 30% (xylem tension collapsed, stomata shut)"
Rajkot (Groundnut/Cotton),2026-09-05T05:00,24.7,90.0,1.3,10.2,26.4,0.0,0.85,0.0,False,False,True,"Delta-T 1.3°C < 2.0°C (excess humidity, spray runoff) | Soil moisture 26.4% < 30% (xylem tension collapsed, stomata shut)"
Rajkot (Groundnut/Cotton),2026-09-05T06:00,24.7,90.0,1.3,11.2,26.5,0.0,0.85,0.0,False,False,True,"Delta-T 1.3°C < 2.0°C (excess humidity, spray runoff) | Soil moisture 26.5% < 30% (xylem tension collapsed, stomata shut)"
Rajkot (Groundnut/Cotton),2026-09-05T07:00,25.3,86.0,1.86,10.9,26.53,0.0,0.85,0.0,False,False,True,"Delta-T 1.9°C < 2.0°C (excess humidity, spray runoff) | Soil moisture 26.5% < 30% (xylem tension collapsed, stomata shut)"
Rajkot (Groundnut/Cotton),2026-09-05T08:00,27.0,76.0,3.32,15.4,26.53,0.0,0.85,0.0,False,False,True,"Wind speed 15.4 km/h > 15 km/h limit (spray drift hazard) | Soil moisture 26.5% < 30% (xylem tension collapsed, stomata shut)"
Rajkot (Groundnut/Cotton),2026-09-05T09:00,28.6,68.0,4.61,15.7,26.43,6.0,0.85,0.0,False,False,True,"Wind speed 15.7 km/h > 15 km/h limit (spray drift hazard) | Soil moisture 26.4% < 30% (xylem tension collapsed, stomata shut)"
Rajkot (Groundnut/Cotton),2026-09-05T10:00,30.2,58.0,6.36,14.1,26.3,14.0,0.85,0.0,False,False,True,"Soil moisture 26.3% < 30% (xylem tension collapsed, stomata shut)"
Rajkot (Groundnut/Cotton),2026-09-05T11:00,32.1,50.0,8.0,15.6,26.07,18.0,0.85,0.0,False,False,True,"Wind speed 15.6 km/h > 15 km/h limit (spray drift hazard) | Soil moisture 26.1% < 30% (xylem tension collapsed, stomata shut)"
Rajkot (Groundnut/Cotton),2026-09-05T12:00,33.3,45.0,9.14,16.9,25.77,15.0,0.85,0.0,False,False,True,"Wind speed 16.9 km/h > 15 km/h limit (spray drift hazard) | Delta-T 9.1°C > 8.0°C (rapid droplet evaporation before absorption) | Soil moisture 25.8% < 30% (xylem tension collapsed, stomata shut)"
Rajkot (Groundnut/Cotton),2026-09-05T13:00,34.0,41.0,10.08,16.8,25.57,9.0,0.85,0.0,False,False,True,"Wind speed 16.8 km/h > 15 km/h limit (spray drift hazard) | Delta-T 10.1°C > 8.0°C (rapid droplet evaporation before absorption) | Soil moisture 25.6% < 30% (xylem tension collapsed, stomata shut)"
Rajkot (Groundnut/Cotton),2026-09-05T14:00,33.7,42.0,9.82,15.7,25.33,4.0,0.85,0.0,False,False,True,"Wind speed 15.7 km/h > 15 km/h limit (spray drift hazard) | Delta-T 9.8°C > 8.0°C (rapid droplet evaporation before absorption) | Soil moisture 25.3% < 30% (xylem tension collapsed, stomata shut)"
Rajkot (Groundnut/Cotton),2026-09-05T15:00,33.9,41.0,10.07,16.6,25.17,2.0,0.85,0.0,False,False,True,"Wind speed 16.6 km/h > 15 km/h limit (spray drift hazard) | Delta-T 10.1°C > 8.0°C (rapid droplet evaporation before absorption) | Soil moisture 25.2% < 30% (xylem tension collapsed, stomata shut)"
Rajkot (Groundnut/Cotton),2026-09-05T16:00,32.7,48.0,8.46,19.6,25.03,2.0,0.85,0.0,False,False,True,"Wind speed 19.6 km/h > 15 km/h limit (spray drift hazard) | Delta-T 8.5°C > 8.0°C (rapid droplet evaporation before absorption) | Soil moisture 25.0% < 30% (xylem tension collapsed, stomata shut)"
Rajkot (Groundnut/Cotton),2026-09-05T17:00,31.1,62.0,5.78,19.2,25.0,2.0,0.85,0.0,False,False,True,"Wind speed 19.2 km/h > 15 km/h limit (spray drift hazard) | Soil moisture 25.0% < 30% (xylem tension collapsed, stomata shut)"
Rajkot (Groundnut/Cotton),2026-09-05T18:00,29.6,67.0,4.85,19.4,25.0,1.0,0.85,0.0,False,False,True,"Wind speed 19.4 km/h > 15 km/h limit (spray drift hazard) | Soil moisture 25.0% < 30% (xylem tension collapsed, stomata shut)"
Rajkot (Groundnut/Cotton),2026-09-05T19:00,28.5,71.0,4.15,17.9,25.07,1.0,0.85,0.0,False,False,True,"Wind speed 17.9 km/h > 15 km/h limit (spray drift hazard) | Soil moisture 25.1% < 30% (xylem tension collapsed, stomata shut)"
Rajkot (Groundnut/Cotton),2026-09-05T20:00,27.7,74.0,3.65,15.7,25.17,0.0,0.85,0.0,False,False,True,"Wind speed 15.7 km/h > 15 km/h limit (spray drift hazard) | Soil moisture 25.2% < 30% (xylem tension collapsed, stomata shut)"
Rajkot (Groundnut/Cotton),2026-09-05T21:00,27.0,79.0,2.89,12.2,25.27,0.0,0.85,0.0,False,False,True,"Soil moisture 25.3% < 30% (xylem tension collapsed, stomata shut)"
Rajkot (Groundnut/Cotton),2026-09-05T22:00,26.8,80.0,2.74,10.3,25.33,0.0,0.85,0.0,False,False,True,"Soil moisture 25.3% < 30% (xylem tension collapsed, stomata shut)"
Rajkot (Groundnut/Cotton),2026-09-05T23:00,26.7,79.0,2.88,11.1,25.43,0.0,0.85,0.0,False,False,True,"Soil moisture 25.4% < 30% (xylem tension collapsed, stomata shut)"
Rajkot (Groundnut/Cotton),2026-09-06T00:00,26.2,79.0,2.86,12.5,25.53,0.0,0.85,0.0,False,False,True,"Soil moisture 25.5% < 30% (xylem tension collapsed, stomata shut)"
Rajkot (Groundnut/Cotton),2026-09-06T01:00,25.6,81.0,2.56,11.4,25.57,0.0,0.85,0.0,False,False,True,"Soil moisture 25.6% < 30% (xylem tension collapsed, stomata shut)"
Rajkot (Groundnut/Cotton),2026-09-06T02:00,25.3,84.0,2.13,10.2,25.63,0.0,0.85,0.0,False,False,True,"Soil moisture 25.6% < 30% (xylem tension collapsed, stomata shut)"
Rajkot (Groundnut/Cotton),2026-09-06T03:00,25.0,86.0,1.85,10.5,25.67,0.0,0.85,0.0,False,False,True,"Delta-T 1.9°C < 2.0°C (excess humidity, spray runoff) | Soil moisture 25.7% < 30% (xylem tension collapsed, stomata shut)"
Rajkot (Groundnut/Cotton),2026-09-06T04:00,24.8,89.0,1.44,12.0,25.77,0.0,0.85,0.0,False,False,True,"Delta-T 1.4°C < 2.0°C (excess humidity, spray runoff) | Soil moisture 25.8% < 30% (xylem tension collapsed, stomata shut)"
Rajkot (Groundnut/Cotton),2026-09-06T05:00,24.7,89.0,1.44,12.0,25.83,0.0,0.85,0.0,False,False,True,"Delta-T 1.4°C < 2.0°C (excess humidity, spray runoff) | Soil moisture 25.8% < 30% (xylem tension collapsed, stomata shut)"
Rajkot (Groundnut/Cotton),2026-09-06T06:00,24.8,89.0,1.44,10.5,25.9,1.0,0.85,0.0,False,False,True,"Delta-T 1.4°C < 2.0°C (excess humidity, spray runoff) | Soil moisture 25.9% < 30% (xylem tension collapsed, stomata shut)"
Rajkot (Groundnut/Cotton),2026-09-06T07:00,25.5,85.0,2.0,12.4,25.93,1.0,0.85,0.0,False,False,True,"Soil moisture 25.9% < 30% (xylem tension collapsed, stomata shut)"
Rajkot (Groundnut/Cotton),2026-09-06T08:00,27.1,76.0,3.33,15.8,25.9,2.0,0.85,0.0,False,False,True,"Wind speed 15.8 km/h > 15 km/h limit (spray drift hazard) | Soil moisture 25.9% < 30% (xylem tension collapsed, stomata shut)"
Rajkot (Groundnut/Cotton),2026-09-06T09:00,28.8,67.0,4.78,15.0,25.83,3.0,0.85,0.0,False,False,True,"Soil moisture 25.8% < 30% (xylem tension collapsed, stomata shut)"
Rajkot (Groundnut/Cotton),2026-09-06T10:00,30.4,59.0,6.21,15.6,25.67,4.0,0.85,0.0,False,False,True,"Wind speed 15.6 km/h > 15 km/h limit (spray drift hazard) | Soil moisture 25.7% < 30% (xylem tension collapsed, stomata shut)"
Rajkot (Groundnut/Cotton),2026-09-06T11:00,31.5,52.0,7.55,15.3,25.5,4.0,0.85,0.0,False,False,True,"Wind speed 15.3 km/h > 15 km/h limit (spray drift hazard) | Soil moisture 25.5% < 30% (xylem tension collapsed, stomata shut)"
Rajkot (Groundnut/Cotton),2026-09-06T12:00,33.0,47.0,8.7,14.4,25.17,3.0,0.85,0.0,False,False,True,"Delta-T 8.7°C > 8.0°C (rapid droplet evaporation before absorption) | Soil moisture 25.2% < 30% (xylem tension collapsed, stomata shut)"
Rajkot (Groundnut/Cotton),2026-09-06T13:00,33.5,45.0,9.17,14.6,24.97,1.0,0.85,0.0,False,False,True,"Delta-T 9.2°C > 8.0°C (rapid droplet evaporation before absorption) | Soil moisture 25.0% < 30% (xylem tension collapsed, stomata shut)"
Rajkot (Groundnut/Cotton),2026-09-06T14:00,34.1,44.0,9.48,13.5,24.73,0.0,0.85,0.0,False,False,True,"Delta-T 9.5°C > 8.0°C (rapid droplet evaporation before absorption) | Soil moisture 24.7% < 30% (xylem tension collapsed, stomata shut)"
Rajkot (Groundnut/Cotton),2026-09-06T15:00,34.7,42.0,10.0,15.5,24.63,1.0,0.85,0.0,False,False,True,"Wind speed 15.5 km/h > 15 km/h limit (spray drift hazard) | Delta-T 10.0°C > 8.0°C (rapid droplet evaporation before absorption) | Soil moisture 24.6% < 30% (xylem tension collapsed, stomata shut)"
Rajkot (Groundnut/Cotton),2026-09-06T16:00,33.0,48.0,8.51,15.9,24.53,3.0,0.85,0.0,False,False,True,"Wind speed 15.9 km/h > 15 km/h limit (spray drift hazard) | Delta-T 8.5°C > 8.0°C (rapid droplet evaporation before absorption) | Soil moisture 24.5% < 30% (xylem tension collapsed, stomata shut)"
Rajkot (Groundnut/Cotton),2026-09-06T17:00,30.5,62.0,5.73,17.9,24.5,4.0,0.85,0.0,False,False,True,"Wind speed 17.9 km/h > 15 km/h limit (spray drift hazard) | Soil moisture 24.5% < 30% (xylem tension collapsed, stomata shut)"
Rajkot (Groundnut/Cotton),2026-09-06T18:00,29.2,67.0,4.81,16.7,24.5,3.0,0.85,0.0,False,False,True,"Wind speed 16.7 km/h > 15 km/h limit (spray drift hazard) | Soil moisture 24.5% < 30% (xylem tension collapsed, stomata shut)"
Rajkot (Groundnut/Cotton),2026-09-06T19:00,27.6,74.0,3.65,16.0,24.6,1.0,0.85,0.0,False,False,True,"Wind speed 16.0 km/h > 15 km/h limit (spray drift hazard) | Soil moisture 24.6% < 30% (xylem tension collapsed, stomata shut)"
Rajkot (Groundnut/Cotton),2026-09-06T20:00,26.8,78.0,3.03,13.0,24.7,0.0,0.85,0.0,False,False,True,"Soil moisture 24.7% < 30% (xylem tension collapsed, stomata shut)"
Rajkot (Groundnut/Cotton),2026-09-06T21:00,27.0,75.0,3.47,11.0,24.77,0.0,0.85,0.0,False,False,True,"Soil moisture 24.8% < 30% (xylem tension collapsed, stomata shut)"
Rajkot (Groundnut/Cotton),2026-09-06T22:00,27.3,72.0,3.92,12.8,24.83,0.0,0.85,0.0,False,False,True,"Soil moisture 24.8% < 30% (xylem tension collapsed, stomata shut)"
Rajkot (Groundnut/Cotton),2026-09-06T23:00,26.5,77.0,3.16,14.0,24.9,0.0,0.85,0.0,False,False,True,"Soil moisture 24.9% < 30% (xylem tension collapsed, stomata shut)"
Varanasi (Vegetable Belt),2026-09-05T00:00,26.6,99.0,0.08,8.8,34.07,50.0,1.0,0.0,False,False,True,"Delta-T 0.1°C < 2.0°C (excess humidity, spray runoff) | Rain probability 50.0% > 40% (chemical wash-off risk)"
Varanasi (Vegetable Belt),2026-09-05T01:00,26.2,100.0,-0.05,10.5,33.97,29.0,1.0,0.001,False,False,True,"Delta-T -0.1°C < 2.0°C (excess humidity, spray runoff)"
Varanasi (Vegetable Belt),2026-09-05T02:00,25.9,99.0,0.08,9.1,33.97,12.0,1.0,0.001,False,False,True,"Delta-T 0.1°C < 2.0°C (excess humidity, spray runoff)"
Varanasi (Vegetable Belt),2026-09-05T03:00,25.9,98.0,0.22,7.1,33.9,5.0,1.0,0.001,False,False,True,"Delta-T 0.2°C < 2.0°C (excess humidity, spray runoff)"
Varanasi (Vegetable Belt),2026-09-05T04:00,25.8,98.0,0.22,5.4,33.87,3.0,1.0,0.001,False,False,True,"Delta-T 0.2°C < 2.0°C (excess humidity, spray runoff)"
Varanasi (Vegetable Belt),2026-09-05T05:00,25.8,98.0,0.22,6.6,33.83,2.0,1.0,0.001,False,False,True,"Delta-T 0.2°C < 2.0°C (excess humidity, spray runoff)"
Varanasi (Vegetable Belt),2026-09-05T06:00,26.2,97.0,0.36,7.7,33.77,0.0,1.0,0.001,False,False,True,"Delta-T 0.4°C < 2.0°C (excess humidity, spray runoff)"
Varanasi (Vegetable Belt),2026-09-05T07:00,27.2,92.0,1.06,7.3,33.73,0.0,1.0,0.001,False,False,True,"Delta-T 1.1°C < 2.0°C (excess humidity, spray runoff)"
Varanasi (Vegetable Belt),2026-09-05T08:00,28.6,87.0,1.79,5.5,33.67,0.0,1.0,0.001,False,False,True,"Delta-T 1.8°C < 2.0°C (excess humidity, spray runoff)"
Varanasi (Vegetable Belt),2026-09-05T09:00,29.7,82.0,2.56,3.5,34.43,10.0,1.0,0.938,True,True,True,Optimal stomatal aperture and atmospheric stability verified
Varanasi (Vegetable Belt),2026-09-05T10:00,30.7,75.0,3.67,1.5,34.03,24.0,1.0,0.917,True,True,True,Optimal stomatal aperture and atmospheric stability verified
Varanasi (Vegetable Belt),2026-09-05T11:00,31.4,71.0,4.34,1.9,33.83,37.0,1.0,0.854,True,True,True,Optimal stomatal aperture and atmospheric stability verified
Varanasi (Vegetable Belt),2026-09-05T12:00,31.7,72.0,4.2,3.0,33.63,50.0,1.0,0.0,False,False,True,Rain probability 50.0% > 40% (chemical wash-off risk)
Varanasi (Vegetable Belt),2026-09-05T13:00,31.7,73.0,4.04,3.9,33.43,63.0,1.0,0.0,False,False,True,Rain probability 63.0% > 40% (chemical wash-off risk)
Varanasi (Vegetable Belt),2026-09-05T14:00,31.6,76.0,3.56,3.5,33.33,69.0,1.0,0.0,False,False,True,Rain probability 69.0% > 40% (chemical wash-off risk)
Varanasi (Vegetable Belt),2026-09-05T15:00,31.3,77.0,3.39,2.5,33.3,62.0,1.0,0.0,False,False,True,Rain probability 62.0% > 40% (chemical wash-off risk)
Varanasi (Vegetable Belt),2026-09-05T16:00,29.7,84.0,2.26,3.4,33.47,47.0,1.0,0.0,False,False,True,Rain probability 47.0% > 40% (chemical wash-off risk)
Varanasi (Vegetable Belt),2026-09-05T17:00,28.9,83.0,2.38,5.6,34.7,35.0,1.0,0.835,True,True,True,Optimal stomatal aperture and atmospheric stability verified
Varanasi (Vegetable Belt),2026-09-05T18:00,28.4,90.0,1.36,3.0,35.8,28.0,1.0,0.001,False,False,True,"Delta-T 1.4°C < 2.0°C (excess humidity, spray runoff)"
Varanasi (Vegetable Belt),2026-09-05T19:00,28.5,91.0,1.21,3.6,36.33,24.0,1.0,0.002,False,False,True,"Delta-T 1.2°C < 2.0°C (excess humidity, spray runoff)"
Varanasi (Vegetable Belt),2026-09-05T20:00,28.1,89.0,1.49,6.9,35.7,24.0,1.0,0.002,False,False,True,"Delta-T 1.5°C < 2.0°C (excess humidity, spray runoff)"
Varanasi (Vegetable Belt),2026-09-05T21:00,27.7,90.0,1.35,7.8,35.33,34.0,1.0,0.002,False,False,True,"Delta-T 1.4°C < 2.0°C (excess humidity, spray runoff)"
Varanasi (Vegetable Belt),2026-09-05T22:00,26.8,95.0,0.64,12.9,35.07,48.0,1.0,0.0,False,False,True,"Delta-T 0.6°C < 2.0°C (excess humidity, spray runoff) | Rain probability 48.0% > 40% (chemical wash-off risk)"
Varanasi (Vegetable Belt),2026-09-05T23:00,26.1,97.0,0.36,8.1,34.87,57.0,1.0,0.0,False,False,True,"Delta-T 0.4°C < 2.0°C (excess humidity, spray runoff) | Rain probability 57.0% > 40% (chemical wash-off risk)"
Varanasi (Vegetable Belt),2026-09-06T00:00,25.5,99.0,0.09,6.7,34.67,54.0,1.0,0.0,False,False,True,"Delta-T 0.1°C < 2.0°C (excess humidity, spray runoff) | Rain probability 54.0% > 40% (chemical wash-off risk)"
Varanasi (Vegetable Belt),2026-09-06T01:00,25.1,100.0,-0.05,11.8,34.57,45.0,1.0,0.0,False,False,True,"Delta-T -0.1°C < 2.0°C (excess humidity, spray runoff) | Rain probability 45.0% > 40% (chemical wash-off risk)"
Varanasi (Vegetable Belt),2026-09-06T02:00,25.1,100.0,-0.05,7.7,34.47,35.0,1.0,0.002,False,False,True,"Delta-T -0.1°C < 2.0°C (excess humidity, spray runoff)"
Varanasi (Vegetable Belt),2026-09-06T03:00,25.4,99.0,0.09,2.7,34.37,24.0,1.0,0.002,False,False,True,"Delta-T 0.1°C < 2.0°C (excess humidity, spray runoff)"
Varanasi (Vegetable Belt),2026-09-06T04:00,25.5,99.0,0.09,3.6,34.3,12.0,1.0,0.001,False,False,True,"Delta-T 0.1°C < 2.0°C (excess humidity, spray runoff)"
Varanasi (Vegetable Belt),2026-09-06T05:00,25.7,99.0,0.09,5.6,34.27,4.0,1.0,0.001,False,False,True,"Delta-T 0.1°C < 2.0°C (excess humidity, spray runoff)"
Varanasi (Vegetable Belt),2026-09-06T06:00,26.2,97.0,0.36,7.4,34.17,0.0,1.0,0.001,False,False,True,"Delta-T 0.4°C < 2.0°C (excess humidity, spray runoff)"
Varanasi (Vegetable Belt),2026-09-06T07:00,27.2,91.0,1.2,7.9,34.07,0.0,1.0,0.001,False,False,True,"Delta-T 1.2°C < 2.0°C (excess humidity, spray runoff)"
Varanasi (Vegetable Belt),2026-09-06T08:00,28.4,81.0,2.66,8.7,33.97,4.0,1.0,0.922,True,True,True,Optimal stomatal aperture and atmospheric stability verified
Varanasi (Vegetable Belt),2026-09-06T09:00,29.8,74.0,3.77,8.2,33.83,17.0,1.0,0.918,True,True,True,Optimal stomatal aperture and atmospheric stability verified
Varanasi (Vegetable Belt),2026-09-06T10:00,30.6,71.0,4.29,4.8,33.7,36.0,1.0,0.86,True,True,True,Optimal stomatal aperture and atmospheric stability verified
Varanasi (Vegetable Belt),2026-09-06T11:00,31.4,69.0,4.66,4.5,33.6,51.0,1.0,0.0,False,False,True,Rain probability 51.0% > 40% (chemical wash-off risk)
Varanasi (Vegetable Belt),2026-09-06T12:00,31.8,69.0,4.69,5.2,33.43,59.0,1.0,0.0,False,False,True,Rain probability 59.0% > 40% (chemical wash-off risk)
Varanasi (Vegetable Belt),2026-09-06T13:00,32.1,68.0,4.88,2.5,33.43,64.0,1.0,0.0,False,False,True,Rain probability 64.0% > 40% (chemical wash-off risk)
Varanasi (Vegetable Belt),2026-09-06T14:00,32.0,69.0,4.7,3.6,33.4,67.0,1.0,0.0,False,False,True,Rain probability 67.0% > 40% (chemical wash-off risk)
Varanasi (Vegetable Belt),2026-09-06T15:00,29.4,80.0,2.85,8.1,33.27,68.0,1.0,0.0,False,False,True,Rain probability 68.0% > 40% (chemical wash-off risk)
Varanasi (Vegetable Belt),2026-09-06T16:00,29.0,84.0,2.24,3.5,33.5,66.0,1.0,0.0,False,False,True,Rain probability 66.0% > 40% (chemical wash-off risk)
Varanasi (Vegetable Belt),2026-09-06T17:00,29.0,85.0,2.09,3.4,33.6,63.0,1.0,0.0,False,False,True,Rain probability 63.0% > 40% (chemical wash-off risk)
Varanasi (Vegetable Belt),2026-09-06T18:00,28.4,90.0,1.36,4.2,33.53,57.0,1.0,0.0,False,False,True,"Delta-T 1.4°C < 2.0°C (excess humidity, spray runoff) | Rain probability 57.0% > 40% (chemical wash-off risk)"
Varanasi (Vegetable Belt),2026-09-06T19:00,27.9,93.0,0.92,2.0,33.47,50.0,1.0,0.0,False,False,True,"Delta-T 0.9°C < 2.0°C (excess humidity, spray runoff) | Rain probability 50.0% > 40% (chemical wash-off risk)"
Varanasi (Vegetable Belt),2026-09-06T20:00,26.8,100.0,-0.06,7.6,33.57,45.0,1.0,0.0,False,False,True,"Delta-T -0.1°C < 2.0°C (excess humidity, spray runoff) | Rain probability 45.0% > 40% (chemical wash-off risk)"
Varanasi (Vegetable Belt),2026-09-06T21:00,26.9,99.0,0.08,7.7,33.43,45.0,1.0,0.0,False,False,True,"Delta-T 0.1°C < 2.0°C (excess humidity, spray runoff) | Rain probability 45.0% > 40% (chemical wash-off risk)"
Varanasi (Vegetable Belt),2026-09-06T22:00,26.9,96.0,0.5,7.6,33.43,46.0,1.0,0.0,False,False,True,"Delta-T 0.5°C < 2.0°C (excess humidity, spray runoff) | Rain probability 46.0% > 40% (chemical wash-off risk)"
Varanasi (Vegetable Belt),2026-09-06T23:00,26.6,93.0,0.91,4.7,33.37,45.0,1.0,0.0,False,False,True,"Delta-T 0.9°C < 2.0°C (excess humidity, spray runoff) | Rain probability 45.0% > 40% (chemical wash-off risk)"
Mandya (Sugarcane Basin),2026-09-05T00:00,23.2,83.0,2.2,12.7,15.73,0.0,0.5,0.0,False,False,True,"Soil moisture 15.7% < 30% (xylem tension collapsed, stomata shut)"
Mandya (Sugarcane Basin),2026-09-05T01:00,22.8,85.0,1.93,11.0,15.77,0.0,0.5,0.0,False,False,True,"Delta-T 1.9°C < 2.0°C (excess humidity, spray runoff) | Soil moisture 15.8% < 30% (xylem tension collapsed, stomata shut)"
Mandya (Sugarcane Basin),2026-09-05T02:00,22.3,87.0,1.65,10.3,15.83,0.0,0.5,0.0,False,False,True,"Delta-T 1.6°C < 2.0°C (excess humidity, spray runoff) | Soil moisture 15.8% < 30% (xylem tension collapsed, stomata shut)"
Mandya (Sugarcane Basin),2026-09-05T03:00,21.8,89.0,1.39,6.9,15.93,0.0,0.5,0.0,False,False,True,"Delta-T 1.4°C < 2.0°C (excess humidity, spray runoff) | Soil moisture 15.9% < 30% (xylem tension collapsed, stomata shut)"
Mandya (Sugarcane Basin),2026-09-05T04:00,21.1,93.0,0.87,3.8,16.0,0.0,0.5,0.0,False,False,True,"Delta-T 0.9°C < 2.0°C (excess humidity, spray runoff) | Soil moisture 16.0% < 30% (xylem tension collapsed, stomata shut)"
Mandya (Sugarcane Basin),2026-09-05T05:00,20.6,95.0,0.61,3.7,16.03,0.0,0.5,0.0,False,False,True,"Delta-T 0.6°C < 2.0°C (excess humidity, spray runoff) | Soil moisture 16.0% < 30% (xylem tension collapsed, stomata shut)"
Mandya (Sugarcane Basin),2026-09-05T06:00,20.7,94.0,0.74,6.2,16.07,0.0,0.5,0.0,False,False,True,"Delta-T 0.7°C < 2.0°C (excess humidity, spray runoff) | Soil moisture 16.1% < 30% (xylem tension collapsed, stomata shut)"
Mandya (Sugarcane Basin),2026-09-05T07:00,22.5,86.0,1.79,7.7,16.1,0.0,0.5,0.0,False,False,True,"Delta-T 1.8°C < 2.0°C (excess humidity, spray runoff) | Soil moisture 16.1% < 30% (xylem tension collapsed, stomata shut)"
Mandya (Sugarcane Basin),2026-09-05T08:00,24.3,78.0,2.91,7.9,16.07,0.0,0.5,0.0,False,False,True,"Soil moisture 16.1% < 30% (xylem tension collapsed, stomata shut)"
Mandya (Sugarcane Basin),2026-09-05T09:00,26.2,70.0,4.14,8.6,15.97,1.0,0.5,0.0,False,False,True,"Soil moisture 16.0% < 30% (xylem tension collapsed, stomata shut)"
Mandya (Sugarcane Basin),2026-09-05T10:00,28.1,63.0,5.34,9.2,15.8,2.0,0.5,0.0,False,False,True,"Soil moisture 15.8% < 30% (xylem tension collapsed, stomata shut)"
Mandya (Sugarcane Basin),2026-09-05T11:00,29.5,54.0,6.95,8.9,15.53,4.0,0.5,0.0,False,False,True,"Soil moisture 15.5% < 30% (xylem tension collapsed, stomata shut)"
Mandya (Sugarcane Basin),2026-09-05T12:00,30.4,49.0,7.94,8.9,15.23,6.0,0.5,0.0,False,False,True,"Soil moisture 15.2% < 30% (xylem tension collapsed, stomata shut)"
Mandya (Sugarcane Basin),2026-09-05T13:00,31.1,46.0,8.59,9.4,14.97,9.0,0.5,0.0,False,False,True,"Delta-T 8.6°C > 8.0°C (rapid droplet evaporation before absorption) | Soil moisture 15.0% < 30% (xylem tension collapsed, stomata shut)"
Mandya (Sugarcane Basin),2026-09-05T14:00,31.6,43.0,9.25,10.5,14.73,12.0,0.5,0.0,False,False,True,"Delta-T 9.2°C > 8.0°C (rapid droplet evaporation before absorption) | Soil moisture 14.7% < 30% (xylem tension collapsed, stomata shut)"
Mandya (Sugarcane Basin),2026-09-05T15:00,31.4,43.0,9.22,11.4,14.6,16.0,0.5,0.0,False,False,True,"Delta-T 9.2°C > 8.0°C (rapid droplet evaporation before absorption) | Soil moisture 14.6% < 30% (xylem tension collapsed, stomata shut)"
Mandya (Sugarcane Basin),2026-09-05T16:00,30.6,45.0,8.7,12.6,14.53,20.0,0.5,0.0,False,False,True,"Delta-T 8.7°C > 8.0°C (rapid droplet evaporation before absorption) | Soil moisture 14.5% < 30% (xylem tension collapsed, stomata shut)"
Mandya (Sugarcane Basin),2026-09-05T17:00,29.9,50.0,7.69,12.6,14.47,22.0,0.5,0.0,False,False,True,"Soil moisture 14.5% < 30% (xylem tension collapsed, stomata shut)"
Mandya (Sugarcane Basin),2026-09-05T18:00,25.5,66.0,4.67,15.0,14.47,22.0,0.5,0.0,False,False,True,"Soil moisture 14.5% < 30% (xylem tension collapsed, stomata shut)"
Mandya (Sugarcane Basin),2026-09-05T19:00,25.3,69.0,4.22,8.6,14.47,20.0,0.5,0.0,False,False,True,"Soil moisture 14.5% < 30% (xylem tension collapsed, stomata shut)"
Mandya (Sugarcane Basin),2026-09-05T20:00,25.1,75.0,3.37,14.9,14.5,18.0,0.5,0.0,False,False,True,"Soil moisture 14.5% < 30% (xylem tension collapsed, stomata shut)"
Mandya (Sugarcane Basin),2026-09-05T21:00,24.5,78.0,2.92,13.0,14.5,15.0,0.5,0.0,False,False,True,"Soil moisture 14.5% < 30% (xylem tension collapsed, stomata shut)"
Mandya (Sugarcane Basin),2026-09-05T22:00,24.0,81.0,2.5,12.4,14.53,11.0,0.5,0.0,False,False,True,"Soil moisture 14.5% < 30% (xylem tension collapsed, stomata shut)"
Mandya (Sugarcane Basin),2026-09-05T23:00,23.6,83.0,2.21,11.0,14.57,8.0,0.5,0.0,False,False,True,"Soil moisture 14.6% < 30% (xylem tension collapsed, stomata shut)"
Mandya (Sugarcane Basin),2026-09-06T00:00,23.0,86.0,1.8,7.9,14.63,6.0,0.5,0.0,False,False,True,"Delta-T 1.8°C < 2.0°C (excess humidity, spray runoff) | Soil moisture 14.6% < 30% (xylem tension collapsed, stomata shut)"
Mandya (Sugarcane Basin),2026-09-06T01:00,22.5,89.0,1.4,5.1,14.7,5.0,0.5,0.0,False,False,True,"Delta-T 1.4°C < 2.0°C (excess humidity, spray runoff) | Soil moisture 14.7% < 30% (xylem tension collapsed, stomata shut)"
Mandya (Sugarcane Basin),2026-09-06T02:00,22.3,91.0,1.14,5.6,14.73,4.0,0.5,0.0,False,False,True,"Delta-T 1.1°C < 2.0°C (excess humidity, spray runoff) | Soil moisture 14.7% < 30% (xylem tension collapsed, stomata shut)"
Mandya (Sugarcane Basin),2026-09-06T03:00,21.9,93.0,0.87,6.3,14.8,3.0,0.5,0.0,False,False,True,"Delta-T 0.9°C < 2.0°C (excess humidity, spray runoff) | Soil moisture 14.8% < 30% (xylem tension collapsed, stomata shut)"
Mandya (Sugarcane Basin),2026-09-06T04:00,21.6,94.0,0.74,7.3,14.87,1.0,0.5,0.0,False,False,True,"Delta-T 0.7°C < 2.0°C (excess humidity, spray runoff) | Soil moisture 14.9% < 30% (xylem tension collapsed, stomata shut)"
Mandya (Sugarcane Basin),2026-09-06T05:00,21.0,96.0,0.49,7.6,14.93,0.0,0.5,0.0,False,False,True,"Delta-T 0.5°C < 2.0°C (excess humidity, spray runoff) | Soil moisture 14.9% < 30% (xylem tension collapsed, stomata shut)"
Mandya (Sugarcane Basin),2026-09-06T06:00,20.6,97.0,0.36,6.9,14.97,0.0,0.5,0.0,False,False,True,"Delta-T 0.4°C < 2.0°C (excess humidity, spray runoff) | Soil moisture 15.0% < 30% (xylem tension collapsed, stomata shut)"
Mandya (Sugarcane Basin),2026-09-06T07:00,22.4,87.0,1.66,8.8,15.0,0.0,0.5,0.0,False,False,True,"Delta-T 1.7°C < 2.0°C (excess humidity, spray runoff) | Soil moisture 15.0% < 30% (xylem tension collapsed, stomata shut)"
Mandya (Sugarcane Basin),2026-09-06T08:00,24.3,78.0,2.91,7.6,14.97,0.0,0.5,0.0,False,False,True,"Soil moisture 15.0% < 30% (xylem tension collapsed, stomata shut)"
Mandya (Sugarcane Basin),2026-09-06T09:00,26.1,69.0,4.28,6.3,14.9,0.0,0.5,0.0,False,False,True,"Soil moisture 14.9% < 30% (xylem tension collapsed, stomata shut)"
Mandya (Sugarcane Basin),2026-09-06T10:00,28.0,60.0,5.8,6.0,14.73,0.0,0.5,0.0,False,False,True,"Soil moisture 14.7% < 30% (xylem tension collapsed, stomata shut)"
Mandya (Sugarcane Basin),2026-09-06T11:00,29.6,51.0,7.47,5.6,14.47,0.0,0.5,0.0,False,False,True,"Soil moisture 14.5% < 30% (xylem tension collapsed, stomata shut)"
Mandya (Sugarcane Basin),2026-09-06T12:00,31.0,45.0,8.77,8.1,14.27,0.0,0.5,0.0,False,False,True,"Delta-T 8.8°C > 8.0°C (rapid droplet evaporation before absorption) | Soil moisture 14.3% < 30% (xylem tension collapsed, stomata shut)"
Mandya (Sugarcane Basin),2026-09-06T13:00,31.8,41.0,9.68,10.3,14.03,0.0,0.5,0.0,False,False,True,"Delta-T 9.7°C > 8.0°C (rapid droplet evaporation before absorption) | Soil moisture 14.0% < 30% (xylem tension collapsed, stomata shut)"
Mandya (Sugarcane Basin),2026-09-06T14:00,32.1,40.0,9.94,12.4,13.83,0.0,0.5,0.0,False,False,True,"Delta-T 9.9°C > 8.0°C (rapid droplet evaporation before absorption) | Soil moisture 13.8% < 30% (xylem tension collapsed, stomata shut)"
Mandya (Sugarcane Basin),2026-09-06T15:00,32.0,40.0,9.92,13.2,13.77,4.0,0.5,0.0,False,False,True,"Delta-T 9.9°C > 8.0°C (rapid droplet evaporation before absorption) | Soil moisture 13.8% < 30% (xylem tension collapsed, stomata shut)"
Mandya (Sugarcane Basin),2026-09-06T16:00,31.7,40.0,9.87,11.6,13.7,9.0,0.5,0.0,False,False,True,"Delta-T 9.9°C > 8.0°C (rapid droplet evaporation before absorption) | Soil moisture 13.7% < 30% (xylem tension collapsed, stomata shut)"
Mandya (Sugarcane Basin),2026-09-06T17:00,30.8,46.0,8.55,7.8,13.67,12.0,0.5,0.0,False,False,True,"Delta-T 8.6°C > 8.0°C (rapid droplet evaporation before absorption) | Soil moisture 13.7% < 30% (xylem tension collapsed, stomata shut)"
Mandya (Sugarcane Basin),2026-09-06T18:00,28.5,51.0,7.32,11.4,13.7,11.0,0.5,0.0,False,False,True,"Soil moisture 13.7% < 30% (xylem tension collapsed, stomata shut)"
Mandya (Sugarcane Basin),2026-09-06T19:00,27.2,56.0,6.34,15.9,13.67,7.0,0.5,0.0,False,False,True,"Wind speed 15.9 km/h > 15 km/h limit (spray drift hazard) | Soil moisture 13.7% < 30% (xylem tension collapsed, stomata shut)"
Mandya (Sugarcane Basin),2026-09-06T20:00,25.9,66.0,4.7,15.1,13.7,4.0,0.5,0.0,False,False,True,"Wind speed 15.1 km/h > 15 km/h limit (spray drift hazard) | Soil moisture 13.7% < 30% (xylem tension collapsed, stomata shut)"
Mandya (Sugarcane Basin),2026-09-06T21:00,25.0,73.0,3.64,14.2,13.77,2.0,0.5,0.0,False,False,True,"Soil moisture 13.8% < 30% (xylem tension collapsed, stomata shut)"
Mandya (Sugarcane Basin),2026-09-06T22:00,24.2,78.0,2.91,12.3,13.77,1.0,0.5,0.0,False,False,True,"Soil moisture 13.8% < 30% (xylem tension collapsed, stomata shut)"
Mandya (Sugarcane Basin),2026-09-06T23:00,23.7,81.0,2.48,11.5,13.8,0.0,0.5,0.0,False,False,True,"Soil moisture 13.8% < 30% (xylem tension collapsed, stomata shut)"
Munnar (Highland Tea),2026-09-05T00:00,16.1,95.0,0.6,6.9,28.97,1.0,0.5,0.001,False,False,True,"Delta-T 0.6°C < 2.0°C (excess humidity, spray runoff) | Soil moisture 29.0% < 30% (xylem tension collapsed, stomata shut)"
Munnar (Highland Tea),2026-09-05T01:00,16.1,91.0,1.06,6.7,28.8,0.0,0.5,0.001,False,False,True,"Delta-T 1.1°C < 2.0°C (excess humidity, spray runoff) | Soil moisture 28.8% < 30% (xylem tension collapsed, stomata shut)"
Munnar (Highland Tea),2026-09-05T02:00,16.0,88.0,1.4,6.7,28.63,0.0,0.5,0.001,False,False,True,"Delta-T 1.4°C < 2.0°C (excess humidity, spray runoff) | Soil moisture 28.6% < 30% (xylem tension collapsed, stomata shut)"
Munnar (Highland Tea),2026-09-05T03:00,16.1,87.0,1.52,6.3,28.5,0.0,0.5,0.001,False,False,True,"Delta-T 1.5°C < 2.0°C (excess humidity, spray runoff) | Soil moisture 28.5% < 30% (xylem tension collapsed, stomata shut)"
Munnar (Highland Tea),2026-09-05T04:00,16.1,86.0,1.63,6.0,28.37,0.0,0.5,0.001,False,False,True,"Delta-T 1.6°C < 2.0°C (excess humidity, spray runoff) | Soil moisture 28.4% < 30% (xylem tension collapsed, stomata shut)"
Munnar (Highland Tea),2026-09-05T05:00,16.3,86.0,1.63,5.2,28.23,0.0,0.5,0.001,False,False,True,"Delta-T 1.6°C < 2.0°C (excess humidity, spray runoff) | Soil moisture 28.2% < 30% (xylem tension collapsed, stomata shut)"
Munnar (Highland Tea),2026-09-05T06:00,16.5,85.0,1.76,4.7,28.13,0.0,0.5,0.001,False,False,True,"Delta-T 1.8°C < 2.0°C (excess humidity, spray runoff) | Soil moisture 28.1% < 30% (xylem tension collapsed, stomata shut)"
Munnar (Highland Tea),2026-09-05T07:00,18.8,80.0,2.42,5.3,28.0,0.0,0.5,0.026,False,False,True,"Soil moisture 28.0% < 30% (xylem tension collapsed, stomata shut)"
Munnar (Highland Tea),2026-09-05T08:00,20.4,73.0,3.37,4.4,27.83,0.0,0.5,0.0,False,False,True,"Soil moisture 27.8% < 30% (xylem tension collapsed, stomata shut)"
Munnar (Highland Tea),2026-09-05T09:00,21.6,74.0,3.31,6.6,27.6,0.0,0.5,0.0,False,False,True,"Soil moisture 27.6% < 30% (xylem tension collapsed, stomata shut)"
Munnar (Highland Tea),2026-09-05T10:00,22.2,72.0,3.61,8.0,27.33,0.0,0.5,0.0,False,False,True,"Soil moisture 27.3% < 30% (xylem tension collapsed, stomata shut)"
Munnar (Highland Tea),2026-09-05T11:00,22.3,72.0,3.61,6.9,27.1,4.0,0.5,0.0,False,False,True,"Soil moisture 27.1% < 30% (xylem tension collapsed, stomata shut)"
Munnar (Highland Tea),2026-09-05T12:00,22.9,76.0,3.12,7.2,28.8,31.0,0.5,0.05,False,False,True,"Soil moisture 28.8% < 30% (xylem tension collapsed, stomata shut)"
Munnar (Highland Tea),2026-09-05T13:00,23.1,75.0,3.26,9.0,32.8,67.0,0.5,0.0,False,False,True,Rain probability 67.0% > 40% (chemical wash-off risk)
Munnar (Highland Tea),2026-09-05T14:00,21.7,82.0,2.28,11.5,34.3,94.0,0.5,0.0,False,False,True,Rain probability 94.0% > 40% (chemical wash-off risk)
Munnar (Highland Tea),2026-09-05T15:00,19.8,88.0,1.47,7.1,35.67,100.0,0.5,0.0,False,False,True,"Delta-T 1.5°C < 2.0°C (excess humidity, spray runoff) | Rain probability 100.0% > 40% (chemical wash-off risk)"
Munnar (Highland Tea),2026-09-05T16:00,19.5,90.0,1.22,6.2,34.63,100.0,0.5,0.0,False,False,True,"Delta-T 1.2°C < 2.0°C (excess humidity, spray runoff) | Rain probability 100.0% > 40% (chemical wash-off risk)"
Munnar (Highland Tea),2026-09-05T17:00,18.7,95.0,0.61,6.3,36.47,98.0,0.5,0.0,False,False,True,"Delta-T 0.6°C < 2.0°C (excess humidity, spray runoff) | Rain probability 98.0% > 40% (chemical wash-off risk)"
Munnar (Highland Tea),2026-09-05T18:00,18.0,98.0,0.24,7.9,37.2,89.0,0.5,0.0,False,False,True,"Delta-T 0.2°C < 2.0°C (excess humidity, spray runoff) | Rain probability 89.0% > 40% (chemical wash-off risk)"
Munnar (Highland Tea),2026-09-05T19:00,17.7,99.0,0.13,7.1,36.57,76.0,0.5,0.0,False,False,True,"Delta-T 0.1°C < 2.0°C (excess humidity, spray runoff) | Rain probability 76.0% > 40% (chemical wash-off risk)"
Munnar (Highland Tea),2026-09-05T20:00,17.5,100.0,0.01,7.0,34.53,61.0,0.5,0.0,False,False,True,"Delta-T 0.0°C < 2.0°C (excess humidity, spray runoff) | Rain probability 61.0% > 40% (chemical wash-off risk)"
Munnar (Highland Tea),2026-09-05T21:00,17.1,100.0,0.01,6.8,33.5,42.0,0.5,0.001,False,False,True,"Delta-T 0.0°C < 2.0°C (excess humidity, spray runoff) | Rain probability 42.0% > 40% (chemical wash-off risk)"
Munnar (Highland Tea),2026-09-05T22:00,16.7,100.0,0.01,7.2,32.87,20.0,0.5,0.002,False,False,True,"Delta-T 0.0°C < 2.0°C (excess humidity, spray runoff)"
Munnar (Highland Tea),2026-09-05T23:00,16.3,97.0,0.37,7.6,32.43,4.0,0.5,0.001,False,False,True,"Delta-T 0.4°C < 2.0°C (excess humidity, spray runoff)"
Munnar (Highland Tea),2026-09-06T00:00,15.8,93.0,0.82,7.2,32.07,0.0,0.5,0.001,False,False,True,"Delta-T 0.8°C < 2.0°C (excess humidity, spray runoff)"
Munnar (Highland Tea),2026-09-06T01:00,15.6,91.0,1.05,6.8,31.83,0.0,0.5,0.001,False,False,True,"Delta-T 1.1°C < 2.0°C (excess humidity, spray runoff)"
Munnar (Highland Tea),2026-09-06T02:00,15.9,88.0,1.4,6.7,31.63,0.0,0.5,0.001,False,False,True,"Delta-T 1.4°C < 2.0°C (excess humidity, spray runoff)"
Munnar (Highland Tea),2026-09-06T03:00,15.9,88.0,1.4,6.1,31.43,0.0,0.5,0.001,False,False,True,"Delta-T 1.4°C < 2.0°C (excess humidity, spray runoff)"
Munnar (Highland Tea),2026-09-06T04:00,15.8,88.0,1.4,6.0,31.27,0.0,0.5,0.001,False,False,True,"Delta-T 1.4°C < 2.0°C (excess humidity, spray runoff)"
Munnar (Highland Tea),2026-09-06T05:00,15.7,88.0,1.39,5.9,31.13,0.0,0.5,0.001,False,False,True,"Delta-T 1.4°C < 2.0°C (excess humidity, spray runoff)"
Munnar (Highland Tea),2026-09-06T06:00,15.9,88.0,1.4,5.4,31.0,0.0,0.5,0.001,False,False,True,"Delta-T 1.4°C < 2.0°C (excess humidity, spray runoff)"
Munnar (Highland Tea),2026-09-06T07:00,18.3,83.0,2.04,6.3,30.9,0.0,0.5,0.933,True,True,True,Optimal stomatal aperture and atmospheric stability verified
Munnar (Highland Tea),2026-09-06T08:00,19.9,77.0,2.84,5.4,30.73,0.0,0.5,0.938,True,True,True,Optimal stomatal aperture and atmospheric stability verified
Munnar (Highland Tea),2026-09-06T09:00,21.4,72.0,3.56,6.4,30.53,1.0,0.5,0.939,True,True,True,Optimal stomatal aperture and atmospheric stability verified
Munnar (Highland Tea),2026-09-06T10:00,22.4,72.0,3.62,9.2,30.3,4.0,0.5,0.921,True,True,True,Optimal stomatal aperture and atmospheric stability verified
Munnar (Highland Tea),2026-09-06T11:00,22.9,69.0,4.05,11.0,30.07,12.0,0.5,0.908,True,True,True,Optimal stomatal aperture and atmospheric stability verified
Munnar (Highland Tea),2026-09-06T12:00,22.9,68.0,4.19,11.2,29.87,29.0,0.5,0.05,False,False,True,"Soil moisture 29.9% < 30% (xylem tension collapsed, stomata shut)"
Munnar (Highland Tea),2026-09-06T13:00,22.7,68.0,4.17,11.0,29.67,51.0,0.5,0.0,False,False,True,"Soil moisture 29.7% < 30% (xylem tension collapsed, stomata shut) | Rain probability 51.0% > 40% (chemical wash-off risk)"
Munnar (Highland Tea),2026-09-06T14:00,22.3,71.0,3.74,10.8,30.0,69.0,0.5,0.0,False,False,True,Rain probability 69.0% > 40% (chemical wash-off risk)
Munnar (Highland Tea),2026-09-06T15:00,20.9,81.0,2.38,11.2,32.07,80.0,0.5,0.0,False,False,True,Rain probability 80.0% > 40% (chemical wash-off risk)
Munnar (Highland Tea),2026-09-06T16:00,18.9,92.0,0.97,8.7,33.37,88.0,0.5,0.0,False,False,True,"Delta-T 1.0°C < 2.0°C (excess humidity, spray runoff) | Rain probability 88.0% > 40% (chemical wash-off risk)"
Munnar (Highland Tea),2026-09-06T17:00,18.3,97.0,0.36,8.2,33.5,90.0,0.5,0.0,False,False,True,"Delta-T 0.4°C < 2.0°C (excess humidity, spray runoff) | Rain probability 90.0% > 40% (chemical wash-off risk)"
Munnar (Highland Tea),2026-09-06T18:00,17.7,98.0,0.24,8.1,32.53,86.0,0.5,0.0,False,False,True,"Delta-T 0.2°C < 2.0°C (excess humidity, spray runoff) | Rain probability 86.0% > 40% (chemical wash-off risk)"
Munnar (Highland Tea),2026-09-06T19:00,17.3,100.0,0.01,8.0,32.03,76.0,0.5,0.0,False,False,True,"Delta-T 0.0°C < 2.0°C (excess humidity, spray runoff) | Rain probability 76.0% > 40% (chemical wash-off risk)"
Munnar (Highland Tea),2026-09-06T20:00,17.0,99.0,0.13,7.0,31.7,63.0,0.5,0.0,False,False,True,"Delta-T 0.1°C < 2.0°C (excess humidity, spray runoff) | Rain probability 63.0% > 40% (chemical wash-off risk)"
Munnar (Highland Tea),2026-09-06T21:00,16.6,99.0,0.13,7.1,31.4,45.0,0.5,0.0,False,False,True,"Delta-T 0.1°C < 2.0°C (excess humidity, spray runoff) | Rain probability 45.0% > 40% (chemical wash-off risk)"
Munnar (Highland Tea),2026-09-06T22:00,16.0,100.0,0.02,6.9,31.2,24.0,0.5,0.002,False,False,True,"Delta-T 0.0°C < 2.0°C (excess humidity, spray runoff)"
Munnar (Highland Tea),2026-09-06T23:00,15.9,95.0,0.6,7.6,31.0,8.0,0.5,0.002,False,False,True,"Delta-T 0.6°C < 2.0°C (excess humidity, spray runoff)"
Jaisalmer (Thar Desert),2026-09-05T00:00,28.2,68.0,4.58,9.9,15.47,0.0,0.3,0.0,False,False,True,"Soil moisture 15.5% < 30% (xylem tension collapsed, stomata shut)"
Jaisalmer (Thar Desert),2026-09-05T01:00,28.0,70.0,4.27,12.6,15.63,0.0,0.3,0.0,False,False,True,"Soil moisture 15.6% < 30% (xylem tension collapsed, stomata shut)"
Jaisalmer (Thar Desert),2026-09-05T02:00,27.2,74.0,3.63,15.6,15.73,0.0,0.3,0.0,False,False,True,"Wind speed 15.6 km/h > 15 km/h limit (spray drift hazard) | Soil moisture 15.7% < 30% (xylem tension collapsed, stomata shut)"
Jaisalmer (Thar Desert),2026-09-05T03:00,26.1,77.0,3.14,16.0,15.83,0.0,0.3,0.0,False,False,True,"Wind speed 16.0 km/h > 15 km/h limit (spray drift hazard) | Soil moisture 15.8% < 30% (xylem tension collapsed, stomata shut)"
Jaisalmer (Thar Desert),2026-09-05T04:00,25.4,79.0,2.83,15.4,15.93,0.0,0.3,0.0,False,False,True,"Wind speed 15.4 km/h > 15 km/h limit (spray drift hazard) | Soil moisture 15.9% < 30% (xylem tension collapsed, stomata shut)"
Jaisalmer (Thar Desert),2026-09-05T05:00,24.9,81.0,2.53,14.1,16.03,0.0,0.3,0.0,False,False,True,"Soil moisture 16.0% < 30% (xylem tension collapsed, stomata shut)"
Jaisalmer (Thar Desert),2026-09-05T06:00,24.5,83.0,2.24,12.9,16.17,0.0,0.3,0.0,False,False,True,"Soil moisture 16.2% < 30% (xylem tension collapsed, stomata shut)"
Jaisalmer (Thar Desert),2026-09-05T07:00,25.0,81.0,2.53,11.8,16.3,0.0,0.3,0.0,False,False,True,"Soil moisture 16.3% < 30% (xylem tension collapsed, stomata shut)"
Jaisalmer (Thar Desert),2026-09-05T08:00,26.2,76.0,3.28,12.3,16.3,0.0,0.3,0.0,False,False,True,"Soil moisture 16.3% < 30% (xylem tension collapsed, stomata shut)"
Jaisalmer (Thar Desert),2026-09-05T09:00,27.9,69.0,4.41,12.1,16.17,0.0,0.3,0.0,False,False,True,"Soil moisture 16.2% < 30% (xylem tension collapsed, stomata shut)"
Jaisalmer (Thar Desert),2026-09-05T10:00,29.6,63.0,5.48,11.5,15.93,0.0,0.3,0.0,False,False,True,"Soil moisture 15.9% < 30% (xylem tension collapsed, stomata shut)"
Jaisalmer (Thar Desert),2026-09-05T11:00,31.3,57.0,6.65,10.7,15.57,0.0,0.3,0.0,False,False,True,"Soil moisture 15.6% < 30% (xylem tension collapsed, stomata shut)"
Jaisalmer (Thar Desert),2026-09-05T12:00,32.7,52.0,7.71,11.1,15.23,0.0,0.3,0.0,False,False,True,"Soil moisture 15.2% < 30% (xylem tension collapsed, stomata shut)"
Jaisalmer (Thar Desert),2026-09-05T13:00,33.8,48.0,8.62,11.4,14.97,0.0,0.3,0.0,False,False,True,"Delta-T 8.6°C > 8.0°C (rapid droplet evaporation before absorption) | Soil moisture 15.0% < 30% (xylem tension collapsed, stomata shut)"
Jaisalmer (Thar Desert),2026-09-05T14:00,34.4,46.0,9.12,10.5,14.77,0.0,0.3,0.0,False,False,True,"Delta-T 9.1°C > 8.0°C (rapid droplet evaporation before absorption) | Soil moisture 14.8% < 30% (xylem tension collapsed, stomata shut)"
Jaisalmer (Thar Desert),2026-09-05T15:00,34.7,44.0,9.58,11.5,14.7,0.0,0.3,0.0,False,False,True,"Delta-T 9.6°C > 8.0°C (rapid droplet evaporation before absorption) | Soil moisture 14.7% < 30% (xylem tension collapsed, stomata shut)"
Jaisalmer (Thar Desert),2026-09-05T16:00,34.4,44.0,9.53,11.7,14.67,0.0,0.3,0.0,False,False,True,"Delta-T 9.5°C > 8.0°C (rapid droplet evaporation before absorption) | Soil moisture 14.7% < 30% (xylem tension collapsed, stomata shut)"
Jaisalmer (Thar Desert),2026-09-05T17:00,33.8,46.0,9.02,11.4,14.7,0.0,0.3,0.0,False,False,True,"Delta-T 9.0°C > 8.0°C (rapid droplet evaporation before absorption) | Soil moisture 14.7% < 30% (xylem tension collapsed, stomata shut)"
Jaisalmer (Thar Desert),2026-09-05T18:00,32.6,51.0,7.88,9.4,14.77,0.0,0.3,0.0,False,False,True,"Soil moisture 14.8% < 30% (xylem tension collapsed, stomata shut)"
Jaisalmer (Thar Desert),2026-09-05T19:00,30.9,57.0,6.6,8.9,14.87,0.0,0.3,0.0,False,False,True,"Soil moisture 14.9% < 30% (xylem tension collapsed, stomata shut)"
Jaisalmer (Thar Desert),2026-09-05T20:00,30.0,60.0,6.0,10.2,14.97,0.0,0.3,0.0,False,False,True,"Soil moisture 15.0% < 30% (xylem tension collapsed, stomata shut)"
Jaisalmer (Thar Desert),2026-09-05T21:00,29.3,62.0,5.61,8.3,15.1,0.0,0.3,0.0,False,False,True,"Soil moisture 15.1% < 30% (xylem tension collapsed, stomata shut)"
Jaisalmer (Thar Desert),2026-09-05T22:00,28.9,63.0,5.42,9.3,15.17,0.0,0.3,0.0,False,False,True,"Soil moisture 15.2% < 30% (xylem tension collapsed, stomata shut)"
Jaisalmer (Thar Desert),2026-09-05T23:00,28.7,63.0,5.4,12.4,15.27,0.0,0.3,0.0,False,False,True,"Soil moisture 15.3% < 30% (xylem tension collapsed, stomata shut)"
Jaisalmer (Thar Desert),2026-09-06T00:00,28.3,65.0,5.05,11.8,15.4,0.0,0.3,0.0,False,False,True,"Soil moisture 15.4% < 30% (xylem tension collapsed, stomata shut)"
Jaisalmer (Thar Desert),2026-09-06T01:00,27.9,67.0,4.71,15.1,15.5,0.0,0.3,0.0,False,False,True,"Wind speed 15.1 km/h > 15 km/h limit (spray drift hazard) | Soil moisture 15.5% < 30% (xylem tension collapsed, stomata shut)"
Jaisalmer (Thar Desert),2026-09-06T02:00,27.2,72.0,3.92,16.4,15.6,0.0,0.3,0.0,False,False,True,"Wind speed 16.4 km/h > 15 km/h limit (spray drift hazard) | Soil moisture 15.6% < 30% (xylem tension collapsed, stomata shut)"
Jaisalmer (Thar Desert),2026-09-06T03:00,26.2,78.0,3.0,16.2,15.7,0.0,0.3,0.0,False,False,True,"Wind speed 16.2 km/h > 15 km/h limit (spray drift hazard) | Soil moisture 15.7% < 30% (xylem tension collapsed, stomata shut)"
Jaisalmer (Thar Desert),2026-09-06T04:00,25.3,82.0,2.41,15.9,15.83,0.0,0.3,0.0,False,False,True,"Wind speed 15.9 km/h > 15 km/h limit (spray drift hazard) | Soil moisture 15.8% < 30% (xylem tension collapsed, stomata shut)"
Jaisalmer (Thar Desert),2026-09-06T05:00,24.7,84.0,2.11,12.6,15.93,0.0,0.3,0.0,False,False,True,"Soil moisture 15.9% < 30% (xylem tension collapsed, stomata shut)"
Jaisalmer (Thar Desert),2026-09-06T06:00,24.3,86.0,1.83,12.9,16.07,0.0,0.3,0.0,False,False,True,"Delta-T 1.8°C < 2.0°C (excess humidity, spray runoff) | Soil moisture 16.1% < 30% (xylem tension collapsed, stomata shut)"
Jaisalmer (Thar Desert),2026-09-06T07:00,24.8,83.0,2.25,12.0,16.17,0.0,0.3,0.0,False,False,True,"Soil moisture 16.2% < 30% (xylem tension collapsed, stomata shut)"
Jaisalmer (Thar Desert),2026-09-06T08:00,26.3,77.0,3.15,11.8,16.13,0.0,0.3,0.0,False,False,True,"Soil moisture 16.1% < 30% (xylem tension collapsed, stomata shut)"
Jaisalmer (Thar Desert),2026-09-06T09:00,28.3,69.0,4.44,10.9,16.0,0.0,0.3,0.0,False,False,True,"Soil moisture 16.0% < 30% (xylem tension collapsed, stomata shut)"
Jaisalmer (Thar Desert),2026-09-06T10:00,30.4,60.0,6.05,9.5,15.73,0.0,0.3,0.0,False,False,True,"Soil moisture 15.7% < 30% (xylem tension collapsed, stomata shut)"
Jaisalmer (Thar Desert),2026-09-06T11:00,32.2,53.0,7.46,8.3,15.37,0.0,0.3,0.0,False,False,True,"Soil moisture 15.4% < 30% (xylem tension collapsed, stomata shut)"
Jaisalmer (Thar Desert),2026-09-06T12:00,33.7,48.0,8.61,7.6,15.03,0.0,0.3,0.0,False,False,True,"Delta-T 8.6°C > 8.0°C (rapid droplet evaporation before absorption) | Soil moisture 15.0% < 30% (xylem tension collapsed, stomata shut)"
Jaisalmer (Thar Desert),2026-09-06T13:00,34.7,45.0,9.37,9.6,14.73,0.0,0.3,0.0,False,False,True,"Delta-T 9.4°C > 8.0°C (rapid droplet evaporation before absorption) | Soil moisture 14.7% < 30% (xylem tension collapsed, stomata shut)"
Jaisalmer (Thar Desert),2026-09-06T14:00,35.3,43.0,9.89,10.9,14.53,0.0,0.3,0.0,False,False,True,"Delta-T 9.9°C > 8.0°C (rapid droplet evaporation before absorption) | Soil moisture 14.5% < 30% (xylem tension collapsed, stomata shut)"
Jaisalmer (Thar Desert),2026-09-06T15:00,35.4,43.0,9.91,11.7,14.47,1.0,0.3,0.0,False,False,True,"Delta-T 9.9°C > 8.0°C (rapid droplet evaporation before absorption) | Soil moisture 14.5% < 30% (xylem tension collapsed, stomata shut)"
Jaisalmer (Thar Desert),2026-09-06T16:00,35.1,43.0,9.85,12.1,14.47,3.0,0.3,0.0,False,False,True,"Delta-T 9.8°C > 8.0°C (rapid droplet evaporation before absorption) | Soil moisture 14.5% < 30% (xylem tension collapsed, stomata shut)"
Jaisalmer (Thar Desert),2026-09-06T17:00,34.5,44.0,9.54,11.9,14.47,4.0,0.3,0.0,False,False,True,"Delta-T 9.5°C > 8.0°C (rapid droplet evaporation before absorption) | Soil moisture 14.5% < 30% (xylem tension collapsed, stomata shut)"
Jaisalmer (Thar Desert),2026-09-06T18:00,33.2,49.0,8.34,11.4,14.57,3.0,0.3,0.0,False,False,True,"Delta-T 8.3°C > 8.0°C (rapid droplet evaporation before absorption) | Soil moisture 14.6% < 30% (xylem tension collapsed, stomata shut)"
Jaisalmer (Thar Desert),2026-09-06T19:00,31.6,54.0,7.21,12.9,14.63,1.0,0.3,0.0,False,False,True,"Soil moisture 14.6% < 30% (xylem tension collapsed, stomata shut)"
Jaisalmer (Thar Desert),2026-09-06T20:00,30.8,57.0,6.59,13.4,14.73,0.0,0.3,0.0,False,False,True,"Soil moisture 14.7% < 30% (xylem tension collapsed, stomata shut)"
Jaisalmer (Thar Desert),2026-09-06T21:00,30.0,59.0,6.17,11.7,14.8,0.0,0.3,0.0,False,False,True,"Soil moisture 14.8% < 30% (xylem tension collapsed, stomata shut)"
Jaisalmer (Thar Desert),2026-09-06T22:00,29.3,61.0,5.77,11.7,14.93,0.0,0.3,0.0,False,False,True,"Soil moisture 14.9% < 30% (xylem tension collapsed, stomata shut)"
Jaisalmer (Thar Desert),2026-09-06T23:00,28.7,64.0,5.24,11.1,15.03,0.0,0.3,0.0,False,False,True,"Soil moisture 15.0% < 30% (xylem tension collapsed, stomata shut)"
Kangra (Valley Orchards),2026-09-05T00:00,22.8,89.0,1.4,0.7,31.2,22.0,0.85,0.001,False,False,True,"Delta-T 1.4°C < 2.0°C (excess humidity, spray runoff)"
Kangra (Valley Orchards),2026-09-05T01:00,22.7,86.0,1.79,1.4,31.1,20.0,0.85,0.001,False,False,True,"Delta-T 1.8°C < 2.0°C (excess humidity, spray runoff)"
Kangra (Valley Orchards),2026-09-05T02:00,22.5,86.0,1.79,0.4,31.07,20.0,0.85,0.001,False,False,True,"Delta-T 1.8°C < 2.0°C (excess humidity, spray runoff)"
Kangra (Valley Orchards),2026-09-05T03:00,22.3,86.0,1.78,0.4,31.0,20.0,0.85,0.001,False,False,True,"Delta-T 1.8°C < 2.0°C (excess humidity, spray runoff)"
Kangra (Valley Orchards),2026-09-05T04:00,21.0,90.0,1.25,2.2,30.97,21.0,0.85,0.001,False,False,True,"Delta-T 1.2°C < 2.0°C (excess humidity, spray runoff)"
Kangra (Valley Orchards),2026-09-05T05:00,21.5,86.0,1.76,1.4,30.87,25.0,0.85,0.001,False,False,True,"Delta-T 1.8°C < 2.0°C (excess humidity, spray runoff)"
Kangra (Valley Orchards),2026-09-05T06:00,20.7,90.0,1.24,1.9,30.83,33.0,0.85,0.001,False,False,True,"Delta-T 1.2°C < 2.0°C (excess humidity, spray runoff)"
Kangra (Valley Orchards),2026-09-05T07:00,21.3,90.0,1.25,3.5,31.7,45.0,0.85,0.0,False,False,True,"Delta-T 1.2°C < 2.0°C (excess humidity, spray runoff) | Rain probability 45.0% > 40% (chemical wash-off risk)"
Kangra (Valley Orchards),2026-09-05T08:00,22.4,91.0,1.14,3.4,31.3,55.0,0.85,0.0,False,False,True,"Delta-T 1.1°C < 2.0°C (excess humidity, spray runoff) | Rain probability 55.0% > 40% (chemical wash-off risk)"
Kangra (Valley Orchards),2026-09-05T09:00,23.7,84.0,2.08,2.0,31.0,63.0,0.85,0.0,False,False,True,Rain probability 63.0% > 40% (chemical wash-off risk)
Kangra (Valley Orchards),2026-09-05T10:00,26.2,73.0,3.71,1.3,30.77,70.0,0.85,0.0,False,False,True,Rain probability 70.0% > 40% (chemical wash-off risk)
Kangra (Valley Orchards),2026-09-05T11:00,26.9,69.0,4.34,1.9,30.5,76.0,0.85,0.0,False,False,True,Rain probability 76.0% > 40% (chemical wash-off risk)
Kangra (Valley Orchards),2026-09-05T12:00,27.1,72.0,3.91,4.1,30.93,82.0,0.85,0.0,False,False,True,Rain probability 82.0% > 40% (chemical wash-off risk)
Kangra (Valley Orchards),2026-09-05T13:00,27.7,72.0,3.95,4.3,30.63,87.0,0.85,0.0,False,False,True,Rain probability 87.0% > 40% (chemical wash-off risk)
Kangra (Valley Orchards),2026-09-05T14:00,27.5,74.0,3.64,3.4,30.37,90.0,0.85,0.0,False,False,True,Rain probability 90.0% > 40% (chemical wash-off risk)
Kangra (Valley Orchards),2026-09-05T15:00,25.8,81.0,2.56,0.8,30.47,90.0,0.85,0.0,False,False,True,Rain probability 90.0% > 40% (chemical wash-off risk)
Kangra (Valley Orchards),2026-09-05T16:00,26.1,77.0,3.14,2.5,30.97,88.0,0.85,0.0,False,False,True,Rain probability 88.0% > 40% (chemical wash-off risk)
Kangra (Valley Orchards),2026-09-05T17:00,24.9,84.0,2.12,4.7,31.0,82.0,0.85,0.0,False,False,True,Rain probability 82.0% > 40% (chemical wash-off risk)
Kangra (Valley Orchards),2026-09-05T18:00,24.1,88.0,1.56,0.8,30.73,69.0,0.85,0.0,False,False,True,"Delta-T 1.6°C < 2.0°C (excess humidity, spray runoff) | Rain probability 69.0% > 40% (chemical wash-off risk)"
Kangra (Valley Orchards),2026-09-05T19:00,23.6,89.0,1.42,2.0,30.63,51.0,0.85,0.0,False,False,True,"Delta-T 1.4°C < 2.0°C (excess humidity, spray runoff) | Rain probability 51.0% > 40% (chemical wash-off risk)"
Kangra (Valley Orchards),2026-09-05T20:00,23.6,82.0,2.35,0.6,30.57,35.0,0.85,0.827,True,True,True,Optimal stomatal aperture and atmospheric stability verified
Kangra (Valley Orchards),2026-09-05T21:00,23.1,81.0,2.46,0.9,30.5,23.0,0.85,0.915,True,True,True,Optimal stomatal aperture and atmospheric stability verified
Kangra (Valley Orchards),2026-09-05T22:00,22.7,79.0,2.71,1.9,30.43,13.0,0.85,0.934,True,True,True,Optimal stomatal aperture and atmospheric stability verified
Kangra (Valley Orchards),2026-09-05T23:00,22.7,76.0,3.11,1.9,30.4,6.0,0.85,0.942,True,True,True,Optimal stomatal aperture and atmospheric stability verified
Kangra (Valley Orchards),2026-09-06T00:00,23.1,72.0,3.66,0.9,30.33,2.0,0.85,0.942,True,True,True,Optimal stomatal aperture and atmospheric stability verified
Kangra (Valley Orchards),2026-09-06T01:00,22.6,73.0,3.5,0.5,30.3,1.0,0.85,0.942,True,True,True,Optimal stomatal aperture and atmospheric stability verified
Kangra (Valley Orchards),2026-09-06T02:00,22.3,76.0,3.09,0.4,30.27,2.0,0.85,0.941,True,True,True,Optimal stomatal aperture and atmospheric stability verified
Kangra (Valley Orchards),2026-09-06T03:00,22.2,72.0,3.61,0.5,30.2,8.0,0.85,0.942,True,True,True,Optimal stomatal aperture and atmospheric stability verified
Kangra (Valley Orchards),2026-09-06T04:00,22.0,74.0,3.33,0.9,30.17,17.0,0.85,0.932,True,True,True,Optimal stomatal aperture and atmospheric stability verified
Kangra (Valley Orchards),2026-09-06T05:00,21.4,74.0,3.3,1.8,30.13,22.0,0.85,0.924,True,True,True,Optimal stomatal aperture and atmospheric stability verified
Kangra (Valley Orchards),2026-09-06T06:00,21.6,73.0,3.44,0.6,30.1,20.0,0.85,0.928,True,True,True,Optimal stomatal aperture and atmospheric stability verified
Kangra (Valley Orchards),2026-09-06T07:00,22.7,80.0,2.58,1.8,30.07,15.0,0.85,0.928,True,True,True,Optimal stomatal aperture and atmospheric stability verified
Kangra (Valley Orchards),2026-09-06T08:00,24.5,82.0,2.38,0.3,29.97,14.0,0.85,0.05,False,False,True,"Soil moisture 30.0% < 30% (xylem tension collapsed, stomata shut)"
Kangra (Valley Orchards),2026-09-06T09:00,22.6,92.0,1.01,8.5,29.8,23.0,0.85,0.002,False,False,True,"Delta-T 1.0°C < 2.0°C (excess humidity, spray runoff) | Soil moisture 29.8% < 30% (xylem tension collapsed, stomata shut)"
Kangra (Valley Orchards),2026-09-06T10:00,23.9,87.0,1.69,6.1,29.63,37.0,0.85,0.002,False,False,True,"Delta-T 1.7°C < 2.0°C (excess humidity, spray runoff) | Soil moisture 29.6% < 30% (xylem tension collapsed, stomata shut)"
Kangra (Valley Orchards),2026-09-06T11:00,26.4,73.0,3.72,3.0,29.4,47.0,0.85,0.0,False,False,True,"Soil moisture 29.4% < 30% (xylem tension collapsed, stomata shut) | Rain probability 47.0% > 40% (chemical wash-off risk)"
Kangra (Valley Orchards),2026-09-06T12:00,28.2,64.0,5.2,4.0,29.23,49.0,0.85,0.0,False,False,True,"Soil moisture 29.2% < 30% (xylem tension collapsed, stomata shut) | Rain probability 49.0% > 40% (chemical wash-off risk)"
Kangra (Valley Orchards),2026-09-06T13:00,28.6,61.0,5.7,4.8,29.1,48.0,0.85,0.0,False,False,True,"Soil moisture 29.1% < 30% (xylem tension collapsed, stomata shut) | Rain probability 48.0% > 40% (chemical wash-off risk)"
Kangra (Valley Orchards),2026-09-06T14:00,28.3,66.0,4.9,6.8,29.0,45.0,0.85,0.0,False,False,True,"Soil moisture 29.0% < 30% (xylem tension collapsed, stomata shut) | Rain probability 45.0% > 40% (chemical wash-off risk)"
Kangra (Valley Orchards),2026-09-06T15:00,27.5,72.0,3.94,5.4,28.83,41.0,0.85,0.05,False,False,True,"Soil moisture 28.8% < 30% (xylem tension collapsed, stomata shut) | Rain probability 41.0% > 40% (chemical wash-off risk)"
Kangra (Valley Orchards),2026-09-06T16:00,27.2,75.0,3.48,3.1,28.77,34.0,0.85,0.05,False,False,True,"Soil moisture 28.8% < 30% (xylem tension collapsed, stomata shut)"
Kangra (Valley Orchards),2026-09-06T17:00,26.6,78.0,3.02,2.1,28.8,29.0,0.85,0.05,False,False,True,"Soil moisture 28.8% < 30% (xylem tension collapsed, stomata shut)"
Kangra (Valley Orchards),2026-09-06T18:00,24.8,86.0,1.84,2.3,28.83,25.0,0.85,0.05,False,False,True,"Delta-T 1.8°C < 2.0°C (excess humidity, spray runoff) | Soil moisture 28.8% < 30% (xylem tension collapsed, stomata shut)"
Kangra (Valley Orchards),2026-09-06T19:00,23.9,85.0,1.96,1.6,28.9,22.0,0.85,0.05,False,False,True,"Delta-T 2.0°C < 2.0°C (excess humidity, spray runoff) | Soil moisture 28.9% < 30% (xylem tension collapsed, stomata shut)"
Kangra (Valley Orchards),2026-09-06T20:00,23.7,85.0,1.95,1.1,28.97,18.0,0.85,0.05,False,False,True,"Delta-T 1.9°C < 2.0°C (excess humidity, spray runoff) | Soil moisture 29.0% < 30% (xylem tension collapsed, stomata shut)"
Kangra (Valley Orchards),2026-09-06T21:00,23.4,86.0,1.81,0.3,28.97,12.0,0.85,0.05,False,False,True,"Delta-T 1.8°C < 2.0°C (excess humidity, spray runoff) | Soil moisture 29.0% < 30% (xylem tension collapsed, stomata shut)"
Kangra (Valley Orchards),2026-09-06T22:00,23.1,83.0,2.2,0.4,28.97,6.0,0.85,0.05,False,False,True,"Soil moisture 29.0% < 30% (xylem tension collapsed, stomata shut)"
Kangra (Valley Orchards),2026-09-06T23:00,22.7,83.0,2.18,1.4,29.0,2.0,0.85,0.05,False,False,True,"Soil moisture 29.0% < 30% (xylem tension collapsed, stomata shut)"
Sunderbans (Coastal Delta),2026-09-05T00:00,26.8,89.0,1.47,5.3,37.77,8.0,0.5,0.001,False,False,True,"Delta-T 1.5°C < 2.0°C (excess humidity, spray runoff)"
Sunderbans (Coastal Delta),2026-09-05T01:00,26.6,91.0,1.19,7.4,37.77,14.0,0.5,0.002,False,False,True,"Delta-T 1.2°C < 2.0°C (excess humidity, spray runoff)"
Sunderbans (Coastal Delta),2026-09-05T02:00,26.4,91.0,1.19,6.0,37.73,22.0,0.5,0.002,False,False,True,"Delta-T 1.2°C < 2.0°C (excess humidity, spray runoff)"
Sunderbans (Coastal Delta),2026-09-05T03:00,25.9,91.0,1.18,5.3,37.67,29.0,0.5,0.001,False,False,True,"Delta-T 1.2°C < 2.0°C (excess humidity, spray runoff)"
Sunderbans (Coastal Delta),2026-09-05T04:00,25.7,92.0,1.04,5.1,37.67,34.0,0.5,0.002,False,False,True,"Delta-T 1.0°C < 2.0°C (excess humidity, spray runoff)"
Sunderbans (Coastal Delta),2026-09-05T05:00,25.7,94.0,0.77,4.4,37.67,37.0,0.5,0.002,False,False,True,"Delta-T 0.8°C < 2.0°C (excess humidity, spray runoff)"
Sunderbans (Coastal Delta),2026-09-05T06:00,25.6,96.0,0.49,5.6,37.67,41.0,0.5,0.002,False,False,True,"Delta-T 0.5°C < 2.0°C (excess humidity, spray runoff) | Rain probability 41.0% > 40% (chemical wash-off risk)"
Sunderbans (Coastal Delta),2026-09-05T07:00,27.2,92.0,1.06,3.5,37.57,44.0,0.5,0.0,False,False,True,"Delta-T 1.1°C < 2.0°C (excess humidity, spray runoff) | Rain probability 44.0% > 40% (chemical wash-off risk)"
Sunderbans (Coastal Delta),2026-09-05T08:00,29.2,79.0,2.99,4.5,37.5,47.0,0.5,0.0,False,False,True,Rain probability 47.0% > 40% (chemical wash-off risk)
Sunderbans (Coastal Delta),2026-09-05T09:00,27.6,86.0,1.91,8.0,39.53,53.0,0.5,0.0,False,False,True,"Delta-T 1.9°C < 2.0°C (excess humidity, spray runoff) | Rain probability 53.0% > 40% (chemical wash-off risk)"
Sunderbans (Coastal Delta),2026-09-05T10:00,27.2,89.0,1.48,8.8,39.6,64.0,0.5,0.0,False,False,True,"Delta-T 1.5°C < 2.0°C (excess humidity, spray runoff) | Rain probability 64.0% > 40% (chemical wash-off risk)"
Sunderbans (Coastal Delta),2026-09-05T11:00,29.3,77.0,3.29,9.9,39.17,79.0,0.5,0.0,False,False,True,Rain probability 79.0% > 40% (chemical wash-off risk)
Sunderbans (Coastal Delta),2026-09-05T12:00,31.8,74.0,3.89,7.6,39.63,90.0,0.5,0.0,False,False,True,Rain probability 90.0% > 40% (chemical wash-off risk)
Sunderbans (Coastal Delta),2026-09-05T13:00,31.6,76.0,3.56,9.9,39.73,96.0,0.5,0.0,False,False,True,Rain probability 96.0% > 40% (chemical wash-off risk)
Sunderbans (Coastal Delta),2026-09-05T14:00,28.2,89.0,1.5,10.7,40.03,99.0,0.5,0.0,False,False,True,"Delta-T 1.5°C < 2.0°C (excess humidity, spray runoff) | Rain probability 99.0% > 40% (chemical wash-off risk)"
Sunderbans (Coastal Delta),2026-09-05T15:00,27.9,84.0,2.21,6.5,40.0,100.0,0.5,0.0,False,False,True,Rain probability 100.0% > 40% (chemical wash-off risk)
Sunderbans (Coastal Delta),2026-09-05T16:00,28.7,80.0,2.82,7.0,39.87,100.0,0.5,0.0,False,False,True,Rain probability 100.0% > 40% (chemical wash-off risk)
Sunderbans (Coastal Delta),2026-09-05T17:00,29.1,91.0,1.22,5.8,40.33,100.0,0.5,0.0,False,False,True,"Delta-T 1.2°C < 2.0°C (excess humidity, spray runoff) | Rain probability 100.0% > 40% (chemical wash-off risk)"
Sunderbans (Coastal Delta),2026-09-05T18:00,28.2,95.0,0.64,3.1,39.8,96.0,0.5,0.0,False,False,True,"Delta-T 0.6°C < 2.0°C (excess humidity, spray runoff) | Rain probability 96.0% > 40% (chemical wash-off risk)"
Sunderbans (Coastal Delta),2026-09-05T19:00,27.4,94.0,0.78,5.4,39.57,68.0,0.5,0.0,False,False,True,"Delta-T 0.8°C < 2.0°C (excess humidity, spray runoff) | Rain probability 68.0% > 40% (chemical wash-off risk)"
Sunderbans (Coastal Delta),2026-09-05T20:00,27.2,93.0,0.92,7.1,39.37,30.0,0.5,0.002,False,False,True,"Delta-T 0.9°C < 2.0°C (excess humidity, spray runoff)"
Sunderbans (Coastal Delta),2026-09-05T21:00,27.4,93.0,0.92,8.5,39.2,2.0,0.5,0.001,False,False,True,"Delta-T 0.9°C < 2.0°C (excess humidity, spray runoff)"
Sunderbans (Coastal Delta),2026-09-05T22:00,27.3,93.0,0.92,8.4,39.07,0.0,0.5,0.001,False,False,True,"Delta-T 0.9°C < 2.0°C (excess humidity, spray runoff)"
Sunderbans (Coastal Delta),2026-09-05T23:00,27.3,94.0,0.78,8.3,38.93,0.0,0.5,0.001,False,False,True,"Delta-T 0.8°C < 2.0°C (excess humidity, spray runoff)"
Sunderbans (Coastal Delta),2026-09-06T00:00,27.4,95.0,0.64,8.9,38.83,4.0,0.5,0.001,False,False,True,"Delta-T 0.6°C < 2.0°C (excess humidity, spray runoff)"
Sunderbans (Coastal Delta),2026-09-06T01:00,27.5,94.0,0.78,9.2,38.73,8.0,0.5,0.001,False,False,True,"Delta-T 0.8°C < 2.0°C (excess humidity, spray runoff)"
Sunderbans (Coastal Delta),2026-09-06T02:00,27.4,93.0,0.92,8.5,38.63,13.0,0.5,0.001,False,False,True,"Delta-T 0.9°C < 2.0°C (excess humidity, spray runoff)"
Sunderbans (Coastal Delta),2026-09-06T03:00,27.3,93.0,0.92,8.2,38.57,20.0,0.5,0.002,False,False,True,"Delta-T 0.9°C < 2.0°C (excess humidity, spray runoff)"
Sunderbans (Coastal Delta),2026-09-06T04:00,27.1,93.0,0.92,7.0,38.5,29.0,0.5,0.002,False,False,True,"Delta-T 0.9°C < 2.0°C (excess humidity, spray runoff)"
Sunderbans (Coastal Delta),2026-09-06T05:00,26.9,93.0,0.91,7.3,38.43,39.0,0.5,0.002,False,False,True,"Delta-T 0.9°C < 2.0°C (excess humidity, spray runoff)"
Sunderbans (Coastal Delta),2026-09-06T06:00,27.1,93.0,0.92,7.8,38.37,45.0,0.5,0.0,False,False,True,"Delta-T 0.9°C < 2.0°C (excess humidity, spray runoff) | Rain probability 45.0% > 40% (chemical wash-off risk)"
Sunderbans (Coastal Delta),2026-09-06T07:00,28.4,89.0,1.5,8.5,38.3,41.0,0.5,0.002,False,False,True,"Delta-T 1.5°C < 2.0°C (excess humidity, spray runoff) | Rain probability 41.0% > 40% (chemical wash-off risk)"
Sunderbans (Coastal Delta),2026-09-06T08:00,30.1,80.0,2.87,8.0,40.17,32.0,0.5,0.887,True,True,True,Optimal stomatal aperture and atmospheric stability verified
Sunderbans (Coastal Delta),2026-09-06T09:00,31.0,74.0,3.84,6.3,39.1,31.0,0.5,0.898,True,True,True,Optimal stomatal aperture and atmospheric stability verified
Sunderbans (Coastal Delta),2026-09-06T10:00,30.9,73.0,3.99,6.1,39.47,45.0,0.5,0.0,False,False,True,Rain probability 45.0% > 40% (chemical wash-off risk)
Sunderbans (Coastal Delta),2026-09-06T11:00,32.4,66.0,5.23,6.1,40.33,65.0,0.5,0.0,False,False,True,Rain probability 65.0% > 40% (chemical wash-off risk)
Sunderbans (Coastal Delta),2026-09-06T12:00,33.1,71.0,4.45,9.4,40.43,82.0,0.5,0.0,False,False,True,Rain probability 82.0% > 40% (chemical wash-off risk)
Sunderbans (Coastal Delta),2026-09-06T13:00,28.4,96.0,0.5,10.5,40.8,91.0,0.5,0.0,False,False,True,"Delta-T 0.5°C < 2.0°C (excess humidity, spray runoff) | Rain probability 91.0% > 40% (chemical wash-off risk)"
Sunderbans (Coastal Delta),2026-09-06T14:00,28.3,94.0,0.78,11.5,40.9,95.0,0.5,0.0,False,False,True,"Delta-T 0.8°C < 2.0°C (excess humidity, spray runoff) | Rain probability 95.0% > 40% (chemical wash-off risk)"
Sunderbans (Coastal Delta),2026-09-06T15:00,28.3,88.0,1.64,11.1,40.27,96.0,0.5,0.0,False,False,True,"Delta-T 1.6°C < 2.0°C (excess humidity, spray runoff) | Rain probability 96.0% > 40% (chemical wash-off risk)"
Sunderbans (Coastal Delta),2026-09-06T16:00,29.8,78.0,3.16,10.3,39.9,93.0,0.5,0.0,False,False,True,Rain probability 93.0% > 40% (chemical wash-off risk)
Sunderbans (Coastal Delta),2026-09-06T17:00,29.7,79.0,3.01,8.8,39.6,87.0,0.5,0.0,False,False,True,Rain probability 87.0% > 40% (chemical wash-off risk)
Sunderbans (Coastal Delta),2026-09-06T18:00,29.1,83.0,2.39,7.6,39.4,75.0,0.5,0.0,False,False,True,Rain probability 75.0% > 40% (chemical wash-off risk)
Sunderbans (Coastal Delta),2026-09-06T19:00,28.3,86.0,1.93,8.7,39.27,54.0,0.5,0.0,False,False,True,"Delta-T 1.9°C < 2.0°C (excess humidity, spray runoff) | Rain probability 54.0% > 40% (chemical wash-off risk)"
Sunderbans (Coastal Delta),2026-09-06T20:00,27.9,89.0,1.49,7.6,39.13,27.0,0.5,0.002,False,False,True,"Delta-T 1.5°C < 2.0°C (excess humidity, spray runoff)"
Sunderbans (Coastal Delta),2026-09-06T21:00,27.7,91.0,1.2,8.2,39.0,8.0,0.5,0.001,False,False,True,"Delta-T 1.2°C < 2.0°C (excess humidity, spray runoff)"
Sunderbans (Coastal Delta),2026-09-06T22:00,27.8,90.0,1.35,9.3,38.9,2.0,0.5,0.001,False,False,True,"Delta-T 1.4°C < 2.0°C (excess humidity, spray runoff)"
Sunderbans (Coastal Delta),2026-09-06T23:00,27.8,90.0,1.35,8.3,38.8,4.0,0.5,0.001,False,False,True,"Delta-T 1.4°C < 2.0°C (excess humidity, spray runoff)"
Salinas Valley (Horticulture),2026-09-04T00:00,17.3,86.0,1.66,8.4,13.5,1.0,0.85,0.0,False,False,True,"Delta-T 1.7°C < 2.0°C (excess humidity, spray runoff) | Soil moisture 13.5% < 30% (xylem tension collapsed, stomata shut)"
Salinas Valley (Horticulture),2026-09-04T01:00,17.3,87.0,1.54,6.6,13.6,1.0,0.85,0.0,False,False,True,"Delta-T 1.5°C < 2.0°C (excess humidity, spray runoff) | Soil moisture 13.6% < 30% (xylem tension collapsed, stomata shut)"
Salinas Valley (Horticulture),2026-09-04T02:00,17.5,88.0,1.43,7.7,13.8,1.0,0.85,0.0,False,False,True,"Delta-T 1.4°C < 2.0°C (excess humidity, spray runoff) | Soil moisture 13.8% < 30% (xylem tension collapsed, stomata shut)"
Salinas Valley (Horticulture),2026-09-04T03:00,16.5,91.0,1.06,4.3,13.83,1.0,0.85,0.0,False,False,True,"Delta-T 1.1°C < 2.0°C (excess humidity, spray runoff) | Soil moisture 13.8% < 30% (xylem tension collapsed, stomata shut)"
Salinas Valley (Horticulture),2026-09-04T04:00,16.9,89.0,1.3,8.8,13.87,1.0,0.85,0.0,False,False,True,"Delta-T 1.3°C < 2.0°C (excess humidity, spray runoff) | Soil moisture 13.9% < 30% (xylem tension collapsed, stomata shut)"
Salinas Valley (Horticulture),2026-09-04T05:00,16.1,87.0,1.52,7.1,13.73,4.0,0.85,0.0,False,False,True,"Delta-T 1.5°C < 2.0°C (excess humidity, spray runoff) | Soil moisture 13.7% < 30% (xylem tension collapsed, stomata shut)"
Salinas Valley (Horticulture),2026-09-04T06:00,15.7,85.0,1.73,5.9,13.73,1.0,0.85,0.0,False,False,True,"Delta-T 1.7°C < 2.0°C (excess humidity, spray runoff) | Soil moisture 13.7% < 30% (xylem tension collapsed, stomata shut)"
Salinas Valley (Horticulture),2026-09-04T07:00,14.8,85.0,1.71,1.8,13.77,0.0,0.85,0.0,False,False,True,"Delta-T 1.7°C < 2.0°C (excess humidity, spray runoff) | Soil moisture 13.8% < 30% (xylem tension collapsed, stomata shut)"
Salinas Valley (Horticulture),2026-09-04T08:00,16.2,84.0,1.86,1.8,13.77,0.0,0.85,0.0,False,False,True,"Delta-T 1.9°C < 2.0°C (excess humidity, spray runoff) | Soil moisture 13.8% < 30% (xylem tension collapsed, stomata shut)"
Salinas Valley (Horticulture),2026-09-04T09:00,18.6,73.0,3.26,2.1,13.77,0.0,0.85,0.0,False,False,True,"Soil moisture 13.8% < 30% (xylem tension collapsed, stomata shut)"
Salinas Valley (Horticulture),2026-09-04T10:00,20.2,63.0,4.62,5.5,13.73,0.0,0.85,0.0,False,False,True,"Soil moisture 13.7% < 30% (xylem tension collapsed, stomata shut)"
Salinas Valley (Horticulture),2026-09-04T11:00,21.1,61.0,4.97,10.7,13.63,0.0,0.85,0.0,False,False,True,"Soil moisture 13.6% < 30% (xylem tension collapsed, stomata shut)"
Salinas Valley (Horticulture),2026-09-04T12:00,22.4,57.0,5.65,10.4,13.53,0.0,0.85,0.0,False,False,True,"Soil moisture 13.5% < 30% (xylem tension collapsed, stomata shut)"
Salinas Valley (Horticulture),2026-09-04T13:00,23.6,49.0,6.96,11.7,13.43,0.0,0.85,0.0,False,False,True,"Soil moisture 13.4% < 30% (xylem tension collapsed, stomata shut)"
Salinas Valley (Horticulture),2026-09-04T14:00,24.7,46.0,7.58,16.8,13.3,0.0,0.85,0.0,False,False,True,"Wind speed 16.8 km/h > 15 km/h limit (spray drift hazard) | Soil moisture 13.3% < 30% (xylem tension collapsed, stomata shut)"
Salinas Valley (Horticulture),2026-09-04T15:00,24.3,46.0,7.52,18.4,13.17,0.0,0.85,0.0,False,False,True,"Wind speed 18.4 km/h > 15 km/h limit (spray drift hazard) | Soil moisture 13.2% < 30% (xylem tension collapsed, stomata shut)"
Salinas Valley (Horticulture),2026-09-04T16:00,22.0,52.0,6.3,19.0,13.07,0.0,0.85,0.0,False,False,True,"Wind speed 19.0 km/h > 15 km/h limit (spray drift hazard) | Soil moisture 13.1% < 30% (xylem tension collapsed, stomata shut)"
Salinas Valley (Horticulture),2026-09-04T17:00,20.8,57.0,5.47,18.2,13.03,0.0,0.85,0.0,False,False,True,"Wind speed 18.2 km/h > 15 km/h limit (spray drift hazard) | Soil moisture 13.0% < 30% (xylem tension collapsed, stomata shut)"
Salinas Valley (Horticulture),2026-09-04T18:00,19.4,62.0,4.68,13.8,12.97,0.0,0.85,0.0,False,False,True,"Soil moisture 13.0% < 30% (xylem tension collapsed, stomata shut)"
Salinas Valley (Horticulture),2026-09-04T19:00,18.0,65.0,4.18,11.4,12.97,0.0,0.85,0.0,False,False,True,"Soil moisture 13.0% < 30% (xylem tension collapsed, stomata shut)"
Salinas Valley (Horticulture),2026-09-04T20:00,16.7,69.0,3.61,4.3,13.0,0.0,0.85,0.0,False,False,True,"Soil moisture 13.0% < 30% (xylem tension collapsed, stomata shut)"
Salinas Valley (Horticulture),2026-09-04T21:00,15.7,71.0,3.31,5.2,13.03,0.0,0.85,0.0,False,False,True,"Soil moisture 13.0% < 30% (xylem tension collapsed, stomata shut)"
Salinas Valley (Horticulture),2026-09-04T22:00,15.0,68.0,3.6,4.7,13.07,0.0,0.85,0.0,False,False,True,"Soil moisture 13.1% < 30% (xylem tension collapsed, stomata shut)"
Salinas Valley (Horticulture),2026-09-04T23:00,14.7,61.0,4.34,2.3,13.07,0.0,0.85,0.0,False,False,True,"Soil moisture 13.1% < 30% (xylem tension collapsed, stomata shut)"
Salinas Valley (Horticulture),2026-09-05T00:00,14.1,61.0,4.28,7.0,13.1,0.0,0.85,0.0,False,False,True,"Soil moisture 13.1% < 30% (xylem tension collapsed, stomata shut)"
Salinas Valley (Horticulture),2026-09-05T01:00,14.0,61.0,4.27,8.4,13.1,0.0,0.85,0.0,False,False,True,"Soil moisture 13.1% < 30% (xylem tension collapsed, stomata shut)"
Salinas Valley (Horticulture),2026-09-05T02:00,14.0,62.0,4.17,8.8,13.17,0.0,0.85,0.0,False,False,True,"Soil moisture 13.2% < 30% (xylem tension collapsed, stomata shut)"
Salinas Valley (Horticulture),2026-09-05T03:00,13.2,68.0,3.46,7.9,13.17,0.0,0.85,0.0,False,False,True,"Soil moisture 13.2% < 30% (xylem tension collapsed, stomata shut)"
Salinas Valley (Horticulture),2026-09-05T04:00,12.6,69.0,3.32,8.0,13.17,0.0,0.85,0.0,False,False,True,"Soil moisture 13.2% < 30% (xylem tension collapsed, stomata shut)"
Salinas Valley (Horticulture),2026-09-05T05:00,12.0,73.0,2.87,7.4,13.17,0.0,0.85,0.0,False,False,True,"Soil moisture 13.2% < 30% (xylem tension collapsed, stomata shut)"
Salinas Valley (Horticulture),2026-09-05T06:00,11.4,78.0,2.33,7.9,13.2,0.0,0.85,0.0,False,False,True,"Soil moisture 13.2% < 30% (xylem tension collapsed, stomata shut)"
Salinas Valley (Horticulture),2026-09-05T07:00,11.0,82.0,1.91,7.9,13.2,0.0,0.85,0.0,False,False,True,"Delta-T 1.9°C < 2.0°C (excess humidity, spray runoff) | Soil moisture 13.2% < 30% (xylem tension collapsed, stomata shut)"
Salinas Valley (Horticulture),2026-09-05T08:00,14.2,72.0,3.11,5.5,13.2,0.0,0.85,0.0,False,False,True,"Soil moisture 13.2% < 30% (xylem tension collapsed, stomata shut)"
Salinas Valley (Horticulture),2026-09-05T09:00,17.4,61.0,4.61,4.4,13.2,0.0,0.85,0.0,False,False,True,"Soil moisture 13.2% < 30% (xylem tension collapsed, stomata shut)"
Salinas Valley (Horticulture),2026-09-05T10:00,19.5,51.0,6.1,5.4,13.13,0.0,0.85,0.0,False,False,True,"Soil moisture 13.1% < 30% (xylem tension collapsed, stomata shut)"
Salinas Valley (Horticulture),2026-09-05T11:00,21.3,50.0,6.48,10.5,13.03,0.0,0.85,0.0,False,False,True,"Soil moisture 13.0% < 30% (xylem tension collapsed, stomata shut)"
Salinas Valley (Horticulture),2026-09-05T12:00,21.2,54.0,5.92,15.8,12.93,0.0,0.85,0.0,False,False,True,"Wind speed 15.8 km/h > 15 km/h limit (spray drift hazard) | Soil moisture 12.9% < 30% (xylem tension collapsed, stomata shut)"
Salinas Valley (Horticulture),2026-09-05T13:00,21.0,56.0,5.62,17.1,12.8,0.0,0.85,0.0,False,False,True,"Wind speed 17.1 km/h > 15 km/h limit (spray drift hazard) | Soil moisture 12.8% < 30% (xylem tension collapsed, stomata shut)"
Salinas Valley (Horticulture),2026-09-05T14:00,20.7,58.0,5.32,18.7,12.67,0.0,0.85,0.0,False,False,True,"Wind speed 18.7 km/h > 15 km/h limit (spray drift hazard) | Soil moisture 12.7% < 30% (xylem tension collapsed, stomata shut)"
Salinas Valley (Horticulture),2026-09-05T15:00,20.3,58.0,5.28,18.4,12.53,0.0,0.85,0.0,False,False,True,"Wind speed 18.4 km/h > 15 km/h limit (spray drift hazard) | Soil moisture 12.5% < 30% (xylem tension collapsed, stomata shut)"
Salinas Valley (Horticulture),2026-09-05T16:00,19.5,62.0,4.69,17.9,12.5,0.0,0.85,0.0,False,False,True,"Wind speed 17.9 km/h > 15 km/h limit (spray drift hazard) | Soil moisture 12.5% < 30% (xylem tension collapsed, stomata shut)"
Salinas Valley (Horticulture),2026-09-05T17:00,18.6,66.0,4.11,17.4,12.4,0.0,0.85,0.0,False,False,True,"Wind speed 17.4 km/h > 15 km/h limit (spray drift hazard) | Soil moisture 12.4% < 30% (xylem tension collapsed, stomata shut)"
Salinas Valley (Horticulture),2026-09-05T18:00,17.6,69.0,3.67,16.2,12.37,0.0,0.85,0.0,False,False,True,"Wind speed 16.2 km/h > 15 km/h limit (spray drift hazard) | Soil moisture 12.4% < 30% (xylem tension collapsed, stomata shut)"
Salinas Valley (Horticulture),2026-09-05T19:00,16.4,77.0,2.67,12.8,12.4,0.0,0.85,0.0,False,False,True,"Soil moisture 12.4% < 30% (xylem tension collapsed, stomata shut)"
Salinas Valley (Horticulture),2026-09-05T20:00,15.3,80.0,2.28,6.0,12.4,0.0,0.85,0.0,False,False,True,"Soil moisture 12.4% < 30% (xylem tension collapsed, stomata shut)"
Salinas Valley (Horticulture),2026-09-05T21:00,14.5,82.0,2.03,3.6,12.43,0.0,0.85,0.0,False,False,True,"Soil moisture 12.4% < 30% (xylem tension collapsed, stomata shut)"
Salinas Valley (Horticulture),2026-09-05T22:00,13.6,85.0,1.68,4.5,12.47,0.0,0.85,0.0,False,False,True,"Delta-T 1.7°C < 2.0°C (excess humidity, spray runoff) | Soil moisture 12.5% < 30% (xylem tension collapsed, stomata shut)"
Salinas Valley (Horticulture),2026-09-05T23:00,13.0,85.0,1.66,5.2,12.5,0.0,0.85,0.0,False,False,True,"Delta-T 1.7°C < 2.0°C (excess humidity, spray runoff) | Soil moisture 12.5% < 30% (xylem tension collapsed, stomata shut)"
Wageningen (Agricultural Hub),2026-09-05T00:00,16.4,73.0,3.13,11.5,27.37,0.0,0.5,0.0,False,False,True,"Soil moisture 27.4% < 30% (xylem tension collapsed, stomata shut)"
Wageningen (Agricultural Hub),2026-09-05T01:00,15.5,77.0,2.63,11.5,27.37,0.0,0.5,0.0,False,False,True,"Soil moisture 27.4% < 30% (xylem tension collapsed, stomata shut)"
Wageningen (Agricultural Hub),2026-09-05T02:00,14.8,80.0,2.26,11.2,27.37,0.0,0.5,0.0,False,False,True,"Soil moisture 27.4% < 30% (xylem tension collapsed, stomata shut)"
Wageningen (Agricultural Hub),2026-09-05T03:00,14.9,81.0,2.16,10.4,27.37,0.0,0.5,0.0,False,False,True,"Soil moisture 27.4% < 30% (xylem tension collapsed, stomata shut)"
Wageningen (Agricultural Hub),2026-09-05T04:00,15.3,78.0,2.51,11.9,27.37,0.0,0.5,0.0,False,False,True,"Soil moisture 27.4% < 30% (xylem tension collapsed, stomata shut)"
Wageningen (Agricultural Hub),2026-09-05T05:00,15.0,80.0,2.27,11.2,27.37,0.0,0.5,0.0,False,False,True,"Soil moisture 27.4% < 30% (xylem tension collapsed, stomata shut)"
Wageningen (Agricultural Hub),2026-09-05T06:00,15.6,76.0,2.74,12.2,27.37,0.0,0.5,0.0,False,False,True,"Soil moisture 27.4% < 30% (xylem tension collapsed, stomata shut)"
Wageningen (Agricultural Hub),2026-09-05T07:00,15.0,79.0,2.38,11.9,27.37,0.0,0.5,0.0,False,False,True,"Soil moisture 27.4% < 30% (xylem tension collapsed, stomata shut)"
Wageningen (Agricultural Hub),2026-09-05T08:00,15.1,80.0,2.28,13.3,27.37,0.0,0.5,0.0,False,False,True,"Soil moisture 27.4% < 30% (xylem tension collapsed, stomata shut)"
Wageningen (Agricultural Hub),2026-09-05T09:00,17.0,74.0,3.05,18.7,27.33,10.0,0.5,0.0,False,False,True,"Wind speed 18.7 km/h > 15 km/h limit (spray drift hazard) | Soil moisture 27.3% < 30% (xylem tension collapsed, stomata shut)"
Wageningen (Agricultural Hub),2026-09-05T10:00,17.7,71.0,3.44,18.7,27.27,23.0,0.5,0.0,False,False,True,"Wind speed 18.7 km/h > 15 km/h limit (spray drift hazard) | Soil moisture 27.3% < 30% (xylem tension collapsed, stomata shut)"
Wageningen (Agricultural Hub),2026-09-05T11:00,18.6,69.0,3.75,18.7,27.17,31.0,0.5,0.0,False,False,True,"Wind speed 18.7 km/h > 15 km/h limit (spray drift hazard) | Soil moisture 27.2% < 30% (xylem tension collapsed, stomata shut)"
Wageningen (Agricultural Hub),2026-09-05T12:00,18.8,65.0,4.25,20.2,27.03,29.0,0.5,0.0,False,False,True,"Wind speed 20.2 km/h > 15 km/h limit (spray drift hazard) | Soil moisture 27.0% < 30% (xylem tension collapsed, stomata shut)"
Wageningen (Agricultural Hub),2026-09-05T13:00,19.6,58.0,5.2,22.3,26.9,23.0,0.5,0.0,False,False,True,"Wind speed 22.3 km/h > 15 km/h limit (spray drift hazard) | Soil moisture 26.9% < 30% (xylem tension collapsed, stomata shut)"
Wageningen (Agricultural Hub),2026-09-05T14:00,20.3,50.0,6.34,22.0,26.73,18.0,0.5,0.0,False,False,True,"Wind speed 22.0 km/h > 15 km/h limit (spray drift hazard) | Soil moisture 26.7% < 30% (xylem tension collapsed, stomata shut)"
Wageningen (Agricultural Hub),2026-09-05T15:00,20.4,50.0,6.36,22.3,26.57,18.0,0.5,0.0,False,False,True,"Wind speed 22.3 km/h > 15 km/h limit (spray drift hazard) | Soil moisture 26.6% < 30% (xylem tension collapsed, stomata shut)"
Wageningen (Agricultural Hub),2026-09-05T16:00,20.3,52.0,6.07,20.2,26.4,19.0,0.5,0.0,False,False,True,"Wind speed 20.2 km/h > 15 km/h limit (spray drift hazard) | Soil moisture 26.4% < 30% (xylem tension collapsed, stomata shut)"
Wageningen (Agricultural Hub),2026-09-05T17:00,19.8,54.0,5.75,17.3,26.33,18.0,0.5,0.0,False,False,True,"Wind speed 17.3 km/h > 15 km/h limit (spray drift hazard) | Soil moisture 26.3% < 30% (xylem tension collapsed, stomata shut)"
Wageningen (Agricultural Hub),2026-09-05T18:00,19.4,54.0,5.7,16.9,26.2,13.0,0.5,0.0,False,False,True,"Wind speed 16.9 km/h > 15 km/h limit (spray drift hazard) | Soil moisture 26.2% < 30% (xylem tension collapsed, stomata shut)"
Wageningen (Agricultural Hub),2026-09-05T19:00,18.8,55.0,5.49,15.5,26.2,5.0,0.5,0.0,False,False,True,"Wind speed 15.5 km/h > 15 km/h limit (spray drift hazard) | Soil moisture 26.2% < 30% (xylem tension collapsed, stomata shut)"
Wageningen (Agricultural Hub),2026-09-05T20:00,17.8,58.0,5.01,12.2,26.13,0.0,0.5,0.0,False,False,True,"Soil moisture 26.1% < 30% (xylem tension collapsed, stomata shut)"
Wageningen (Agricultural Hub),2026-09-05T21:00,16.8,63.0,4.31,9.0,26.17,0.0,0.5,0.0,False,False,True,"Soil moisture 26.2% < 30% (xylem tension collapsed, stomata shut)"
Wageningen (Agricultural Hub),2026-09-05T22:00,16.2,67.0,3.8,6.8,26.17,0.0,0.5,0.0,False,False,True,"Soil moisture 26.2% < 30% (xylem tension collapsed, stomata shut)"
Wageningen (Agricultural Hub),2026-09-05T23:00,15.3,73.0,3.06,6.8,26.2,0.0,0.5,0.0,False,False,True,"Soil moisture 26.2% < 30% (xylem tension collapsed, stomata shut)"
Wageningen (Agricultural Hub),2026-09-06T00:00,14.0,80.0,2.23,6.5,26.23,0.0,0.5,0.0,False,False,True,"Soil moisture 26.2% < 30% (xylem tension collapsed, stomata shut)"
Wageningen (Agricultural Hub),2026-09-06T01:00,13.5,83.0,1.89,5.4,26.23,0.0,0.5,0.0,False,False,True,"Delta-T 1.9°C < 2.0°C (excess humidity, spray runoff) | Soil moisture 26.2% < 30% (xylem tension collapsed, stomata shut)"
Wageningen (Agricultural Hub),2026-09-06T02:00,13.3,84.0,1.78,6.1,26.23,0.0,0.5,0.0,False,False,True,"Delta-T 1.8°C < 2.0°C (excess humidity, spray runoff) | Soil moisture 26.2% < 30% (xylem tension collapsed, stomata shut)"
Wageningen (Agricultural Hub),2026-09-06T03:00,12.5,85.0,1.65,4.3,26.3,0.0,0.5,0.0,False,False,True,"Delta-T 1.6°C < 2.0°C (excess humidity, spray runoff) | Soil moisture 26.3% < 30% (xylem tension collapsed, stomata shut)"
Wageningen (Agricultural Hub),2026-09-06T04:00,11.6,88.0,1.31,2.5,26.3,0.0,0.5,0.0,False,False,True,"Delta-T 1.3°C < 2.0°C (excess humidity, spray runoff) | Soil moisture 26.3% < 30% (xylem tension collapsed, stomata shut)"
Wageningen (Agricultural Hub),2026-09-06T05:00,10.7,89.0,1.19,4.7,26.33,0.0,0.5,0.0,False,False,True,"Delta-T 1.2°C < 2.0°C (excess humidity, spray runoff) | Soil moisture 26.3% < 30% (xylem tension collapsed, stomata shut)"
Wageningen (Agricultural Hub),2026-09-06T06:00,10.3,89.0,1.19,4.7,26.37,0.0,0.5,0.0,False,False,True,"Delta-T 1.2°C < 2.0°C (excess humidity, spray runoff) | Soil moisture 26.4% < 30% (xylem tension collapsed, stomata shut)"
Wageningen (Agricultural Hub),2026-09-06T07:00,10.0,89.0,1.18,5.0,26.4,0.0,0.5,0.0,False,False,True,"Delta-T 1.2°C < 2.0°C (excess humidity, spray runoff) | Soil moisture 26.4% < 30% (xylem tension collapsed, stomata shut)"
Wageningen (Agricultural Hub),2026-09-06T08:00,10.7,87.0,1.4,4.3,26.4,0.0,0.5,0.0,False,False,True,"Delta-T 1.4°C < 2.0°C (excess humidity, spray runoff) | Soil moisture 26.4% < 30% (xylem tension collapsed, stomata shut)"
Wageningen (Agricultural Hub),2026-09-06T09:00,13.1,79.0,2.3,4.3,26.4,0.0,0.5,0.0,False,False,True,"Soil moisture 26.4% < 30% (xylem tension collapsed, stomata shut)"
Wageningen (Agricultural Hub),2026-09-06T10:00,16.6,69.0,3.6,6.8,26.33,0.0,0.5,0.0,False,False,True,"Soil moisture 26.3% < 30% (xylem tension collapsed, stomata shut)"
Wageningen (Agricultural Hub),2026-09-06T11:00,18.8,60.0,4.87,9.0,26.27,0.0,0.5,0.0,False,False,True,"Soil moisture 26.3% < 30% (xylem tension collapsed, stomata shut)"
Wageningen (Agricultural Hub),2026-09-06T12:00,20.0,54.0,5.77,9.0,26.1,0.0,0.5,0.0,False,False,True,"Soil moisture 26.1% < 30% (xylem tension collapsed, stomata shut)"
Wageningen (Agricultural Hub),2026-09-06T13:00,21.0,49.0,6.58,9.0,25.93,0.0,0.5,0.0,False,False,True,"Soil moisture 25.9% < 30% (xylem tension collapsed, stomata shut)"
Wageningen (Agricultural Hub),2026-09-06T14:00,21.9,45.0,7.29,9.4,25.77,0.0,0.5,0.0,False,False,True,"Soil moisture 25.8% < 30% (xylem tension collapsed, stomata shut)"
Wageningen (Agricultural Hub),2026-09-06T15:00,22.7,41.0,8.03,10.4,25.57,0.0,0.5,0.0,False,False,True,"Delta-T 8.0°C > 8.0°C (rapid droplet evaporation before absorption) | Soil moisture 25.6% < 30% (xylem tension collapsed, stomata shut)"
Wageningen (Agricultural Hub),2026-09-06T16:00,23.1,39.0,8.42,11.2,25.4,0.0,0.5,0.0,False,False,True,"Delta-T 8.4°C > 8.0°C (rapid droplet evaporation before absorption) | Soil moisture 25.4% < 30% (xylem tension collapsed, stomata shut)"
Wageningen (Agricultural Hub),2026-09-06T17:00,23.3,37.0,8.79,9.7,25.33,0.0,0.5,0.0,False,False,True,"Delta-T 8.8°C > 8.0°C (rapid droplet evaporation before absorption) | Soil moisture 25.3% < 30% (xylem tension collapsed, stomata shut)"
Wageningen (Agricultural Hub),2026-09-06T18:00,23.4,36.0,8.97,10.1,25.23,0.0,0.5,0.0,False,False,True,"Delta-T 9.0°C > 8.0°C (rapid droplet evaporation before absorption) | Soil moisture 25.2% < 30% (xylem tension collapsed, stomata shut)"
Wageningen (Agricultural Hub),2026-09-06T19:00,22.6,42.0,7.86,9.4,25.2,0.0,0.5,0.0,False,False,True,"Soil moisture 25.2% < 30% (xylem tension collapsed, stomata shut)"
Wageningen (Agricultural Hub),2026-09-06T20:00,21.3,42.0,7.63,8.3,25.2,0.0,0.5,0.0,False,False,True,"Soil moisture 25.2% < 30% (xylem tension collapsed, stomata shut)"
Wageningen (Agricultural Hub),2026-09-06T21:00,20.4,43.0,7.33,9.7,25.2,2.0,0.5,0.0,False,False,True,"Soil moisture 25.2% < 30% (xylem tension collapsed, stomata shut)"
Wageningen (Agricultural Hub),2026-09-06T22:00,19.9,45.0,6.96,11.5,25.2,4.0,0.5,0.0,False,False,True,"Soil moisture 25.2% < 30% (xylem tension collapsed, stomata shut)"
Wageningen (Agricultural Hub),2026-09-06T23:00,19.1,48.0,6.44,9.4,25.23,6.0,0.5,0.0,False,False,True,"Soil moisture 25.2% < 30% (xylem tension collapsed, stomata shut)"
Toowoomba (Grain/Sorghum),2026-09-05T00:00,17.2,41.0,7.03,12.7,8.63,0.0,0.85,0.0,False,False,True,"Soil moisture 8.6% < 30% (xylem tension collapsed, stomata shut)"
Toowoomba (Grain/Sorghum),2026-09-05T01:00,16.3,44.0,6.5,12.6,8.63,0.0,0.85,0.0,False,False,True,"Soil moisture 8.6% < 30% (xylem tension collapsed, stomata shut)"
Toowoomba (Grain/Sorghum),2026-09-05T02:00,15.3,48.0,5.87,12.2,8.63,0.0,0.85,0.0,False,False,True,"Soil moisture 8.6% < 30% (xylem tension collapsed, stomata shut)"
Toowoomba (Grain/Sorghum),2026-09-05T03:00,15.2,49.0,5.74,10.4,8.63,0.0,0.85,0.0,False,False,True,"Soil moisture 8.6% < 30% (xylem tension collapsed, stomata shut)"
Toowoomba (Grain/Sorghum),2026-09-05T04:00,14.7,51.0,5.45,7.6,8.63,0.0,0.85,0.0,False,False,True,"Soil moisture 8.6% < 30% (xylem tension collapsed, stomata shut)"
Toowoomba (Grain/Sorghum),2026-09-05T05:00,14.3,51.0,5.39,6.0,8.67,0.0,0.85,0.0,False,False,True,"Soil moisture 8.7% < 30% (xylem tension collapsed, stomata shut)"
Toowoomba (Grain/Sorghum),2026-09-05T06:00,13.8,52.0,5.22,3.6,8.67,0.0,0.85,0.0,False,False,True,"Soil moisture 8.7% < 30% (xylem tension collapsed, stomata shut)"
Toowoomba (Grain/Sorghum),2026-09-05T07:00,15.8,50.0,5.71,3.2,8.67,0.0,0.85,0.0,False,False,True,"Soil moisture 8.7% < 30% (xylem tension collapsed, stomata shut)"
Toowoomba (Grain/Sorghum),2026-09-05T08:00,20.4,37.0,8.2,1.8,8.7,0.0,0.85,0.001,False,False,True,"Delta-T 8.2°C > 8.0°C (rapid droplet evaporation before absorption) | Soil moisture 8.7% < 30% (xylem tension collapsed, stomata shut)"
Toowoomba (Grain/Sorghum),2026-09-05T09:00,23.7,26.0,10.84,1.9,8.67,0.0,0.85,0.0,False,False,True,"Delta-T 10.8°C > 8.0°C (rapid droplet evaporation before absorption) | Soil moisture 8.7% < 30% (xylem tension collapsed, stomata shut)"
Toowoomba (Grain/Sorghum),2026-09-05T10:00,26.1,23.0,12.15,1.2,8.6,0.0,0.85,0.0,False,False,True,"Delta-T 12.2°C > 8.0°C (rapid droplet evaporation before absorption) | Soil moisture 8.6% < 30% (xylem tension collapsed, stomata shut)"
Toowoomba (Grain/Sorghum),2026-09-05T11:00,27.7,23.0,12.63,3.0,8.53,0.0,0.85,0.0,False,False,True,"Delta-T 12.6°C > 8.0°C (rapid droplet evaporation before absorption) | Soil moisture 8.5% < 30% (xylem tension collapsed, stomata shut)"
Toowoomba (Grain/Sorghum),2026-09-05T12:00,28.8,23.0,12.95,4.6,8.5,0.0,0.85,0.0,False,False,True,"Delta-T 12.9°C > 8.0°C (rapid droplet evaporation before absorption) | Soil moisture 8.5% < 30% (xylem tension collapsed, stomata shut)"
Toowoomba (Grain/Sorghum),2026-09-05T13:00,29.6,22.0,13.44,5.5,8.43,0.0,0.85,0.0,False,False,True,"Delta-T 13.4°C > 8.0°C (rapid droplet evaporation before absorption) | Soil moisture 8.4% < 30% (xylem tension collapsed, stomata shut)"
Toowoomba (Grain/Sorghum),2026-09-05T14:00,30.0,20.0,14.1,7.3,8.4,0.0,0.85,0.0,False,False,True,"Delta-T 14.1°C > 8.0°C (rapid droplet evaporation before absorption) | Soil moisture 8.4% < 30% (xylem tension collapsed, stomata shut)"
Toowoomba (Grain/Sorghum),2026-09-05T15:00,29.2,21.0,13.58,11.7,8.4,0.0,0.85,0.0,False,False,True,"Delta-T 13.6°C > 8.0°C (rapid droplet evaporation before absorption) | Soil moisture 8.4% < 30% (xylem tension collapsed, stomata shut)"
Toowoomba (Grain/Sorghum),2026-09-05T16:00,28.4,23.0,12.83,15.5,8.37,0.0,0.85,0.0,False,False,True,"Wind speed 15.5 km/h > 15 km/h limit (spray drift hazard) | Delta-T 12.8°C > 8.0°C (rapid droplet evaporation before absorption) | Soil moisture 8.4% < 30% (xylem tension collapsed, stomata shut)"
Toowoomba (Grain/Sorghum),2026-09-05T17:00,27.1,25.0,11.99,13.9,8.33,0.0,0.85,0.0,False,False,True,"Delta-T 12.0°C > 8.0°C (rapid droplet evaporation before absorption) | Soil moisture 8.3% < 30% (xylem tension collapsed, stomata shut)"
Toowoomba (Grain/Sorghum),2026-09-05T18:00,24.8,30.0,10.36,11.8,8.3,0.0,0.85,0.0,False,False,True,"Delta-T 10.4°C > 8.0°C (rapid droplet evaporation before absorption) | Soil moisture 8.3% < 30% (xylem tension collapsed, stomata shut)"
Toowoomba (Grain/Sorghum),2026-09-05T19:00,22.6,34.0,9.14,7.7,8.3,0.0,0.85,0.0,False,False,True,"Delta-T 9.1°C > 8.0°C (rapid droplet evaporation before absorption) | Soil moisture 8.3% < 30% (xylem tension collapsed, stomata shut)"
Toowoomba (Grain/Sorghum),2026-09-05T20:00,21.3,38.0,8.23,7.2,8.33,0.0,0.85,0.0,False,False,True,"Delta-T 8.2°C > 8.0°C (rapid droplet evaporation before absorption) | Soil moisture 8.3% < 30% (xylem tension collapsed, stomata shut)"
Toowoomba (Grain/Sorghum),2026-09-05T21:00,20.1,42.0,7.42,8.1,8.33,0.0,0.85,0.0,False,False,True,"Soil moisture 8.3% < 30% (xylem tension collapsed, stomata shut)"
Toowoomba (Grain/Sorghum),2026-09-05T22:00,19.5,43.0,7.17,7.9,8.33,0.0,0.85,0.0,False,False,True,"Soil moisture 8.3% < 30% (xylem tension collapsed, stomata shut)"
Toowoomba (Grain/Sorghum),2026-09-05T23:00,18.4,43.0,6.98,9.2,8.33,0.0,0.85,0.0,False,False,True,"Soil moisture 8.3% < 30% (xylem tension collapsed, stomata shut)"
Toowoomba (Grain/Sorghum),2026-09-06T00:00,18.3,45.0,6.7,11.3,8.33,0.0,0.85,0.0,False,False,True,"Soil moisture 8.3% < 30% (xylem tension collapsed, stomata shut)"
Toowoomba (Grain/Sorghum),2026-09-06T01:00,18.8,46.0,6.65,12.6,8.37,0.0,0.85,0.0,False,False,True,"Soil moisture 8.4% < 30% (xylem tension collapsed, stomata shut)"
Toowoomba (Grain/Sorghum),2026-09-06T02:00,18.7,46.0,6.64,13.2,8.37,0.0,0.85,0.0,False,False,True,"Soil moisture 8.4% < 30% (xylem tension collapsed, stomata shut)"
Toowoomba (Grain/Sorghum),2026-09-06T03:00,18.9,45.0,6.8,12.6,8.33,0.0,0.85,0.0,False,False,True,"Soil moisture 8.3% < 30% (xylem tension collapsed, stomata shut)"
Toowoomba (Grain/Sorghum),2026-09-06T04:00,19.0,48.0,6.42,14.9,8.33,0.0,0.85,0.0,False,False,True,"Soil moisture 8.3% < 30% (xylem tension collapsed, stomata shut)"
Toowoomba (Grain/Sorghum),2026-09-06T05:00,18.5,52.0,5.84,16.3,8.37,0.0,0.85,0.0,False,False,True,"Wind speed 16.3 km/h > 15 km/h limit (spray drift hazard) | Soil moisture 8.4% < 30% (xylem tension collapsed, stomata shut)"
Toowoomba (Grain/Sorghum),2026-09-06T06:00,17.8,56.0,5.25,16.8,8.33,0.0,0.85,0.0,False,False,True,"Wind speed 16.8 km/h > 15 km/h limit (spray drift hazard) | Soil moisture 8.3% < 30% (xylem tension collapsed, stomata shut)"
Toowoomba (Grain/Sorghum),2026-09-06T07:00,18.6,54.0,5.6,17.8,8.33,0.0,0.85,0.0,False,False,True,"Wind speed 17.8 km/h > 15 km/h limit (spray drift hazard) | Soil moisture 8.3% < 30% (xylem tension collapsed, stomata shut)"
Toowoomba (Grain/Sorghum),2026-09-06T08:00,20.5,47.0,6.78,18.6,8.33,0.0,0.85,0.0,False,False,True,"Wind speed 18.6 km/h > 15 km/h limit (spray drift hazard) | Soil moisture 8.3% < 30% (xylem tension collapsed, stomata shut)"
Toowoomba (Grain/Sorghum),2026-09-06T09:00,22.7,39.0,8.34,17.8,8.33,0.0,0.85,0.0,False,False,True,"Wind speed 17.8 km/h > 15 km/h limit (spray drift hazard) | Delta-T 8.3°C > 8.0°C (rapid droplet evaporation before absorption) | Soil moisture 8.3% < 30% (xylem tension collapsed, stomata shut)"
Toowoomba (Grain/Sorghum),2026-09-06T10:00,25.0,34.0,9.66,18.3,8.3,0.0,0.85,0.0,False,False,True,"Wind speed 18.3 km/h > 15 km/h limit (spray drift hazard) | Delta-T 9.7°C > 8.0°C (rapid droplet evaporation before absorption) | Soil moisture 8.3% < 30% (xylem tension collapsed, stomata shut)"
Toowoomba (Grain/Sorghum),2026-09-06T11:00,26.9,30.0,10.87,19.6,8.3,0.0,0.85,0.0,False,False,True,"Wind speed 19.6 km/h > 15 km/h limit (spray drift hazard) | Delta-T 10.9°C > 8.0°C (rapid droplet evaporation before absorption) | Soil moisture 8.3% < 30% (xylem tension collapsed, stomata shut)"
Toowoomba (Grain/Sorghum),2026-09-06T12:00,28.2,28.0,11.62,22.2,8.2,0.0,0.85,0.0,False,False,True,"Wind speed 22.2 km/h > 15 km/h limit (spray drift hazard) | Delta-T 11.6°C > 8.0°C (rapid droplet evaporation before absorption) | Soil moisture 8.2% < 30% (xylem tension collapsed, stomata shut)"
Toowoomba (Grain/Sorghum),2026-09-06T13:00,28.9,25.0,12.5,23.7,8.2,0.0,0.85,0.0,False,False,True,"Wind speed 23.7 km/h > 15 km/h limit (spray drift hazard) | Delta-T 12.5°C > 8.0°C (rapid droplet evaporation before absorption) | Soil moisture 8.2% < 30% (xylem tension collapsed, stomata shut)"
Toowoomba (Grain/Sorghum),2026-09-06T14:00,28.9,24.0,12.74,23.4,8.17,0.0,0.85,0.0,False,False,True,"Wind speed 23.4 km/h > 15 km/h limit (spray drift hazard) | Delta-T 12.7°C > 8.0°C (rapid droplet evaporation before absorption) | Soil moisture 8.2% < 30% (xylem tension collapsed, stomata shut)"
Toowoomba (Grain/Sorghum),2026-09-06T15:00,28.3,25.0,12.33,22.5,8.13,0.0,0.85,0.0,False,False,True,"Wind speed 22.5 km/h > 15 km/h limit (spray drift hazard) | Delta-T 12.3°C > 8.0°C (rapid droplet evaporation before absorption) | Soil moisture 8.1% < 30% (xylem tension collapsed, stomata shut)"
Toowoomba (Grain/Sorghum),2026-09-06T16:00,27.3,28.0,11.39,20.8,8.13,0.0,0.85,0.0,False,False,True,"Wind speed 20.8 km/h > 15 km/h limit (spray drift hazard) | Delta-T 11.4°C > 8.0°C (rapid droplet evaporation before absorption) | Soil moisture 8.1% < 30% (xylem tension collapsed, stomata shut)"
Toowoomba (Grain/Sorghum),2026-09-06T17:00,25.8,32.0,10.22,19.3,8.13,0.0,0.85,0.0,False,False,True,"Wind speed 19.3 km/h > 15 km/h limit (spray drift hazard) | Delta-T 10.2°C > 8.0°C (rapid droplet evaporation before absorption) | Soil moisture 8.1% < 30% (xylem tension collapsed, stomata shut)"
Toowoomba (Grain/Sorghum),2026-09-06T18:00,23.6,35.0,9.18,15.8,8.13,0.0,0.85,0.0,False,False,True,"Wind speed 15.8 km/h > 15 km/h limit (spray drift hazard) | Delta-T 9.2°C > 8.0°C (rapid droplet evaporation before absorption) | Soil moisture 8.1% < 30% (xylem tension collapsed, stomata shut)"
Toowoomba (Grain/Sorghum),2026-09-06T19:00,21.9,35.0,8.82,14.3,8.13,0.0,0.85,0.0,False,False,True,"Delta-T 8.8°C > 8.0°C (rapid droplet evaporation before absorption) | Soil moisture 8.1% < 30% (xylem tension collapsed, stomata shut)"
Toowoomba (Grain/Sorghum),2026-09-06T20:00,20.1,33.0,8.74,15.2,8.13,0.0,0.85,0.0,False,False,True,"Wind speed 15.2 km/h > 15 km/h limit (spray drift hazard) | Delta-T 8.7°C > 8.0°C (rapid droplet evaporation before absorption) | Soil moisture 8.1% < 30% (xylem tension collapsed, stomata shut)"
Toowoomba (Grain/Sorghum),2026-09-06T21:00,18.6,34.0,8.26,14.4,8.1,0.0,0.85,0.0,False,False,True,"Delta-T 8.3°C > 8.0°C (rapid droplet evaporation before absorption) | Soil moisture 8.1% < 30% (xylem tension collapsed, stomata shut)"
Toowoomba (Grain/Sorghum),2026-09-06T22:00,17.1,38.0,7.4,13.9,8.1,0.0,0.85,0.0,False,False,True,"Soil moisture 8.1% < 30% (xylem tension collapsed, stomata shut)"
Toowoomba (Grain/Sorghum),2026-09-06T23:00,15.3,43.0,6.45,6.3,8.13,0.0,0.85,0.0,False,False,True,"Soil moisture 8.1% < 30% (xylem tension collapsed, stomata shut)"
